year,month,Unnamed: 0,fips,state,count,avgTemp,minTemp,maxTemp,precipitation,zindex,male_under_17,male_18_to_40,male_40_to_64,male_over_65,female_under_17,female_18_to_40,female_40_to_64,female_over_65,total_population,male_population,female_population,white_population,black_population,native_american_population,asian_population,pacific_islander_population,household_income
2000,1,2000-01,50,,0,31.9,5.1,24.9,3.79,1.18,,,,,,,,,,,,,,,,,
2000,2,2000-02,50,,0,36.0,10.0,31.7,3.51,1.54,,,,,,,,,,,,,,,,,
2000,3,2000-03,50,,0,38.8,23.3,44.8,2.95,-0.49,,,,,,,,,,,,,,,,,
2000,4,2000-04,50,,0,51.0,30.6,49.0,5.93,4.16,,,,,,,,,,,,,,,,,
2000,5,2000-05,50,,0,59.3,42.1,63.7,5.7,2.19,,,,,,,,,,,,,,,,,
2000,6,2000-06,50,,0,67.3,49.8,71.0,3.89,0.1,,,,,,,,,,,,,,,,,
2000,7,2000-07,50,,0,74.0,52.2,74.0,4.95,1.78,,,,,,,,,,,,,,,,,
2000,8,2000-08,50,,0,73.0,52.9,73.7,4.33,1.11,,,,,,,,,,,,,,,,,
2000,9,2000-09,50,,0,62.0,44.4,66.6,2.65,-0.66,,,,,,,,,,,,,,,,,
2000,10,2000-10,50,,0,49.1,35.0,56.2,2.81,-0.37,,,,,,,,,,,,,,,,,
2000,11,2000-11,50,,0,29.8,28.1,41.4,3.19,-0.79,,,,,,,,,,,,,,,,,
2000,12,2000-12,50,,0,30.4,7.2,25.9,4.92,2.21,,,,,,,,,,,,,,,,,
2001,1,2001-01,50,,0,26.3,7.9,27.6,1.55,-1.93,,,,,,,,,,,,,,,,,
2001,2,2001-02,50,,0,31.7,8.9,30.0,3.07,0.78,,,,,,,,,,,,,,,,,
2001,3,2001-03,50,,0,41.4,16.2,34.3,5.62,4.01,,,,,,,,,,,,,,,,,
2001,4,2001-04,50,,0,47.0,27.9,51.8,0.99,-3.73,,,,,,,,,,,,,,,,,
2001,5,2001-05,50,,0,59.3,41.6,68.0,2.44,-2.0,,,,,,,,,,,,,,,,,
2001,6,2001-06,50,,0,67.1,51.2,75.2,3.94,-0.54,,,,,,,,,,,,,,,,,
2001,7,2001-07,50,,0,72.9,51.9,75.2,3.38,-0.76,,,,,,,,,,,,,,,,,
2001,8,2001-08,50,,0,72.4,55.2,80.5,2.25,-3.53,,,,,,,,,,,,,,,,,
2001,9,2001-09,50,,0,65.2,45.3,69.5,4.21,-0.59,,,,,,,,,,,,,,,,,
2001,10,2001-10,50,,0,52.2,36.2,59.3,2.03,-2.83,,,,,,,,,,,,,,,,,
2001,11,2001-11,50,,0,39.3,29.5,47.6,2.5,-3.38,,,,,,,,,,,,,,,,,
2001,12,2001-12,50,,0,25.0,21.7,37.9,2.38,-1.52,,,,,,,,,,,,,,,,,
2002,1,2002-01,50,,0,26.1,17.2,33.3,2.55,-0.54,,,,,,,,,,,,,,,,,
2002,2,2002-02,50,,0,29.0,12.8,35.1,3.28,1.14,,,,,,,,,,,,,,,,,
2002,3,2002-03,50,,0,36.0,20.5,38.9,3.7,1.05,,,,,,,,,,,,,,,,,
2002,4,2002-04,50,,0,49.7,32.8,53.9,4.46,1.11,,,,,,,,,,,,,,,,,
2002,5,2002-05,50,,0,56.3,37.9,60.9,4.56,1.35,,,,,,,,,,,,,,,,,
2002,6,2002-06,50,,0,68.7,49.0,72.2,7.07,4.5,,,,,,,,,,,,,,,,,
2002,7,2002-07,50,,0,76.2,54.9,78.2,3.32,-1.01,,,,,,,,,,,,,,,,,
2002,8,2002-08,50,,0,70.7,54.4,79.2,2.0,-3.38,,,,,,,,,,,,,,,,,
2002,9,2002-09,50,,0,61.0,48.3,72.6,4.99,0.11,,,,,,,,,,,,,,,,,
2002,10,2002-10,50,,0,47.0,33.8,52.0,3.73,0.25,,,,,,,,,,,,,,,,,
2002,11,2002-11,50,,0,35.9,24.8,39.8,4.76,1.65,,,,,,,,,,,,,,,,,
2002,12,2002-12,50,,0,29.3,12.7,30.4,2.84,-0.69,,,,,,,,,,,,,,,,,
2003,1,2003-01,50,,0,35.2,-0.4,19.4,2.01,-1.29,,,,,,,,,,,,,,,,,
2003,2,2003-02,50,,0,31.0,3.4,25.1,1.89,-1.26,,,,,,,,,,,,,,,,,
2003,3,2003-03,50,,0,40.3,15.8,39.9,2.69,-0.51,,,,,,,,,,,,,,,,,
2003,4,2003-04,50,,0,45.8,27.2,49.0,2.81,-0.48,,,,,,,,,,,,,,,,,
2003,5,2003-05,50,,0,57.4,40.9,62.9,4.22,0.57,,,,,,,,,,,,,,,,,
2003,6,2003-06,50,,0,66.0,50.0,73.5,3.12,-1.19,,,,,,,,,,,,,,,,,
2003,7,2003-07,50,,0,77.2,55.5,77.5,4.42,0.3,,,,,,,,,,,,,,,,,
2003,8,2003-08,50,,0,72.7,57.4,77.2,5.51,1.56,,,,,,,,,,,,,,,,,
2003,9,2003-09,50,,0,62.2,47.5,69.4,4.87,1.41,,,,,,,,,,,,,,,,,
2003,10,2003-10,50,,0,55.0,34.4,53.8,6.76,4.72,,,,,,,,,,,,,,,,,
2003,11,2003-11,50,,0,34.1,27.6,45.4,4.68,1.02,,,,,,,,,,,,,,,,,
2003,12,2003-12,50,,0,30.3,12.6,31.0,6.84,4.89,,,,,,,,,,,,,,,,,
2004,1,2004-01,50,,0,24.2,-1.8,16.2,1.2,-2.41,,,,,,,,,,,,,,,,,
2004,2,2004-02,50,,0,27.8,5.5,29.6,1.24,-2.38,,,,,,,,,,,,,,,,,
2004,3,2004-03,50,,0,45.6,22.0,41.3,1.9,-1.73,,,,,,,,,,,,,,,,,
2004,4,2004-04,50,,0,48.0,30.5,52.2,3.22,-0.47,,,,,,,,,,,,,,,,,
2004,5,2004-05,50,,0,57.0,43.1,66.8,5.06,1.12,,,,,,,,,,,,,,,,,
2004,6,2004-06,50,,0,66.1,47.1,71.7,3.24,-0.63,,,,,,,,,,,,,,,,,
2004,7,2004-07,50,,0,72.2,55.6,75.7,5.54,2.1,,,,,,,,,,,,,,,,,
2004,8,2004-08,50,,0,68.6,54.4,74.6,7.46,5.4,,,,,,,,,,,,,,,,,
2004,9,2004-09,50,,0,60.2,47.0,69.6,3.41,-0.08,,,,,,,,,,,,,,,,,
2004,10,2004-10,50,,0,48.9,34.6,56.3,1.5,-1.91,,,,,,,,,,,,,,,,,
2004,11,2004-11,50,,0,35.7,25.7,43.8,3.59,-0.25,,,,,,,,,,,,,,,,,
2004,12,2004-12,50,,0,30.1,12.1,30.7,4.49,1.61,,,,,,,,,,,,,,,,,
2005,1,2005-01,50,,0,32.6,3.8,23.9,3.0,0.08,,,,,,,,,,,,,,,,,
2005,2,2005-02,50,,0,33.5,9.6,32.5,2.41,-0.36,,,,,,,,,,,,,,,,,
2005,3,2005-03,50,,0,39.0,14.2,35.9,2.8,-0.34,,,,,,,,,,,,,,,,,
2005,4,2005-04,50,,0,45.9,30.9,55.9,5.04,2.04,,,,,,,,,,,,,,,,,
2005,5,2005-05,50,,0,56.0,38.1,59.2,2.86,-0.57,,,,,,,,,,,,,,,,,
2005,6,2005-06,50,,0,61.8,55.1,77.9,4.97,0.59,,,,,,,,,,,,,,,,,
2005,7,2005-07,50,,0,74.8,57.5,79.7,4.22,-0.07,,,,,,,,,,,,,,,,,
2005,8,2005-08,50,,0,69.0,56.0,78.0,4.09,-0.17,,,,,,,,,,,,,,,,,
2005,9,2005-09,50,,0,60.8,49.1,72.1,3.86,-0.46,,,,,,,,,,,,,,,,,
2005,10,2005-10,50,,0,50.4,40.2,55.4,10.23,8.03,,,,,,,,,,,,,,,,,
2005,11,2005-11,50,,0,39.0,27.4,46.5,5.52,2.1,,,,,,,,,,,,,,,,,
2005,12,2005-12,50,,0,29.2,13.2,29.4,3.39,0.08,,,,,,,,,,,,,,,,,
2006,1,2006-01,50,,0,29.9,17.0,34.9,4.57,2.26,,,,,,,,,,,,,,,,,
2006,2,2006-02,50,,0,31.5,12.8,29.9,2.18,-0.76,,,,,,,,,,,,,,,,,
2006,3,2006-03,50,,0,36.3,19.6,38.3,1.67,-2.08,,,,,,,,,,,,,,,,,
2006,4,2006-04,50,,0,48.4,30.8,55.2,3.25,-0.74,,,,,,,,,,,,,,,,,
2006,5,2006-05,50,,0,58.9,44.2,64.2,6.71,3.2,,,,,,,,,,,,,,,,,
2006,6,2006-06,50,,0,68.8,53.3,72.5,8.67,6.34,,,,,,,,,,,,,,,,,
2006,7,2006-07,50,,0,75.0,58.3,80.1,5.01,0.94,,,,,,,,,,,,,,,,,
2006,8,2006-08,50,,0,69.7,52.7,74.1,4.75,1.57,,,,,,,,,,,,,,,,,
2006,9,2006-09,50,,0,58.1,46.2,66.6,2.98,-0.36,,,,,,,,,,,,,,,,,
2006,10,2006-10,50,,0,47.3,35.2,53.6,7.28,5.33,,,,,,,,,,,,,,,,,
2006,11,2006-11,50,,0,38.2,32.6,48.3,3.02,-1.72,,,,,,,,,,,,,,,,,
2006,12,2006-12,50,,0,27.9,22.8,38.2,4.19,1.19,,,,,,,,,,,,,,,,,
2007,1,2007-01,50,,0,22.4,10.4,28.8,3.49,0.76,,,,,,,,,,,,,,,,,
2007,2,2007-02,50,,0,34.3,3.2,22.4,2.6,-0.03,,,,,,,,,,,,,,,,,
2007,3,2007-03,50,,0,43.0,14.4,37.2,3.59,0.88,,,,,,,,,,,,,,,,,
2007,4,2007-04,50,,0,48.3,29.6,47.9,5.16,3.15,,,,,,,,,,,,,,,,,
2007,5,2007-05,50,,0,57.7,39.9,66.6,3.03,-1.07,,,,,,,,,,,,,,,,,
2007,6,2007-06,50,,0,68.2,50.9,74.9,3.48,-0.89,,,,,,,,,,,,,,,,,
2007,7,2007-07,50,,0,76.2,53.8,75.3,5.81,2.6,,,,,,,,,,,,,,,,,
2007,8,2007-08,50,,0,72.8,52.6,76.6,3.15,-0.78,,,,,,,,,,,,,,,,,
2007,9,2007-09,50,,0,61.7,46.3,71.3,3.38,-0.66,,,,,,,,,,,,,,,,,
2007,10,2007-10,50,,0,48.9,41.0,61.2,5.66,2.04,,,,,,,,,,,,,,,,,
2007,11,2007-11,50,,0,40.6,24.5,40.4,4.73,1.59,,,,,,,,,,,,,,,,,
2007,12,2007-12,50,,0,24.6,13.7,29.2,4.75,1.97,,,,,,,,,,,,,,,,,
2008,1,2008-01,50,,0,22.8,12.2,30.8,2.39,-0.76,,,,,,,,,,,,,,,,,
2008,2,2008-02,50,,0,30.5,11.1,29.9,6.1,6.0,,,,,,,,,,,,,,,,,
2008,3,2008-03,50,,0,37.2,15.2,36.3,4.85,2.82,,,,,,,,,,,,,,,,,
2008,4,2008-04,50,,0,43.1,31.8,57.7,3.53,-0.64,,,,,,,,,,,,,,,,,
2008,5,2008-05,50,,0,52.8,36.8,63.2,1.45,-2.46,,,,,,,,,,,,,,,,,
2008,6,2008-06,50,,0,65.0,53.3,74.2,6.39,2.68,,,,,,,,,,,,,,,,,
2008,7,2008-07,50,,0,74.1,56.4,77.6,7.26,4.45,,,,,,,,,,,,,,,,,
2008,8,2008-08,50,,0,71.6,52.6,73.7,5.79,3.23,,,,,,,,,,,,,,,,,
2008,9,2008-09,50,,0,61.9,47.7,69.2,3.23,-0.33,,,,,,,,,,,,,,,,,
2008,10,2008-10,50,,0,50.4,33.7,54.5,5.14,2.73,,,,,,,,,,,,,,,,,
2008,11,2008-11,50,,0,40.9,27.3,42.1,2.85,-1.24,,,,,,,,,,,,,,,,,
2008,12,2008-12,50,,0,27.0,13.4,32.3,5.65,3.23,,,,,,,,,,,,,,,,,
2009,1,2009-01,50,VT,0,29.5,0.5,21.3,2.77,-0.23,67277.0,87861.0,113116.0,36785.0,63742.0,86246.0,116705.0,48682.0,620414.0,305039.0,315375.0,595731.0,4820.0,1713.0,6757.0,82.0,250375.0
2009,2,2009-02,50,VT,0,33.1,10.1,31.1,2.28,-0.59,67277.0,87861.0,113116.0,36785.0,63742.0,86246.0,116705.0,48682.0,620414.0,305039.0,315375.0,595731.0,4820.0,1713.0,6757.0,82.0,250375.0
2009,3,2009-03,50,VT,0,39.2,18.7,40.6,2.52,-0.77,67277.0,87861.0,113116.0,36785.0,63742.0,86246.0,116705.0,48682.0,620414.0,305039.0,315375.0,595731.0,4820.0,1713.0,6757.0,82.0,250375.0
2009,4,2009-04,50,VT,0,45.3,31.4,55.2,2.54,-1.93,67277.0,87861.0,113116.0,36785.0,63742.0,86246.0,116705.0,48682.0,620414.0,305039.0,315375.0,595731.0,4820.0,1713.0,6757.0,82.0,250375.0
2009,5,2009-05,50,VT,0,58.7,40.6,64.3,5.4,1.89,67277.0,87861.0,113116.0,36785.0,63742.0,86246.0,116705.0,48682.0,620414.0,305039.0,315375.0,595731.0,4820.0,1713.0,6757.0,82.0,250375.0
2009,6,2009-06,50,VT,0,62.0,50.2,70.3,4.91,1.54,67277.0,87861.0,113116.0,36785.0,63742.0,86246.0,116705.0,48682.0,620414.0,305039.0,315375.0,595731.0,4820.0,1713.0,6757.0,82.0,250375.0
2009,7,2009-07,50,VT,0,73.2,54.2,73.9,7.07,4.65,67277.0,87861.0,113116.0,36785.0,63742.0,86246.0,116705.0,48682.0,620414.0,305039.0,315375.0,595731.0,4820.0,1713.0,6757.0,82.0,250375.0
2009,8,2009-08,50,VT,0,69.7,55.6,76.7,4.54,0.96,67277.0,87861.0,113116.0,36785.0,63742.0,86246.0,116705.0,48682.0,620414.0,305039.0,315375.0,595731.0,4820.0,1713.0,6757.0,82.0,250375.0
2009,9,2009-09,50,VT,0,64.3,44.2,67.5,2.42,-1.0,67277.0,87861.0,113116.0,36785.0,63742.0,86246.0,116705.0,48682.0,620414.0,305039.0,315375.0,595731.0,4820.0,1713.0,6757.0,82.0,250375.0
2009,10,2009-10,50,VT,0,45.7,34.9,50.9,5.09,2.63,67277.0,87861.0,113116.0,36785.0,63742.0,86246.0,116705.0,48682.0,620414.0,305039.0,315375.0,595731.0,4820.0,1713.0,6757.0,82.0,250375.0
2009,11,2009-11,50,VT,0,39.0,30.0,48.8,4.03,-0.21,67277.0,87861.0,113116.0,36785.0,63742.0,86246.0,116705.0,48682.0,620414.0,305039.0,315375.0,595731.0,4820.0,1713.0,6757.0,82.0,250375.0
2009,12,2009-12,50,VT,0,21.6,14.3,29.4,3.86,0.73,67277.0,87861.0,113116.0,36785.0,63742.0,86246.0,116705.0,48682.0,620414.0,305039.0,315375.0,595731.0,4820.0,1713.0,6757.0,82.0,250375.0
2010,1,2010-01,50,VT,0,27.0,12.7,27.6,2.51,-0.59,68360.0,85899.0,115286.0,38125.0,64139.0,84830.0,118507.0,49112.0,624258.0,307670.0,316588.0,596947.0,5494.0,1832.0,7396.0,87.0,256612.0
2010,2,2010-02,50,VT,0,29.9,17.3,29.8,3.11,0.85,68360.0,85899.0,115286.0,38125.0,64139.0,84830.0,118507.0,49112.0,624258.0,307670.0,316588.0,596947.0,5494.0,1832.0,7396.0,87.0,256612.0
2010,3,2010-03,50,VT,0,38.0,26.2,45.6,3.94,0.72,68360.0,85899.0,115286.0,38125.0,64139.0,84830.0,118507.0,49112.0,624258.0,307670.0,316588.0,596947.0,5494.0,1832.0,7396.0,87.0,256612.0
2010,4,2010-04,50,VT,0,44.7,34.2,58.2,3.32,-1.25,68360.0,85899.0,115286.0,38125.0,64139.0,84830.0,118507.0,49112.0,624258.0,307670.0,316588.0,596947.0,5494.0,1832.0,7396.0,87.0,256612.0
2010,5,2010-05,50,VT,0,50.2,42.7,69.4,2.34,-2.3,68360.0,85899.0,115286.0,38125.0,64139.0,84830.0,118507.0,49112.0,624258.0,307670.0,316588.0,596947.0,5494.0,1832.0,7396.0,87.0,256612.0
2010,6,2010-06,50,VT,0,65.4,51.2,72.4,5.73,2.1,68360.0,85899.0,115286.0,38125.0,64139.0,84830.0,118507.0,49112.0,624258.0,307670.0,316588.0,596947.0,5494.0,1832.0,7396.0,87.0,256612.0
2010,7,2010-07,50,VT,0,73.1,58.2,80.6,3.98,-0.54,68360.0,85899.0,115286.0,38125.0,64139.0,84830.0,118507.0,49112.0,624258.0,307670.0,316588.0,596947.0,5494.0,1832.0,7396.0,87.0,256612.0
2010,8,2010-08,50,VT,0,69.3,54.4,76.4,4.52,0.55,68360.0,85899.0,115286.0,38125.0,64139.0,84830.0,118507.0,49112.0,624258.0,307670.0,316588.0,596947.0,5494.0,1832.0,7396.0,87.0,256612.0
2010,9,2010-09,50,VT,0,63.8,49.1,69.4,3.4,-0.74,68360.0,85899.0,115286.0,38125.0,64139.0,84830.0,118507.0,49112.0,624258.0,307670.0,316588.0,596947.0,5494.0,1832.0,7396.0,87.0,256612.0
2010,10,2010-10,50,VT,0,51.1,35.8,54.7,9.16,7.01,68360.0,85899.0,115286.0,38125.0,64139.0,84830.0,118507.0,49112.0,624258.0,307670.0,316588.0,596947.0,5494.0,1832.0,7396.0,87.0,256612.0
2010,11,2010-11,50,VT,0,34.8,27.2,42.9,3.17,-0.84,68360.0,85899.0,115286.0,38125.0,64139.0,84830.0,118507.0,49112.0,624258.0,307670.0,316588.0,596947.0,5494.0,1832.0,7396.0,87.0,256612.0
2010,12,2010-12,50,VT,0,32.5,13.8,27.8,4.03,0.97,68360.0,85899.0,115286.0,38125.0,64139.0,84830.0,118507.0,49112.0,624258.0,307670.0,316588.0,596947.0,5494.0,1832.0,7396.0,87.0,256612.0
2011,1,2011-01,50,VT,0,25.4,7.0,24.4,2.29,-0.9,67252.0,86153.0,115365.0,39355.0,63118.0,84123.0,119483.0,50109.0,624958.0,308125.0,316833.0,596736.0,5464.0,1802.0,7544.0,155.0,256711.0
2011,2,2011-02,50,VT,0,28.6,6.6,28.6,3.56,1.62,67252.0,86153.0,115365.0,39355.0,63118.0,84123.0,119483.0,50109.0,624958.0,308125.0,316833.0,596736.0,5464.0,1802.0,7544.0,155.0,256711.0
2011,3,2011-03,50,VT,0,39.4,17.9,37.0,4.7,2.59,67252.0,86153.0,115365.0,39355.0,63118.0,84123.0,119483.0,50109.0,624958.0,308125.0,316833.0,596736.0,5464.0,1802.0,7544.0,155.0,256711.0
2011,4,2011-04,50,VT,0,43.5,31.8,51.6,6.22,4.25,67252.0,86153.0,115365.0,39355.0,63118.0,84123.0,119483.0,50109.0,624958.0,308125.0,316833.0,596736.0,5464.0,1802.0,7544.0,155.0,256711.0
2011,5,2011-05,50,VT,0,50.8,45.9,66.5,6.77,2.97,67252.0,86153.0,115365.0,39355.0,63118.0,84123.0,119483.0,50109.0,624958.0,308125.0,316833.0,596736.0,5464.0,1802.0,7544.0,155.0,256711.0
2011,6,2011-06,50,VT,0,63.3,51.1,72.9,4.96,1.32,67252.0,86153.0,115365.0,39355.0,63118.0,84123.0,119483.0,50109.0,624958.0,308125.0,316833.0,596736.0,5464.0,1802.0,7544.0,155.0,256711.0
2011,7,2011-07,50,VT,0,71.8,56.6,80.3,3.43,-1.17,67252.0,86153.0,115365.0,39355.0,63118.0,84123.0,119483.0,50109.0,624958.0,308125.0,316833.0,596736.0,5464.0,1802.0,7544.0,155.0,256711.0
2011,8,2011-08,50,VT,1,72.5,55.3,76.4,10.08,8.29,67252.0,86153.0,115365.0,39355.0,63118.0,84123.0,119483.0,50109.0,624958.0,308125.0,316833.0,596736.0,5464.0,1802.0,7544.0,155.0,256711.0
2011,9,2011-09,50,VT,0,63.2,51.2,70.4,6.11,2.97,67252.0,86153.0,115365.0,39355.0,63118.0,84123.0,119483.0,50109.0,624958.0,308125.0,316833.0,596736.0,5464.0,1802.0,7544.0,155.0,256711.0
2011,10,2011-10,50,VT,0,50.0,39.0,56.4,4.48,1.47,67252.0,86153.0,115365.0,39355.0,63118.0,84123.0,119483.0,50109.0,624958.0,308125.0,316833.0,596736.0,5464.0,1802.0,7544.0,155.0,256711.0
2011,11,2011-11,50,VT,0,36.0,30.1,50.2,2.06,-2.98,67252.0,86153.0,115365.0,39355.0,63118.0,84123.0,119483.0,50109.0,624958.0,308125.0,316833.0,596736.0,5464.0,1802.0,7544.0,155.0,256711.0
2011,12,2011-12,50,VT,0,26.8,19.4,36.4,3.56,0.31,67252.0,86153.0,115365.0,39355.0,63118.0,84123.0,119483.0,50109.0,624958.0,308125.0,316833.0,596736.0,5464.0,1802.0,7544.0,155.0,256711.0
2012,1,2012-01,50,VT,0,31.0,12.6,30.2,2.95,0.02,66159.0,86043.0,115448.0,40779.0,62145.0,83606.0,120036.0,51282.0,625498.0,308429.0,317069.0,596251.0,5804.0,1855.0,7891.0,130.0,256830.0
2012,2,2012-02,50,VT,0,31.7,16.4,34.8,1.22,-2.41,66159.0,86043.0,115448.0,40779.0,62145.0,83606.0,120036.0,51282.0,625498.0,308429.0,317069.0,596251.0,5804.0,1855.0,7891.0,130.0,256830.0
2012,3,2012-03,50,VT,0,42.6,27.5,49.8,1.77,-3.13,66159.0,86043.0,115448.0,40779.0,62145.0,83606.0,120036.0,51282.0,625498.0,308429.0,317069.0,596251.0,5804.0,1855.0,7891.0,130.0,256830.0
2012,4,2012-04,50,VT,0,49.6,31.3,54.1,3.3,-0.6,66159.0,86043.0,115448.0,40779.0,62145.0,83606.0,120036.0,51282.0,625498.0,308429.0,317069.0,596251.0,5804.0,1855.0,7891.0,130.0,256830.0
2012,5,2012-05,50,VT,0,58.0,46.1,68.9,5.56,1.33,66159.0,86043.0,115448.0,40779.0,62145.0,83606.0,120036.0,51282.0,625498.0,308429.0,317069.0,596251.0,5804.0,1855.0,7891.0,130.0,256830.0
2012,6,2012-06,50,VT,0,68.7,50.9,73.6,3.87,-0.23,66159.0,86043.0,115448.0,40779.0,62145.0,83606.0,120036.0,51282.0,625498.0,308429.0,317069.0,596251.0,5804.0,1855.0,7891.0,130.0,256830.0
2012,7,2012-07,50,VT,0,73.2,55.7,80.3,3.54,-1.02,66159.0,86043.0,115448.0,40779.0,62145.0,83606.0,120036.0,51282.0,625498.0,308429.0,317069.0,596251.0,5804.0,1855.0,7891.0,130.0,256830.0
2012,8,2012-08,50,VT,1,73.0,54.9,79.4,3.29,-1.76,66159.0,86043.0,115448.0,40779.0,62145.0,83606.0,120036.0,51282.0,625498.0,308429.0,317069.0,596251.0,5804.0,1855.0,7891.0,130.0,256830.0
2012,9,2012-09,50,VT,0,63.6,45.4,69.0,5.51,1.47,66159.0,86043.0,115448.0,40779.0,62145.0,83606.0,120036.0,51282.0,625498.0,308429.0,317069.0,596251.0,5804.0,1855.0,7891.0,130.0,256830.0
2012,10,2012-10,50,VT,0,50.9,40.5,58.2,5.18,1.98,66159.0,86043.0,115448.0,40779.0,62145.0,83606.0,120036.0,51282.0,625498.0,308429.0,317069.0,596251.0,5804.0,1855.0,7891.0,130.0,256830.0
2012,11,2012-11,50,VT,0,41.2,24.2,42.0,1.13,-3.37,66159.0,86043.0,115448.0,40779.0,62145.0,83606.0,120036.0,51282.0,625498.0,308429.0,317069.0,596251.0,5804.0,1855.0,7891.0,130.0,256830.0
2012,12,2012-12,50,VT,0,27.8,20.4,34.5,5.03,2.36,66159.0,86043.0,115448.0,40779.0,62145.0,83606.0,120036.0,51282.0,625498.0,308429.0,317069.0,596251.0,5804.0,1855.0,7891.0,130.0,256830.0
2013,1,2013-01,50,VT,0,19.7,8.8,28.5,1.87,-1.48,65212.0,86153.0,114636.0,42543.0,61430.0,84400.0,118995.0,52535.0,625904.0,308544.0,317360.0,595862.0,6139.0,1841.0,7922.0,145.0,257004.0
2013,2,2013-02,50,VT,0,27.6,13.8,29.3,1.92,-1.21,65212.0,86153.0,114636.0,42543.0,61430.0,84400.0,118995.0,52535.0,625904.0,308544.0,317360.0,595862.0,6139.0,1841.0,7922.0,145.0,257004.0
2013,3,2013-03,50,VT,0,41.0,21.3,37.7,2.38,-0.99,65212.0,86153.0,114636.0,42543.0,61430.0,84400.0,118995.0,52535.0,625904.0,308544.0,317360.0,595862.0,6139.0,1841.0,7922.0,145.0,257004.0
2013,4,2013-04,50,VT,0,45.0,29.5,52.1,2.62,-1.31,65212.0,86153.0,114636.0,42543.0,61430.0,84400.0,118995.0,52535.0,625904.0,308544.0,317360.0,595862.0,6139.0,1841.0,7922.0,145.0,257004.0
2013,5,2013-05,50,VT,0,56.0,42.0,68.2,5.98,2.19,65212.0,86153.0,114636.0,42543.0,61430.0,84400.0,118995.0,52535.0,625904.0,308544.0,317360.0,595862.0,6139.0,1841.0,7922.0,145.0,257004.0
2013,6,2013-06,50,VT,0,69.2,51.1,72.8,7.96,5.5,65212.0,86153.0,114636.0,42543.0,61430.0,84400.0,118995.0,52535.0,625904.0,308544.0,317360.0,595862.0,6139.0,1841.0,7922.0,145.0,257004.0
2013,7,2013-07,50,VT,0,74.6,59.4,80.0,6.33,2.72,65212.0,86153.0,114636.0,42543.0,61430.0,84400.0,118995.0,52535.0,625904.0,308544.0,317360.0,595862.0,6139.0,1841.0,7922.0,145.0,257004.0
2013,8,2013-08,50,VT,0,71.0,53.0,75.2,3.41,-0.33,65212.0,86153.0,114636.0,42543.0,61430.0,84400.0,118995.0,52535.0,625904.0,308544.0,317360.0,595862.0,6139.0,1841.0,7922.0,145.0,257004.0
2013,9,2013-09,50,VT,1,61.4,45.5,67.5,4.41,1.06,65212.0,86153.0,114636.0,42543.0,61430.0,84400.0,118995.0,52535.0,625904.0,308544.0,317360.0,595862.0,6139.0,1841.0,7922.0,145.0,257004.0
2013,10,2013-10,50,VT,0,46.4,37.2,58.3,2.37,-1.14,65212.0,86153.0,114636.0,42543.0,61430.0,84400.0,118995.0,52535.0,625904.0,308544.0,317360.0,595862.0,6139.0,1841.0,7922.0,145.0,257004.0
2013,11,2013-11,50,VT,0,38.0,22.7,40.8,3.88,0.49,65212.0,86153.0,114636.0,42543.0,61430.0,84400.0,118995.0,52535.0,625904.0,308544.0,317360.0,595862.0,6139.0,1841.0,7922.0,145.0,257004.0
2013,12,2013-12,50,VT,0,23.1,13.5,29.3,3.43,0.13,65212.0,86153.0,114636.0,42543.0,61430.0,84400.0,118995.0,52535.0,625904.0,308544.0,317360.0,595862.0,6139.0,1841.0,7922.0,145.0,257004.0
2014,1,2014-01,50,VT,0,30.4,4.9,24.4,3.11,0.24,64249.0,86665.0,113207.0,44385.0,60762.0,84950.0,118047.0,54093.0,626358.0,308506.0,317852.0,595385.0,6435.0,2008.0,8200.0,214.0,257252.0
2014,2,2014-02,50,VT,0,35.7,6.7,26.5,3.18,0.97,64249.0,86665.0,113207.0,44385.0,60762.0,84950.0,118047.0,54093.0,626358.0,308506.0,317852.0,595385.0,6435.0,2008.0,8200.0,214.0,257252.0
2014,3,2014-03,50,VT,0,41.0,6.6,30.8,3.38,0.56,64249.0,86665.0,113207.0,44385.0,60762.0,84950.0,118047.0,54093.0,626358.0,308506.0,317852.0,595385.0,6435.0,2008.0,8200.0,214.0,257252.0
2014,4,2014-04,50,VT,0,46.7,28.6,52.4,3.25,-0.25,64249.0,86665.0,113207.0,44385.0,60762.0,84950.0,118047.0,54093.0,626358.0,308506.0,317852.0,595385.0,6435.0,2008.0,8200.0,214.0,257252.0
2014,5,2014-05,50,VT,0,56.5,42.2,65.0,4.68,0.86,64249.0,86665.0,113207.0,44385.0,60762.0,84950.0,118047.0,54093.0,626358.0,308506.0,317852.0,595385.0,6435.0,2008.0,8200.0,214.0,257252.0
2014,6,2014-06,50,VT,0,66.0,50.7,74.4,4.57,0.68,64249.0,86665.0,113207.0,44385.0,60762.0,84950.0,118047.0,54093.0,626358.0,308506.0,317852.0,595385.0,6435.0,2008.0,8200.0,214.0,257252.0
2014,7,2014-07,50,VT,0,74.6,55.2,77.8,6.27,3.13,64249.0,86665.0,113207.0,44385.0,60762.0,84950.0,118047.0,54093.0,626358.0,308506.0,317852.0,595385.0,6435.0,2008.0,8200.0,214.0,257252.0
2014,8,2014-08,50,VT,0,67.7,52.5,74.1,3.48,-0.11,64249.0,86665.0,113207.0,44385.0,60762.0,84950.0,118047.0,54093.0,626358.0,308506.0,317852.0,595385.0,6435.0,2008.0,8200.0,214.0,257252.0
2014,9,2014-09,50,VT,0,64.2,45.8,69.2,1.85,-2.2,64249.0,86665.0,113207.0,44385.0,60762.0,84950.0,118047.0,54093.0,626358.0,308506.0,317852.0,595385.0,6435.0,2008.0,8200.0,214.0,257252.0
2014,10,2014-10,50,VT,0,53.1,40.9,57.6,5.13,1.23,64249.0,86665.0,113207.0,44385.0,60762.0,84950.0,118047.0,54093.0,626358.0,308506.0,317852.0,595385.0,6435.0,2008.0,8200.0,214.0,257252.0
2014,11,2014-11,50,VT,0,37.7,25.5,41.2,2.55,-1.47,64249.0,86665.0,113207.0,44385.0,60762.0,84950.0,118047.0,54093.0,626358.0,308506.0,317852.0,595385.0,6435.0,2008.0,8200.0,214.0,257252.0
2014,12,2014-12,50,VT,0,31.7,20.6,33.4,4.63,1.81,64249.0,86665.0,113207.0,44385.0,60762.0,84950.0,118047.0,54093.0,626358.0,308506.0,317852.0,595385.0,6435.0,2008.0,8200.0,214.0,257252.0
2015,1,2015-01,50,VT,0,32.1,0.6,23.8,2.79,-0.21,63422.0,86760.0,112069.0,46322.0,59849.0,85505.0,116726.0,55951.0,626604.0,308573.0,318031.0,594443.0,6949.0,2018.0,8774.0,249.0,257167.0
2015,2,2015-02,50,VT,0,38.9,-6.8,17.6,1.79,-1.43,63422.0,86760.0,112069.0,46322.0,59849.0,85505.0,116726.0,55951.0,626604.0,308573.0,318031.0,594443.0,6949.0,2018.0,8774.0,249.0,257167.0
2015,3,2015-03,50,VT,0,44.9,11.2,33.4,1.34,-2.59,63422.0,86760.0,112069.0,46322.0,59849.0,85505.0,116726.0,55951.0,626604.0,308573.0,318031.0,594443.0,6949.0,2018.0,8774.0,249.0,257167.0
2015,4,2015-04,50,VT,0,47.1,28.4,50.6,2.71,-0.91,63422.0,86760.0,112069.0,46322.0,59849.0,85505.0,116726.0,55951.0,626604.0,308573.0,318031.0,594443.0,6949.0,2018.0,8774.0,249.0,257167.0
2015,5,2015-05,50,VT,0,53.8,44.5,72.7,3.06,-1.83,63422.0,86760.0,112069.0,46322.0,59849.0,85505.0,116726.0,55951.0,626604.0,308573.0,318031.0,594443.0,6949.0,2018.0,8774.0,249.0,257167.0
2015,6,2015-06,50,VT,0,70.0,49.5,70.2,8.63,6.57,63422.0,86760.0,112069.0,46322.0,59849.0,85505.0,116726.0,55951.0,626604.0,308573.0,318031.0,594443.0,6949.0,2018.0,8774.0,249.0,257167.0
2015,7,2015-07,50,VT,0,70.1,54.9,77.6,4.08,0.11,63422.0,86760.0,112069.0,46322.0,59849.0,85505.0,116726.0,55951.0,626604.0,308573.0,318031.0,594443.0,6949.0,2018.0,8774.0,249.0,257167.0
2015,8,2015-08,50,VT,0,71.0,55.5,77.8,2.95,-1.67,63422.0,86760.0,112069.0,46322.0,59849.0,85505.0,116726.0,55951.0,626604.0,308573.0,318031.0,594443.0,6949.0,2018.0,8774.0,249.0,257167.0
2015,9,2015-09,50,VT,0,65.5,49.9,74.9,4.73,0.06,63422.0,86760.0,112069.0,46322.0,59849.0,85505.0,116726.0,55951.0,626604.0,308573.0,318031.0,594443.0,6949.0,2018.0,8774.0,249.0,257167.0
2015,10,2015-10,50,VT,0,54.3,33.5,55.0,3.48,0.13,63422.0,86760.0,112069.0,46322.0,59849.0,85505.0,116726.0,55951.0,626604.0,308573.0,318031.0,594443.0,6949.0,2018.0,8774.0,249.0,257167.0
2015,11,2015-11,50,VT,0,34.5,29.0,49.3,1.81,-3.2,63422.0,86760.0,112069.0,46322.0,59849.0,85505.0,116726.0,55951.0,626604.0,308573.0,318031.0,594443.0,6949.0,2018.0,8774.0,249.0,257167.0
2015,12,2015-12,50,VT,0,26.6,28.1,42.1,5.07,2.04,63422.0,86760.0,112069.0,46322.0,59849.0,85505.0,116726.0,55951.0,626604.0,308573.0,318031.0,594443.0,6949.0,2018.0,8774.0,249.0,257167.0
2016,1,2016-01,50,VT,0,26.6,11.9,29.9,1.62,-1.83,62628.0,87319.0,110481.0,48283.0,59063.0,85966.0,114599.0,57910.0,626249.0,308711.0,317538.0,592965.0,7404.0,1984.0,9212.0,206.0,257107.0
2016,2,2016-02,50,VT,0,33.7,13.7,34.0,4.71,3.61,62628.0,87319.0,110481.0,48283.0,59063.0,85966.0,114599.0,57910.0,626249.0,308711.0,317538.0,592965.0,7404.0,1984.0,9212.0,206.0,257107.0
2016,3,2016-03,50,VT,0,42.2,23.1,44.0,2.96,-0.38,62628.0,87319.0,110481.0,48283.0,59063.0,85966.0,114599.0,57910.0,626249.0,308711.0,317538.0,592965.0,7404.0,1984.0,9212.0,206.0,257107.0
2016,4,2016-04,50,VT,0,47.9,25.6,50.8,2.6,-0.83,62628.0,87319.0,110481.0,48283.0,59063.0,85966.0,114599.0,57910.0,626249.0,308711.0,317538.0,592965.0,7404.0,1984.0,9212.0,206.0,257107.0
2016,5,2016-05,50,VT,0,54.4,41.9,66.2,2.74,-1.52,62628.0,87319.0,110481.0,48283.0,59063.0,85966.0,114599.0,57910.0,626249.0,308711.0,317538.0,592965.0,7404.0,1984.0,9212.0,206.0,257107.0
2016,6,2016-06,50,VT,1,70.9,49.6,74.4,3.29,-1.12,62628.0,87319.0,110481.0,48283.0,59063.0,85966.0,114599.0,57910.0,626249.0,308711.0,317538.0,592965.0,7404.0,1984.0,9212.0,206.0,257107.0
2016,7,2016-07,50,VT,1,73.7,55.4,79.3,3.83,-0.76,62628.0,87319.0,110481.0,48283.0,59063.0,85966.0,114599.0,57910.0,626249.0,308711.0,317538.0,592965.0,7404.0,1984.0,9212.0,206.0,257107.0
2016,8,2016-08,50,VT,0,70.1,56.2,78.8,4.82,0.17,62628.0,87319.0,110481.0,48283.0,59063.0,85966.0,114599.0,57910.0,626249.0,308711.0,317538.0,592965.0,7404.0,1984.0,9212.0,206.0,257107.0
2016,9,2016-09,50,VT,0,61.1,47.7,72.2,2.12,-2.85,62628.0,87319.0,110481.0,48283.0,59063.0,85966.0,114599.0,57910.0,626249.0,308711.0,317538.0,592965.0,7404.0,1984.0,9212.0,206.0,257107.0
2016,10,2016-10,50,VT,0,53.2,38.5,56.9,3.55,-1.15,62628.0,87319.0,110481.0,48283.0,59063.0,85966.0,114599.0,57910.0,626249.0,308711.0,317538.0,592965.0,7404.0,1984.0,9212.0,206.0,257107.0
2016,11,2016-11,50,VT,0,41.6,28.4,45.2,2.78,-2.18,62628.0,87319.0,110481.0,48283.0,59063.0,85966.0,114599.0,57910.0,626249.0,308711.0,317538.0,592965.0,7404.0,1984.0,9212.0,206.0,257107.0
2016,12,2016-12,50,VT,0,27.4,15.7,32.2,3.6,0.37,62628.0,87319.0,110481.0,48283.0,59063.0,85966.0,114599.0,57910.0,626249.0,308711.0,317538.0,592965.0,7404.0,1984.0,9212.0,206.0,257107.0
2017,1,2017-01,50,VT,0,25.9,17.1,32.6,2.53,-0.57,61721.0,87621.0,108649.0,50035.0,58059.0,86259.0,112776.0,59516.0,624636.0,308026.0,316610.0,590499.0,7921.0,2072.0,9680.0,206.0,258535.0
2017,2,2017-02,50,VT,0,36.5,16.0,35.2,2.84,0.38,61721.0,87621.0,108649.0,50035.0,58059.0,86259.0,112776.0,59516.0,624636.0,308026.0,316610.0,590499.0,7921.0,2072.0,9680.0,206.0,258535.0
2017,3,2017-03,50,VT,0,45.3,13.9,33.1,3.3,0.43,61721.0,87621.0,108649.0,50035.0,58059.0,86259.0,112776.0,59516.0,624636.0,308026.0,316610.0,590499.0,7921.0,2072.0,9680.0,206.0,258535.0
2017,4,2017-04,50,VT,0,46.0,34.3,56.0,4.19,0.33,61721.0,87621.0,108649.0,50035.0,58059.0,86259.0,112776.0,59516.0,624636.0,308026.0,316610.0,590499.0,7921.0,2072.0,9680.0,206.0,258535.0
2017,5,2017-05,50,VT,0,55.6,41.4,62.1,5.72,2.38,61721.0,87621.0,108649.0,50035.0,58059.0,86259.0,112776.0,59516.0,624636.0,308026.0,316610.0,590499.0,7921.0,2072.0,9680.0,206.0,258535.0
2017,6,2017-06,50,VT,0,69.5,50.1,72.8,6.46,3.5,61721.0,87621.0,108649.0,50035.0,58059.0,86259.0,112776.0,59516.0,624636.0,308026.0,316610.0,590499.0,7921.0,2072.0,9680.0,206.0,258535.0
2017,7,2017-07,50,VT,0,75.0,54.6,75.9,4.23,0.47,61721.0,87621.0,108649.0,50035.0,58059.0,86259.0,112776.0,59516.0,624636.0,308026.0,316610.0,590499.0,7921.0,2072.0,9680.0,206.0,258535.0
2017,8,2017-08,50,VT,0,71.6,51.6,75.0,3.55,-0.2,61721.0,87621.0,108649.0,50035.0,58059.0,86259.0,112776.0,59516.0,624636.0,308026.0,316610.0,590499.0,7921.0,2072.0,9680.0,206.0,258535.0
2017,9,2017-09,50,VT,1,60.7,49.3,72.4,2.93,-1.48,61721.0,87621.0,108649.0,50035.0,58059.0,86259.0,112776.0,59516.0,624636.0,308026.0,316610.0,590499.0,7921.0,2072.0,9680.0,206.0,258535.0
2017,10,2017-10,50,VT,1,48.1,41.5,64.5,5.26,1.01,61721.0,87621.0,108649.0,50035.0,58059.0,86259.0,112776.0,59516.0,624636.0,308026.0,316610.0,590499.0,7921.0,2072.0,9680.0,206.0,258535.0
2017,11,2017-11,50,VT,0,43.0,24.0,42.0,2.19,-1.92,61721.0,87621.0,108649.0,50035.0,58059.0,86259.0,112776.0,59516.0,624636.0,308026.0,316610.0,590499.0,7921.0,2072.0,9680.0,206.0,258535.0
2017,12,2017-12,50,VT,0,31.4,9.8,26.0,3.1,-0.33,61721.0,87621.0,108649.0,50035.0,58059.0,86259.0,112776.0,59516.0,624636.0,308026.0,316610.0,590499.0,7921.0,2072.0,9680.0,206.0,258535.0
2018,1,2018-01,50,VT,0,32.8,7.0,26.0,3.49,0.76,61016.0,88291.0,106819.0,51847.0,57330.0,86721.0,111250.0,61703.0,624977.0,307973.0,317004.0,589546.0,8058.0,2106.0,10579.0,184.0,259589.0
2018,2,2018-02,50,VT,0,32.2,15.4,35.7,2.95,0.57,61016.0,88291.0,106819.0,51847.0,57330.0,86721.0,111250.0,61703.0,624977.0,307973.0,317004.0,589546.0,8058.0,2106.0,10579.0,184.0,259589.0
2018,3,2018-03,50,VT,0,39.2,20.0,36.4,3.03,0.02,61016.0,88291.0,106819.0,51847.0,57330.0,86721.0,111250.0,61703.0,624977.0,307973.0,317004.0,589546.0,8058.0,2106.0,10579.0,184.0,259589.0
2018,4,2018-04,50,VT,0,49.0,27.1,45.0,4.7,2.93,61016.0,88291.0,106819.0,51847.0,57330.0,86721.0,111250.0,61703.0,624977.0,307973.0,317004.0,589546.0,8058.0,2106.0,10579.0,184.0,259589.0
2018,5,2018-05,50,VT,0,58.3,42.9,70.1,1.99,-2.79,61016.0,88291.0,106819.0,51847.0,57330.0,86721.0,111250.0,61703.0,624977.0,307973.0,317004.0,589546.0,8058.0,2106.0,10579.0,184.0,259589.0
2018,6,2018-06,50,VT,0,69.1,47.8,72.4,3.85,-0.38,61016.0,88291.0,106819.0,51847.0,57330.0,86721.0,111250.0,61703.0,624977.0,307973.0,317004.0,589546.0,8058.0,2106.0,10579.0,184.0,259589.0
2018,7,2018-07,50,VT,0,76.1,56.8,81.7,4.35,-0.4,61016.0,88291.0,106819.0,51847.0,57330.0,86721.0,111250.0,61703.0,624977.0,307973.0,317004.0,589546.0,8058.0,2106.0,10579.0,184.0,259589.0
2018,8,2018-08,50,VT,0,72.4,58.4,78.5,4.2,-0.85,61016.0,88291.0,106819.0,51847.0,57330.0,86721.0,111250.0,61703.0,624977.0,307973.0,317004.0,589546.0,8058.0,2106.0,10579.0,184.0,259589.0
2018,9,2018-09,50,VT,1,65.8,50.6,70.7,4.03,-0.76,61016.0,88291.0,106819.0,51847.0,57330.0,86721.0,111250.0,61703.0,624977.0,307973.0,317004.0,589546.0,8058.0,2106.0,10579.0,184.0,259589.0
2018,10,2018-10,50,VT,0,47.5,37.1,51.9,4.4,0.78,61016.0,88291.0,106819.0,51847.0,57330.0,86721.0,111250.0,61703.0,624977.0,307973.0,317004.0,589546.0,8058.0,2106.0,10579.0,184.0,259589.0
2018,11,2018-11,50,VT,0,35.0,23.5,36.6,6.33,3.81,61016.0,88291.0,106819.0,51847.0,57330.0,86721.0,111250.0,61703.0,624977.0,307973.0,317004.0,589546.0,8058.0,2106.0,10579.0,184.0,259589.0
2018,12,2018-12,50,VT,0,27.4,14.0,32.0,3.75,0.58,61016.0,88291.0,106819.0,51847.0,57330.0,86721.0,111250.0,61703.0,624977.0,307973.0,317004.0,589546.0,8058.0,2106.0,10579.0,184.0,259589.0
2019,1,2019-01,50,VT,0,27.0,4.9,25.0,5.05,2.93,60099.0,89278.0,104985.0,53735.0,56555.0,86771.0,109361.0,63529.0,624313.0,308097.0,316216.0,587883.0,8502.0,2132.0,10461.0,325.0,260029.0
2019,2,2019-02,50,VT,0,27.2,9.0,29.0,2.71,0.16,60099.0,89278.0,104985.0,53735.0,56555.0,86771.0,109361.0,63529.0,624313.0,308097.0,316216.0,587883.0,8502.0,2132.0,10461.0,325.0,260029.0
2019,3,2019-03,50,VT,0,38.2,14.8,37.0,2.06,-1.48,60099.0,89278.0,104985.0,53735.0,56555.0,86771.0,109361.0,63529.0,624313.0,308097.0,316216.0,587883.0,8502.0,2132.0,10461.0,325.0,260029.0
2019,4,2019-04,50,VT,0,48.6,31.3,51.2,5.59,3.34,60099.0,89278.0,104985.0,53735.0,56555.0,86771.0,109361.0,63529.0,624313.0,308097.0,316216.0,587883.0,8502.0,2132.0,10461.0,325.0,260029.0
2019,5,2019-05,50,VT,0,50.5,40.7,60.8,5.66,2.46,60099.0,89278.0,104985.0,53735.0,56555.0,86771.0,109361.0,63529.0,624313.0,308097.0,316216.0,587883.0,8502.0,2132.0,10461.0,325.0,260029.0
2019,6,2019-06,50,VT,0,63.6,48.2,72.8,5.61,2.48,60099.0,89278.0,104985.0,53735.0,56555.0,86771.0,109361.0,63529.0,624313.0,308097.0,316216.0,587883.0,8502.0,2132.0,10461.0,325.0,260029.0
2019,7,2019-07,50,VT,0,73.3,56.8,81.0,3.39,-1.29,60099.0,89278.0,104985.0,53735.0,56555.0,86771.0,109361.0,63529.0,624313.0,308097.0,316216.0,587883.0,8502.0,2132.0,10461.0,325.0,260029.0
2019,8,2019-08,50,VT,0,72.8,52.4,76.8,3.79,-0.58,60099.0,89278.0,104985.0,53735.0,56555.0,86771.0,109361.0,63529.0,624313.0,308097.0,316216.0,587883.0,8502.0,2132.0,10461.0,325.0,260029.0
2019,9,2019-09,50,VT,0,63.1,45.0,68.5,3.18,-1.08,60099.0,89278.0,104985.0,53735.0,56555.0,86771.0,109361.0,63529.0,624313.0,308097.0,316216.0,587883.0,8502.0,2132.0,10461.0,325.0,260029.0
2019,10,2019-10,50,VT,0,42.9,37.4,57.2,6.83,3.47,60099.0,89278.0,104985.0,53735.0,56555.0,86771.0,109361.0,63529.0,624313.0,308097.0,316216.0,587883.0,8502.0,2132.0,10461.0,325.0,260029.0
2019,11,2019-11,50,VT,0,38.5,21.2,37.5,3.98,0.63,60099.0,89278.0,104985.0,53735.0,56555.0,86771.0,109361.0,63529.0,624313.0,308097.0,316216.0,587883.0,8502.0,2132.0,10461.0,325.0,260029.0
2019,12,2019-12,50,VT,0,28.8,14.8,31.9,3.55,0.3,60099.0,89278.0,104985.0,53735.0,56555.0,86771.0,109361.0,63529.0,624313.0,308097.0,316216.0,587883.0,8502.0,2132.0,10461.0,325.0,260029.0
2020,1,2020-01,50,VT,0,28.7,14.7,32.2,2.82,-0.16,59816.0,90186.0,103029.0,55410.0,55816.0,86872.0,107749.0,65462.0,624340.0,308441.0,315899.0,584360.0,7964.0,1873.0,10126.0,205.0,262852.0
2020,2,2020-02,50,VT,0,31.1,12.7,32.1,3.23,1.05,59816.0,90186.0,103029.0,55410.0,55816.0,86872.0,107749.0,65462.0,624340.0,308441.0,315899.0,584360.0,7964.0,1873.0,10126.0,205.0,262852.0
2020,3,2020-03,50,VT,0,40.8,23.0,43.1,2.93,-0.32,59816.0,90186.0,103029.0,55410.0,55816.0,86872.0,107749.0,65462.0,624340.0,308441.0,315899.0,584360.0,7964.0,1873.0,10126.0,205.0,262852.0
2020,4,2020-04,50,VT,0,47.4,28.6,48.9,3.94,1.18,59816.0,90186.0,103029.0,55410.0,55816.0,86872.0,107749.0,65462.0,624340.0,308441.0,315899.0,584360.0,7964.0,1873.0,10126.0,205.0,262852.0
2020,5,2020-05,50,VT,0,59.0,40.1,65.2,2.95,-1.06,59816.0,90186.0,103029.0,55410.0,55816.0,86872.0,107749.0,65462.0,624340.0,308441.0,315899.0,584360.0,7964.0,1873.0,10126.0,205.0,262852.0
2020,6,2020-06,50,VT,0,65.4,50.0,75.6,2.38,-2.4,59816.0,90186.0,103029.0,55410.0,55816.0,86872.0,107749.0,65462.0,624340.0,308441.0,315899.0,584360.0,7964.0,1873.0,10126.0,205.0,262852.0
2020,7,2020-07,50,VT,0,73.7,59.8,82.0,4.07,-1.21,59816.0,90186.0,103029.0,55410.0,55816.0,86872.0,107749.0,65462.0,624340.0,308441.0,315899.0,584360.0,7964.0,1873.0,10126.0,205.0,262852.0
2020,8,2020-08,50,VT,0,75.8,53.9,76.6,4.35,-0.42,59816.0,90186.0,103029.0,55410.0,55816.0,86872.0,107749.0,65462.0,624340.0,308441.0,315899.0,584360.0,7964.0,1873.0,10126.0,205.0,262852.0
2020,9,2020-09,50,VT,0,63.9,44.7,69.6,2.63,-2.16,59816.0,90186.0,103029.0,55410.0,55816.0,86872.0,107749.0,65462.0,624340.0,308441.0,315899.0,584360.0,7964.0,1873.0,10126.0,205.0,262852.0
2020,10,2020-10,50,VT,0,52.8,36.9,56.0,4.52,0.13,59816.0,90186.0,103029.0,55410.0,55816.0,86872.0,107749.0,65462.0,624340.0,308441.0,315899.0,584360.0,7964.0,1873.0,10126.0,205.0,262852.0
2020,11,2020-11,50,VT,0,38.8,27.9,47.9,2.91,-1.62,59816.0,90186.0,103029.0,55410.0,55816.0,86872.0,107749.0,65462.0,624340.0,308441.0,315899.0,584360.0,7964.0,1873.0,10126.0,205.0,262852.0
2020,12,2020-12,50,VT,0,27.2,19.5,35.1,3.48,0.2,59816.0,90186.0,103029.0,55410.0,55816.0,86872.0,107749.0,65462.0,624340.0,308441.0,315899.0,584360.0,7964.0,1873.0,10126.0,205.0,262852.0
2021,1,2021-01,50,,0,28.1,13.6,27.4,2.17,-1.07,,,,,,,,,,,,,,,,,
2021,2,2021-02,50,,0,32.2,9.7,28.0,2.21,-0.71,,,,,,,,,,,,,,,,,
2021,3,2021-03,50,,0,38.4,18.5,43.4,1.53,-2.3,,,,,,,,,,,,,,,,,
2021,4,2021-04,50,,0,47.4,32.0,54.4,3.89,0.24,,,,,,,,,,,,,,,,,
2021,5,2021-05,50,,0,57.1,41.1,65.6,2.51,-1.69,,,,,,,,,,,,,,,,,
2021,6,2021-06,50,,0,71.9,53.5,77.3,2.97,-2.17,,,,,,,,,,,,,,,,,
2021,7,2021-07,50,,0,76.2,55.9,73.8,7.55,4.57,,,,,,,,,,,,,,,,,
2021,8,2021-08,50,,0,70.9,59.0,78.7,3.67,-0.69,,,,,,,,,,,,,,,,,
2021,9,2021-09,50,,1,64.4,49.1,69.9,3.9,-0.11,,,,,,,,,,,,,,,,,
2021,10,2021-10,50,,0,47.9,43.0,60.1,4.83,1.16,,,,,,,,,,,,,,,,,
2021,11,2021-11,50,,0,42.5,25.3,43.4,3.31,-0.57,,,,,,,,,,,,,,,,,
2021,12,2021-12,50,,0,31.1,20.1,36.3,3.07,-0.37,,,,,,,,,,,,,,,,,
2022,1,2022-01,50,,0,29.4,0.3,23.9,1.43,-2.09,,,,,,,,,,,,,,,,,
2022,2,2022-02,50,,0,29.5,9.4,32.7,4.05,2.47,,,,,,,,,,,,,,,,,
2022,3,2022-03,50,,0,40.1,20.6,40.7,3.13,0.17,,,,,,,,,,,,,,,,,
2022,4,2022-04,50,,0,46.3,30.7,51.9,4.92,2.26,,,,,,,,,,,,,,,,,
2022,5,2022-05,50,,0,54.7,43.4,70.2,3.24,-1.34,,,,,,,,,,,,,,,,,
2022,6,2022-06,50,,0,67.6,49.7,72.8,3.29,-0.95,,,,,,,,,,,,,,,,,
2022,7,2022-07,50,,0,75.5,54.8,80.0,3.77,-0.77,,,,,,,,,,,,,,,,,
2022,8,2022-08,50,,0,72.3,56.9,79.6,3.53,-1.76,,,,,,,,,,,,,,,,,
2022,9,2022-09,50,,0,66.7,47.7,67.6,5.49,1.32,,,,,,,,,,,,,,,,,
2022,10,2022-10,50,,0,51.0,35.3,60.5,2.93,-0.74,,,,,,,,,,,,,,,,,
2022,11,2022-11,50,,0,32.1,28.7,48.2,3.61,-0.67,,,,,,,,,,,,,,,,,
2022,12,2022-12,50,,0,28.0,19.1,35.1,4.35,1.42,,,,,,,,,,,,,,,,,
