DateTime, Common cold[en]
2008-01-01, 1734
2008-01-02, 2836
2008-01-03, 3669
2008-01-04, 3429
2008-01-05, 2559
2008-01-06, 2554
2008-01-07, 3627
2008-01-08, 3555
2008-01-09, 2940
2008-01-10, 3061
2008-01-11, 2659
2008-01-12, 1931
2008-01-13, 2297
2008-01-14, 3035
2008-01-15, 2960
2008-01-16, 2848
2008-01-17, 2952
2008-01-18, 2513
2008-01-19, 1924
2008-01-20, 2063
2008-01-21, 2937
2008-01-22, 2970
2008-01-23, 3049
2008-01-24, 2892
2008-01-25, 2769
2008-01-26, 2249
2008-01-27, 2273
2008-01-28, 3173
2008-01-29, 3371
2008-01-30, 3102
2008-01-31, 3156
2008-02-01, 2817
2008-02-02, 2236
2008-02-03, 2453
2008-02-04, 3313
2008-02-05, 3451
2008-02-06, 3171
2008-02-07, 3479
2008-02-08, 2929
2008-02-09, 2333
2008-02-10, 2421
2008-02-11, 3683
2008-02-12, 3601
2008-02-13, 3462
2008-02-14, 3033
2008-02-15, 2869
2008-02-16, 2345
2008-02-17, 2534
2008-02-18, 3330
2008-02-19, 3648
2008-02-20, 3443
2008-02-21, 3566
2008-02-22, 2991
2008-02-23, 2316
2008-02-24, 2397
2008-02-25, 3268
2008-02-26, 3321
2008-02-27, 3153
2008-02-28, 3322
2008-02-29, 2750
2008-03-01, 2101
2008-03-02, 2294
2008-03-03, 1830
2008-03-04, 1293
2008-03-05, 3131
2008-03-06, 2997
2008-03-07, 2686
2008-03-08, 2016
2008-03-09, 2105
2008-03-10, 3020
2008-03-11, 3092
2008-03-12, 3011
2008-03-13, 2959
2008-03-14, 2439
2008-03-15, 1670
2008-03-16, 1993
2008-03-17, 2583
2008-03-18, 2502
2008-03-19, 2621
2008-03-20, 2221
2008-03-21, 1866
2008-03-22, 1602
2008-03-23, 1889
2008-03-24, 2510
2008-03-25, 2769
2008-03-26, 2609
2008-03-27, 2689
2008-03-28, 2344
2008-03-29, 1734
2008-03-30, 1927
2008-03-31, 2586
2008-04-01, 2689
2008-04-02, 2541
2008-04-03, 2539
2008-04-04, 2071
2008-04-05, 1606
2008-04-06, 1798
2008-04-07, 2782
2008-04-08, 2670
2008-04-09, 2608
2008-04-10, 2357
2008-04-11, 2157
2008-04-12, 1600
2008-04-13, 1804
2008-04-14, 2516
2008-04-15, 2541
2008-04-16, 2508
2008-04-17, 2350
2008-04-18, 2108
2008-04-19, 1556
2008-04-20, 1830
2008-04-21, 2494
2008-04-22, 2360
2008-04-23, 2168
2008-04-24, 2315
2008-04-25, 2066
2008-04-26, 1372
2008-04-27, 1773
2008-04-28, 2486
2008-04-29, 2452
2008-04-30, 2295
2008-05-01, 2237
2008-05-02, 1855
2008-05-03, 1466
2008-05-04, 1731
2008-05-05, 2224
2008-05-06, 2503
2008-05-07, 2398
2008-05-08, 2323
2008-05-09, 1799
2008-05-10, 1444
2008-05-11, 1479
2008-05-12, 2372
2008-05-13, 2478
2008-05-14, 2385
2008-05-15, 2229
2008-05-16, 2078
2008-05-17, 1427
2008-05-18, 1701
2008-05-19, 2451
2008-05-20, 2551
2008-05-21, 2366
2008-05-22, 2260
2008-05-23, 1855
2008-05-24, 1402
2008-05-25, 1486
2008-05-26, 2035
2008-05-27, 2227
2008-05-28, 2299
2008-05-29, 2098
2008-05-30, 1961
2008-05-31, 1517
2008-06-01, 1470
2008-06-02, 2198
2008-06-03, 2081
2008-06-04, 1975
2008-06-05, 1808
2008-06-06, 1561
2008-06-07, 1341
2008-06-08, 1344
2008-06-09, 1896
2008-06-10, 1906
2008-06-11, 1848
2008-06-12, 1784
2008-06-13, 1610
2008-06-14, 1234
2008-06-15, 1462
2008-06-16, 1862
2008-06-17, 1940
2008-06-18, 1960
2008-06-19, 1924
2008-06-20, 1518
2008-06-21, 1273
2008-06-22, 1459
2008-06-23, 2041
2008-06-24, 2015
2008-06-25, 1809
2008-06-26, 2083
2008-06-27, 1444
2008-06-28, 1107
2008-06-29, 1436
2008-06-30, 1797
2008-07-01, 1832
2008-07-02, 1841
2008-07-03, 1701
2008-07-04, 1397
2008-07-05, 1219
2008-07-06, 1262
2008-07-07, 1693
2008-07-08, 1721
2008-07-09, 1596
2008-07-10, 1569
2008-07-11, 1272
2008-07-12, 1052
2008-07-13, 1108
2008-07-14, 1729
2008-07-15, 1650
2008-07-16, 1555
2008-07-17, 1614
2008-07-18, 1299
2008-07-19, 1041
2008-07-20, 1269
2008-07-21, 1648
2008-07-22, 1647
2008-07-23, 1665
2008-07-24, 1630
2008-07-25, 1349
2008-07-26, 1142
2008-07-27, 1161
2008-07-28, 1773
2008-07-29, 1764
2008-07-30, 1696
2008-07-31, 1464
2008-08-01, 1294
2008-08-02, 1083
2008-08-03, 1157
2008-08-04, 1647
2008-08-05, 1653
2008-08-06, 1669
2008-08-07, 1495
2008-08-08, 1321
2008-08-09, 1237
2008-08-10, 1149
2008-08-11, 1721
2008-08-12, 1815
2008-08-13, 1768
2008-08-14, 1605
2008-08-15, 1233
2008-08-16, 999
2008-08-17, 1257
2008-08-18, 1817
2008-08-19, 1882
2008-08-20, 1485
2008-08-21, 1577
2008-08-22, 1593
2008-08-23, 1300
2008-08-24, 1521
2008-08-25, 1981
2008-08-26, 1979
2008-08-27, 2037
2008-08-28, 2078
2008-08-29, 1548
2008-08-30, 1530
2008-08-31, 1506
2008-09-01, 2014
2008-09-02, 2162
2008-09-03, 2320
2008-09-04, 2252
2008-09-05, 2092
2008-09-06, 1813
2008-09-07, 2102
2008-09-08, 2502
2008-09-09, 2829
2008-09-10, 2596
2008-09-11, 2842
2008-09-12, 2424
2008-09-13, 1875
2008-09-14, 2429
2008-09-15, 3099
2008-09-16, 3258
2008-09-17, 3354
2008-09-18, 3081
2008-09-19, 2934
2008-09-20, 2586
2008-09-21, 3103
2008-09-22, 3834
2008-09-23, 3905
2008-09-24, 3714
2008-09-25, 3612
2008-09-26, 3000
2008-09-27, 2483
2008-09-28, 2783
2008-09-29, 3542
2008-09-30, 3302
2008-10-01, 3572
2008-10-02, 3478
2008-10-03, 3196
2008-10-04, 2602
2008-10-05, 2716
2008-10-06, 3814
2008-10-07, 3974
2008-10-08, 3669
2008-10-09, 3500
2008-10-10, 2966
2008-10-11, 2140
2008-10-12, 2501
2008-10-13, 3091
2008-10-14, 3294
2008-10-15, 3267
2008-10-16, 3272
2008-10-17, 2753
2008-10-18, 2086
2008-10-19, 2427
2008-10-20, 3371
2008-10-21, 1342
2008-10-22, 2062
2008-10-23, 3323
2008-10-24, 2911
2008-10-25, 2245
2008-10-26, 2455
2008-10-27, 3422
2008-10-28, 3531
2008-10-29, 3587
2008-10-30, 3351
2008-10-31, 2902
2008-11-01, 1984
2008-11-02, 2502
2008-11-03, 3464
2008-11-04, 3370
2008-11-05, 2851
2008-11-06, 3138
2008-11-07, 2694
2008-11-08, 2247
2008-11-09, 2640
2008-11-10, 3616
2008-11-11, 3282
2008-11-12, 3976
2008-11-13, 3572
2008-11-14, 3167
2008-11-15, 2227
2008-11-16, 2599
2008-11-17, 3688
2008-11-18, 3737
2008-11-19, 3588
2008-11-20, 3784
2008-11-21, 3153
2008-11-22, 2500
2008-11-23, 2922
2008-11-24, 3957
2008-11-25, 3740
2008-11-26, 2953
2008-11-27, 2784
2008-11-28, 2602
2008-11-29, 2539
2008-11-30, 3126
2008-12-01, 4301
2008-12-02, 4428
2008-12-03, 4453
2008-12-04, 4063
2008-12-05, 3778
2008-12-06, 3028
2008-12-07, 3091
2008-12-08, 4020
2008-12-09, 4255
2008-12-10, 4767
2008-12-11, 4033
2008-12-12, 3675
2008-12-13, 3006
2008-12-14, 3329
2008-12-15, 4344
2008-12-16, 4372
2008-12-17, 4294
2008-12-18, 4207
2008-12-19, 3465
2008-12-20, 2851
2008-12-21, 3003
2008-12-22, 3905
2008-12-23, 3520
2008-12-24, 2889
2008-12-25, 1886
2008-12-26, 2462
2008-12-27, 2783
2008-12-28, 2631
2008-12-29, 3215
2008-12-30, 3398
2008-12-31, 2863
2009-01-01, 2028
2009-01-02, 3237
2009-01-03, 3201
2009-01-04, 3400
2009-01-05, 4211
2009-01-06, 4227
2009-01-07, 4117
2009-01-08, 3742
2009-01-09, 3545
2009-01-10, 2646
2009-01-11, 2946
2009-01-12, 3920
2009-01-13, 3912
2009-01-14, 3684
2009-01-15, 3771
2009-01-16, 3274
2009-01-17, 2627
2009-01-18, 2850
2009-01-19, 3525
2009-01-20, 3393
2009-01-21, 4266
2009-01-22, 3994
2009-01-23, 3283
2009-01-24, 2490
2009-01-25, 2901
2009-01-26, 3788
2009-01-27, 4189
2009-01-28, 3857
2009-01-29, 4127
2009-01-30, 3621
2009-01-31, 2864
2009-02-01, 3031
2009-02-02, 3588
2009-02-03, 4145
2009-02-04, 4146
2009-02-05, 3989
2009-02-06, 3675
2009-02-07, 2672
2009-02-08, 3155
2009-02-09, 3958
2009-02-10, 5215
2009-02-11, 4578
2009-02-12, 4080
2009-02-13, 4242
2009-02-14, 2942
2009-02-15, 3361
2009-02-16, 4096
2009-02-17, 4127
2009-02-18, 4197
2009-02-19, 4124
2009-02-20, 3907
2009-02-21, 2953
2009-02-22, 3467
2009-02-23, 4213
2009-02-24, 4356
2009-02-25, 4439
2009-02-26, 4361
2009-02-27, 3821
2009-02-28, 2765
2009-03-01, 3204
2009-03-02, 4185
2009-03-03, 4136
2009-03-04, 4189
2009-03-05, 3896
2009-03-06, 3440
2009-03-07, 2488
2009-03-08, 3172
2009-03-09, 3826
2009-03-10, 3866
2009-03-11, 3777
2009-03-12, 3383
2009-03-13, 3032
2009-03-14, 2456
2009-03-15, 2709
2009-03-16, 3867
2009-03-17, 3262
2009-03-18, 3480
2009-03-19, 3417
2009-03-20, 3322
2009-03-21, 2145
2009-03-22, 2236
2009-03-23, 3247
2009-03-24, 3343
2009-03-25, 3371
2009-03-26, 3401
2009-03-27, 3024
2009-03-28, 2252
2009-03-29, 2502
2009-03-30, 3306
2009-03-31, 3344
2009-04-01, 3167
2009-04-02, 3280
2009-04-03, 2699
2009-04-04, 2525
2009-04-05, 2428
2009-04-06, 3280
2009-04-07, 3279
2009-04-08, 3276
2009-04-09, 2856
2009-04-10, 2249
2009-04-11, 1998
2009-04-12, 2036
2009-04-13, 2950
2009-04-14, 3106
2009-04-15, 3043
2009-04-16, 3132
2009-04-17, 2646
2009-04-18, 1892
2009-04-19, 2170
2009-04-20, 3063
2009-04-21, 3033
2009-04-22, 2831
2009-04-23, 2681
2009-04-24, 2257
2009-04-25, 2456
2009-04-26, 3415
2009-04-27, 4766
2009-04-28, 5332
2009-04-29, 5480
2009-04-30, 5254
2009-05-01, 4475
2009-05-02, 3567
2009-05-03, 3389
2009-05-04, 4028
2009-05-05, 4213
2009-05-06, 3517
2009-05-07, 3388
2009-05-08, 2914
2009-05-09, 2356
2009-05-10, 2562
2009-05-11, 3423
2009-05-12, 3488
2009-05-13, 3447
2009-05-14, 3511
2009-05-15, 2822
2009-05-16, 2087
2009-05-17, 2240
2009-05-18, 3002
2009-05-19, 3560
2009-05-20, 3211
2009-05-21, 3297
2009-05-22, 2719
2009-05-23, 2093
2009-05-24, 2030
2009-05-25, 2771
2009-05-26, 3142
2009-05-27, 3045
2009-05-28, 2830
2009-05-29, 2341
2009-05-30, 1807
2009-05-31, 2008
2009-06-01, 2939
2009-06-02, 2890
2009-06-03, 2789
2009-06-04, 2560
2009-06-05, 2138
2009-06-06, 1848
2009-06-07, 1957
2009-06-08, 2656
2009-06-09, 2921
2009-06-10, 2754
2009-06-11, 2867
2009-06-12, 2403
2009-06-13, 1706
2009-06-14, 1952
2009-06-15, 2747
2009-06-16, 2642
2009-06-17, 2715
2009-06-18, 2386
2009-06-19, 2117
2009-06-20, 1762
2009-06-21, 1752
2009-06-22, 2519
2009-06-23, 2286
2009-06-24, 2347
2009-06-25, 2171
2009-06-26, 1736
2009-06-27, 1586
2009-06-28, 1629
2009-06-29, 2316
2009-06-30, 2429
2009-07-01, 2223
2009-07-02, 2284
2009-07-03, 1740
2009-07-04, 1602
2009-07-05, 1734
2009-07-06, 2131
2009-07-07, 2092
2009-07-08, 2386
2009-07-09, 2291
2009-07-10, 2094
2009-07-11, 1697
2009-07-12, 1752
2009-07-13, 2299
2009-07-14, 2549
2009-07-15, 2289
2009-07-16, 2148
2009-07-17, 2016
2009-07-18, 1562
2009-07-19, 1799
2009-07-20, 2329
2009-07-21, 2108
2009-07-22, 1985
2009-07-23, 2231
2009-07-24, 1985
2009-07-25, 1561
2009-07-26, 1723
2009-07-27, 2245
2009-07-28, 2251
2009-07-29, 2210
2009-07-30, 2038
2009-07-31, 1754
2009-08-01, 1494
2009-08-02, 1831
2009-08-03, 2280
2009-08-04, 2422
2009-08-05, 2374
2009-08-06, 2295
2009-08-07, 2015
2009-08-08, 1706
2009-08-09, 1903
2009-08-10, 2636
2009-08-11, 2337
2009-08-12, 2450
2009-08-13, 2431
2009-08-14, 2004
2009-08-15, 1601
2009-08-16, 1812
2009-08-17, 2379
2009-08-18, 2235
2009-08-19, 2349
2009-08-20, 2105
2009-08-21, 1951
2009-08-22, 1627
2009-08-23, 1819
2009-08-24, 2148
2009-08-25, 2417
2009-08-26, 2414
2009-08-27, 2153
2009-08-28, 2031
2009-08-29, 1769
2009-08-30, 1938
2009-08-31, 2485
2009-09-01, 2613
2009-09-02, 2686
2009-09-03, 2599
2009-09-04, 2369
2009-09-05, 1886
2009-09-06, 2228
2009-09-07, 2560
2009-09-08, 3110
2009-09-09, 3056
2009-09-10, 3134
2009-09-11, 2539
2009-09-12, 2316
2009-09-13, 2687
2009-09-14, 3498
2009-09-15, 3325
2009-09-16, 3128
2009-09-17, 3435
2009-09-18, 3121
2009-09-19, 2573
2009-09-20, 2929
2009-09-21, 1802
2009-09-22, 0
2009-09-23, 0
2009-09-24, 0
2009-09-25, 0
2009-09-26, 0
2009-09-27, 0
2009-09-28, 0
2009-09-29, 0
2009-09-30, 0
2009-10-01, 4102
2009-10-02, 3611
2009-10-03, 3021
2009-10-04, 3054
2009-10-05, 4153
2009-10-06, 4275
2009-10-07, 4109
2009-10-08, 3919
2009-10-09, 3349
2009-10-10, 3230
2009-10-11, 3369
2009-10-12, 4160
2009-10-13, 4540
2009-10-14, 3829
2009-10-15, 0
2009-10-16, 2939
2009-10-17, 3015
2009-10-18, 2797
2009-10-19, 4270
2009-10-20, 4526
2009-10-21, 4390
2009-10-22, 3742
2009-10-23, 3451
2009-10-24, 2740
2009-10-25, 3066
2009-10-26, 3872
2009-10-27, 4122
2009-10-28, 4019
2009-10-29, 3785
2009-10-30, 3159
2009-10-31, 2507
2009-11-01, 2548
2009-11-02, 3446
2009-11-03, 4471
2009-11-04, 4222
2009-11-05, 4302
2009-11-06, 3647
2009-11-07, 2896
2009-11-08, 3090
2009-11-09, 4400
2009-11-10, 3901
2009-11-11, 3487
2009-11-12, 4075
2009-11-13, 3361
2009-11-14, 2514
2009-11-15, 2665
2009-11-16, 3614
2009-11-17, 3276
2009-11-18, 3325
2009-11-19, 2932
2009-11-20, 2881
2009-11-21, 2365
2009-11-22, 1528
2009-11-23, 2948
2009-11-24, 2763
2009-11-25, 2858
2009-11-26, 2440
2009-11-27, 2329
2009-11-28, 2140
2009-11-29, 2423
2009-11-30, 3035
2009-12-01, 3419
2009-12-02, 3348
2009-12-03, 3328
2009-12-04, 3058
2009-12-05, 2549
2009-12-06, 2723
2009-12-07, 3325
2009-12-08, 3374
2009-12-09, 2783
2009-12-10, 3097
2009-12-11, 2883
2009-12-12, 2508
2009-12-13, 2637
2009-12-14, 3075
2009-12-15, 2863
2009-12-16, 3251
2009-12-17, 3205
2009-12-18, 2786
2009-12-19, 2563
2009-12-20, 2545
2009-12-21, 3279
2009-12-22, 3165
2009-12-23, 2918
2009-12-24, 2365
2009-12-25, 1709
2009-12-26, 2157
2009-12-27, 2516
2009-12-28, 3044
2009-12-29, 3337
2009-12-30, 3214
2009-12-31, 2864
2010-01-01, 2323
2010-01-02, 2563
2010-01-03, 2733
2010-01-04, 3452
2010-01-05, 3410
2010-01-06, 3508
2010-01-07, 4021
2010-01-08, 3505
2010-01-09, 2647
2010-01-10, 2706
2010-01-11, 3293
2010-01-12, 3416
2010-01-13, 3302
2010-01-14, 3128
2010-01-15, 2882
2010-01-16, 2273
2010-01-17, 2339
2010-01-18, 2771
2010-01-19, 3054
2010-01-20, 3029
2010-01-21, 3001
2010-01-22, 2981
2010-01-23, 219
2010-01-24, 0
2010-01-25, 2912
2010-01-26, 2993
2010-01-27, 3203
2010-01-28, 3244
2010-01-29, 2825
2010-01-30, 2196
2010-01-31, 2541
2010-02-01, 3169
2010-02-02, 3605
2010-02-03, 3414
2010-02-04, 3376
2010-02-05, 2931
2010-02-06, 2599
2010-02-07, 3049
2010-02-08, 2571
2010-02-09, 3310
2010-02-10, 3301
2010-02-11, 3144
2010-02-12, 2823
2010-02-13, 2223
2010-02-14, 2389
2010-02-15, 2810
2010-02-16, 3049
2010-02-17, 3200
2010-02-18, 3364
2010-02-19, 2707
2010-02-20, 2461
2010-02-21, 2613
2010-02-22, 3274
2010-02-23, 3485
2010-02-24, 3132
2010-02-25, 2743
2010-02-26, 2307
2010-02-27, 2318
2010-02-28, 2281
2010-03-01, 2957
2010-03-02, 3212
2010-03-03, 3102
2010-03-04, 2865
2010-03-05, 2563
2010-03-06, 2280
2010-03-07, 2529
2010-03-08, 2828
2010-03-09, 3178
2010-03-10, 2898
2010-03-11, 2848
2010-03-12, 2746
2010-03-13, 2305
2010-03-14, 2295
2010-03-15, 2730
2010-03-16, 2775
2010-03-17, 2677
2010-03-18, 2504
2010-03-19, 2484
2010-03-20, 1981
2010-03-21, 1977
2010-03-22, 2712
2010-03-23, 2673
2010-03-24, 2706
2010-03-25, 2410
2010-03-26, 2321
2010-03-27, 1768
2010-03-28, 1925
2010-03-29, 2521
2010-03-30, 2458
2010-03-31, 2608
2010-04-01, 2195
2010-04-02, 1857
2010-04-03, 1691
2010-04-04, 1849
2010-04-05, 2042
2010-04-06, 2126
2010-04-07, 3278
2010-04-08, 2308
2010-04-09, 1956
2010-04-10, 1723
2010-04-11, 1793
2010-04-12, 2252
2010-04-13, 2437
2010-04-14, 2314
2010-04-15, 2237
2010-04-16, 2135
2010-04-17, 1701
2010-04-18, 1887
2010-04-19, 2403
2010-04-20, 2244
2010-04-21, 2292
2010-04-22, 2142
2010-04-23, 2175
2010-04-24, 1904
2010-04-25, 1876
2010-04-26, 2359
2010-04-27, 2387
2010-04-28, 2437
2010-04-29, 2381
2010-04-30, 2135
2010-05-01, 1786
2010-05-02, 1649
2010-05-03, 2315
2010-05-04, 2482
2010-05-05, 2395
2010-05-06, 2192
2010-05-07, 2016
2010-05-08, 1780
2010-05-09, 1812
2010-05-10, 2595
2010-05-11, 2316
2010-05-12, 2349
2010-05-13, 2016
2010-05-14, 1999
2010-05-15, 1729
2010-05-16, 1905
2010-05-17, 2451
2010-05-18, 1968
2010-05-19, 1940
2010-05-20, 2030
2010-05-21, 2048
2010-05-22, 1670
2010-05-23, 1807
2010-05-24, 2084
2010-05-25, 2236
2010-05-26, 2178
2010-05-27, 2018
2010-05-28, 1498
2010-05-29, 1582
2010-05-30, 1596
2010-05-31, 1749
2010-06-01, 1903
2010-06-02, 1989
2010-06-03, 2121
2010-06-04, 1871
2010-06-05, 1515
2010-06-06, 1613
2010-06-07, 1787
2010-06-08, 1845
2010-06-09, 1821
2010-06-10, 1761
2010-06-11, 984
2010-06-12, 288
2010-06-13, 267
2010-06-14, 382
2010-06-15, 816
2010-06-16, 1247
2010-06-17, 1743
2010-06-18, 1540
2010-06-19, 1341
2010-06-20, 1411
2010-06-21, 1799
2010-06-22, 1744
2010-06-23, 1915
2010-06-24, 1460
2010-06-25, 1299
2010-06-26, 1089
2010-06-27, 484
2010-06-28, 1014
2010-06-29, 1729
2010-06-30, 1589
2010-07-01, 1545
2010-07-02, 1362
2010-07-03, 1207
2010-07-04, 1187
2010-07-05, 520
2010-07-06, 1480
2010-07-07, 557
2010-07-08, 0
2010-07-09, 0
2010-07-10, 851
2010-07-11, 1232
2010-07-12, 1390
2010-07-13, 1444
2010-07-14, 1338
2010-07-15, 1413
2010-07-16, 1359
2010-07-17, 1268
2010-07-18, 1409
2010-07-19, 1518
2010-07-20, 1577
2010-07-21, 1517
2010-07-22, 1837
2010-07-23, 1906
2010-07-24, 1547
2010-07-25, 1790
2010-07-26, 2288
2010-07-27, 2232
2010-07-28, 2215
2010-07-29, 2107
2010-07-30, 1861
2010-07-31, 1562
2010-08-01, 1707
2010-08-02, 2329
2010-08-03, 2199
2010-08-04, 2214
2010-08-05, 2170
2010-08-06, 1776
2010-08-07, 1669
2010-08-08, 1742
2010-08-09, 2240
2010-08-10, 2243
2010-08-11, 2380
2010-08-12, 2224
2010-08-13, 2075
2010-08-14, 1670
2010-08-15, 1952
2010-08-16, 2381
2010-08-17, 2487
2010-08-18, 2283
2010-08-19, 2416
2010-08-20, 2057
2010-08-21, 1796
2010-08-22, 1881
2010-08-23, 2494
2010-08-24, 2608
2010-08-25, 2590
2010-08-26, 2578
2010-08-27, 2206
2010-08-28, 1886
2010-08-29, 2219
2010-08-30, 2790
2010-08-31, 3066
2010-09-01, 3335
2010-09-02, 2878
2010-09-03, 2470
2010-09-04, 2188
2010-09-05, 2435
2010-09-06, 2967
2010-09-07, 3364
2010-09-08, 3264
2010-09-09, 3177
2010-09-10, 2869
2010-09-11, 2570
2010-09-12, 2751
2010-09-13, 3710
2010-09-14, 4034
2010-09-15, 4136
2010-09-16, 4039
2010-09-17, 3554
2010-09-18, 3077
2010-09-19, 3368
2010-09-20, 5266
2010-09-21, 5168
2010-09-22, 4621
2010-09-23, 4287
2010-09-24, 3746
2010-09-25, 3062
2010-09-26, 3902
2010-09-27, 4823
2010-09-28, 4713
2010-09-29, 4406
2010-09-30, 4094
2010-10-01, 3690
2010-10-02, 2915
2010-10-03, 3340
2010-10-04, 4497
2010-10-05, 4540
2010-10-06, 4499
2010-10-07, 4124
2010-10-08, 3607
2010-10-09, 2842
2010-10-10, 3377
2010-10-11, 4082
2010-10-12, 4345
2010-10-13, 4207
2010-10-14, 4041
2010-10-15, 3659
2010-10-16, 2756
2010-10-17, 3247
2010-10-18, 4338
2010-10-19, 4440
2010-10-20, 3903
2010-10-21, 3929
2010-10-22, 3378
2010-10-23, 2607
2010-10-24, 2902
2010-10-25, 3963
2010-10-26, 4144
2010-10-27, 3813
2010-10-28, 3637
2010-10-29, 3246
2010-10-30, 2353
2010-10-31, 2647
2010-11-01, 3731
2010-11-02, 5177
2010-11-03, 4262
2010-11-04, 4022
2010-11-05, 3354
2010-11-06, 2712
2010-11-07, 3093
2010-11-08, 4328
2010-11-09, 4359
2010-11-10, 4372
2010-11-11, 3916
2010-11-12, 3392
2010-11-13, 2594
2010-11-14, 2719
2010-11-15, 4028
2010-11-16, 3838
2010-11-17, 3902
2010-11-18, 3874
2010-11-19, 3528
2010-11-20, 2799
2010-11-21, 3227
2010-11-22, 4303
2010-11-23, 4349
2010-11-24, 3840
2010-11-25, 3540
2010-11-26, 3082
2010-11-27, 3150
2010-11-28, 3556
2010-11-29, 5181
2010-11-30, 2463
2010-12-01, 5036
2010-12-02, 4419
2010-12-03, 4136
2010-12-04, 3248
2010-12-05, 3806
2010-12-06, 5024
2010-12-07, 4938
2010-12-08, 5211
2010-12-09, 4917
2010-12-10, 4265
2010-12-11, 3454
2010-12-12, 4027
2010-12-13, 5233
2010-12-14, 5482
2010-12-15, 5024
2010-12-16, 4524
2010-12-17, 4105
2010-12-18, 3518
2010-12-19, 3785
2010-12-20, 4930
2010-12-21, 5248
2010-12-22, 5065
2010-12-23, 4343
2010-12-24, 3397
2010-12-25, 2640
2010-12-26, 3470
2010-12-27, 4364
2010-12-28, 4936
2010-12-29, 5988
2010-12-30, 4781
2010-12-31, 3722
2011-01-01, 3164
2011-01-02, 4308
2011-01-03, 5038
2011-01-04, 5432
2011-01-05, 5920
2011-01-06, 5460
2011-01-07, 4854
2011-01-08, 3869
2011-01-09, 4129
2011-01-10, 5233
2011-01-11, 4925
2011-01-12, 4324
2011-01-13, 4587
2011-01-14, 3955
2011-01-15, 3093
2011-01-16, 3631
2011-01-17, 4119
2011-01-18, 4235
2011-01-19, 4317
2011-01-20, 4201
2011-01-21, 3603
2011-01-22, 3324
2011-01-23, 3776
2011-01-24, 4714
2011-01-25, 4224
2011-01-26, 4329
2011-01-27, 3821
2011-01-28, 3399
2011-01-29, 2883
2011-01-30, 3240
2011-01-31, 3989
2011-02-01, 4118
2011-02-02, 3845
2011-02-03, 3881
2011-02-04, 3372
2011-02-05, 2918
2011-02-06, 3036
2011-02-07, 3837
2011-02-08, 4101
2011-02-09, 3688
2011-02-10, 3828
2011-02-11, 3530
2011-02-12, 2910
2011-02-13, 3103
2011-02-14, 3865
2011-02-15, 4159
2011-02-16, 4663
2011-02-17, 4167
2011-02-18, 3407
2011-02-19, 2748
2011-02-20, 2996
2011-02-21, 3749
2011-02-22, 4043
2011-02-23, 3998
2011-02-24, 3702
2011-02-25, 3555
2011-02-26, 2716
2011-02-27, 3039
2011-02-28, 3989
2011-03-01, 3949
2011-03-02, 3983
2011-03-03, 3869
2011-03-04, 3303
2011-03-05, 2543
2011-03-06, 2898
2011-03-07, 3840
2011-03-08, 3894
2011-03-09, 3866
2011-03-10, 3642
2011-03-11, 3107
2011-03-12, 2215
2011-03-13, 2600
2011-03-14, 3321
2011-03-15, 3353
2011-03-16, 3344
2011-03-17, 3145
2011-03-18, 2636
2011-03-19, 2147
2011-03-20, 2431
2011-03-21, 3240
2011-03-22, 3299
2011-03-23, 3115
2011-03-24, 3252
2011-03-25, 2875
2011-03-26, 2093
2011-03-27, 2367
2011-03-28, 3365
2011-03-29, 3228
2011-03-30, 3246
2011-03-31, 3022
2011-04-01, 2457
2011-04-02, 1892
2011-04-03, 2171
2011-04-04, 3031
2011-04-05, 3182
2011-04-06, 3029
2011-04-07, 3036
2011-04-08, 2339
2011-04-09, 1996
2011-04-10, 2207
2011-04-11, 2924
2011-04-12, 2914
2011-04-13, 3072
2011-04-14, 3005
2011-04-15, 2488
2011-04-16, 1895
2011-04-17, 2094
2011-04-18, 2882
2011-04-19, 2874
2011-04-20, 2683
2011-04-21, 2449
2011-04-22, 1910
2011-04-23, 1753
2011-04-24, 1887
2011-04-25, 2662
2011-04-26, 2686
2011-04-27, 2775
2011-04-28, 2701
2011-04-29, 1980
2011-04-30, 1700
2011-05-01, 2003
2011-05-02, 2593
2011-05-03, 2700
2011-05-04, 2762
2011-05-05, 2592
2011-05-06, 2257
2011-05-07, 1701
2011-05-08, 1894
2011-05-09, 2903
2011-05-10, 2983
2011-05-11, 2736
2011-05-12, 2518
2011-05-13, 2133
2011-05-14, 1708
2011-05-15, 2245
2011-05-16, 2762
2011-05-17, 2897
2011-05-18, 2705
2011-05-19, 2515
2011-05-20, 2254
2011-05-21, 1831
2011-05-22, 1922
2011-05-23, 2962
2011-05-24, 2817
2011-05-25, 2750
2011-05-26, 2557
2011-05-27, 2277
2011-05-28, 1699
2011-05-29, 1841
2011-05-30, 2398
2011-05-31, 2500
2011-06-01, 2780
2011-06-02, 2447
2011-06-03, 2116
2011-06-04, 1724
2011-06-05, 1920
2011-06-06, 2379
2011-06-07, 2407
2011-06-08, 2267
2011-06-09, 2118
2011-06-10, 1881
2011-06-11, 1675
2011-06-12, 1805
2011-06-13, 2260
2011-06-14, 1984
2011-06-15, 2221
2011-06-16, 2103
2011-06-17, 1922
2011-06-18, 1479
2011-06-19, 1795
2011-06-20, 2475
2011-06-21, 2362
2011-06-22, 2264
2011-06-23, 2117
2011-06-24, 1850
2011-06-25, 1475
2011-06-26, 1580
2011-06-27, 2178
2011-06-28, 2190
2011-06-29, 2035
2011-06-30, 1990
2011-07-01, 1653
2011-07-02, 1600
2011-07-03, 1685
2011-07-04, 2033
2011-07-05, 2141
2011-07-06, 2258
2011-07-07, 2130
2011-07-08, 1819
2011-07-09, 1608
2011-07-10, 2011
2011-07-11, 2324
2011-07-12, 2297
2011-07-13, 2044
2011-07-14, 2207
2011-07-15, 1759
2011-07-16, 1486
2011-07-17, 1792
2011-07-18, 2259
2011-07-19, 2204
2011-07-20, 2107
2011-07-21, 1944
2011-07-22, 1836
2011-07-23, 1578
2011-07-24, 1751
2011-07-25, 2406
2011-07-26, 2406
2011-07-27, 2225
2011-07-28, 2127
2011-07-29, 1858
2011-07-30, 1575
2011-07-31, 1724
2011-08-01, 2119
2011-08-02, 2511
2011-08-03, 2062
2011-08-04, 2114
2011-08-05, 1768
2011-08-06, 1357
2011-08-07, 1621
2011-08-08, 2009
2011-08-09, 2080
2011-08-10, 2106
2011-08-11, 2026
2011-08-12, 1707
2011-08-13, 1556
2011-08-14, 1690
2011-08-15, 1911
2011-08-16, 2173
2011-08-17, 1992
2011-08-18, 1874
2011-08-19, 1888
2011-08-20, 1598
2011-08-21, 1684
2011-08-22, 2157
2011-08-23, 2144
2011-08-24, 2163
2011-08-25, 2031
2011-08-26, 2262
2011-08-27, 1763
2011-08-28, 1703
2011-08-29, 2221
2011-08-30, 2249
2011-08-31, 2340
2011-09-01, 2449
2011-09-02, 1948
2011-09-03, 1761
2011-09-04, 1844
2011-09-05, 2113
2011-09-06, 2578
2011-09-07, 2540
2011-09-08, 2416
2011-09-09, 2326
2011-09-10, 2348
2011-09-11, 2284
2011-09-12, 2665
2011-09-13, 2841
2011-09-14, 2909
2011-09-15, 2925
2011-09-16, 2829
2011-09-17, 2844
2011-09-18, 2860
2011-09-19, 3406
2011-09-20, 3714
2011-09-21, 3397
2011-09-22, 3396
2011-09-23, 3098
2011-09-24, 2762
2011-09-25, 2862
2011-09-26, 3469
2011-09-27, 3170
2011-09-28, 3148
2011-09-29, 3216
2011-09-30, 3306
2011-10-01, 2815
2011-10-02, 3103
2011-10-03, 4067
2011-10-04, 4125
2011-10-05, 4102
2011-10-06, 3513
2011-10-07, 3472
2011-10-08, 2117
2011-10-09, 2842
2011-10-10, 3352
2011-10-11, 3861
2011-10-12, 3707
2011-10-13, 3514
2011-10-14, 3212
2011-10-15, 2422
2011-10-16, 2632
2011-10-17, 3724
2011-10-18, 3993
2011-10-19, 3774
2011-10-20, 3771
2011-10-21, 3123
2011-10-22, 2307
2011-10-23, 2614
2011-10-24, 3627
2011-10-25, 3743
2011-10-26, 3829
2011-10-27, 3896
2011-10-28, 3421
2011-10-29, 2727
2011-10-30, 3041
2011-10-31, 4058
2011-11-01, 3905
2011-11-02, 4275
2011-11-03, 4102
2011-11-04, 3740
2011-11-05, 2801
2011-11-06, 3274
2011-11-07, 4270
2011-11-08, 4433
2011-11-09, 4196
2011-11-10, 4128
2011-11-11, 3446
2011-11-12, 2849
2011-11-13, 3170
2011-11-14, 6676
2011-11-15, 4542
2011-11-16, 4114
2011-11-17, 4194
2011-11-18, 3669
2011-11-19, 2948
2011-11-20, 3269
2011-11-21, 4169
2011-11-22, 4268
2011-11-23, 4005
2011-11-24, 3285
2011-11-25, 3013
2011-11-26, 3022
2011-11-27, 3494
2011-11-28, 4581
2011-11-29, 5576
2011-11-30, 4757
2011-12-01, 4761
2011-12-02, 3912
2011-12-03, 3081
2011-12-04, 3428
2011-12-05, 4273
2011-12-06, 4644
2011-12-07, 4496
2011-12-08, 4127
2011-12-09, 3695
2011-12-10, 3094
2011-12-11, 3278
2011-12-12, 4383
2011-12-13, 4675
2011-12-14, 4486
2011-12-15, 3970
2011-12-16, 3671
2011-12-17, 3037
2011-12-18, 3256
2011-12-19, 4274
2011-12-20, 4035
2011-12-21, 4223
2011-12-22, 3950
2011-12-23, 208
2011-12-24, 0
2011-12-25, 0
2011-12-26, 1391
2011-12-27, 4282
2011-12-28, 4724
2011-12-29, 4650
2011-12-30, 4334
2011-12-31, 3378
2012-01-01, 3054
2012-01-02, 4077
2012-01-03, 4993
2012-01-04, 5228
2012-01-05, 5078
2012-01-06, 4303
2012-01-07, 3433
2012-01-08, 3751
2012-01-09, 4589
2012-01-10, 4434
2012-01-11, 4526
2012-01-12, 4129
2012-01-13, 3743
2012-01-14, 3125
2012-01-15, 3214
2012-01-16, 4195
2012-01-17, 4382
2012-01-18, 4152
2012-01-19, 4309
2012-01-20, 4204
2012-01-21, 3173
2012-01-22, 3333
2012-01-23, 4203
2012-01-24, 4133
2012-01-25, 4234
2012-01-26, 4270
2012-01-27, 3800
2012-01-28, 2871
2012-01-29, 3250
2012-01-30, 4326
2012-01-31, 4346
2012-02-01, 4119
2012-02-02, 4052
2012-02-03, 3637
2012-02-04, 3061
2012-02-05, 3463
2012-02-06, 4249
2012-02-07, 4363
2012-02-08, 4625
2012-02-09, 4466
2012-02-10, 3807
2012-02-11, 3122
2012-02-12, 3496
2012-02-13, 4471
2012-02-14, 4155
2012-02-15, 4238
2012-02-16, 4132
2012-02-17, 3861
2012-02-18, 3129
2012-02-19, 3426
2012-02-20, 4265
2012-02-21, 4614
2012-02-22, 4534
2012-02-23, 4128
2012-02-24, 3787
2012-02-25, 3107
2012-02-26, 3312
2012-02-27, 3990
2012-02-28, 4140
2012-02-29, 4355
2012-03-01, 3624
2012-03-02, 3393
2012-03-03, 2865
2012-03-04, 3095
2012-03-05, 3706
2012-03-06, 4044
2012-03-07, 3866
2012-03-08, 3142
2012-03-09, 2453
2012-03-10, 2555
2012-03-11, 2831
2012-03-12, 3579
2012-03-13, 3379
2012-03-14, 3069
2012-03-15, 2933
2012-03-16, 2535
2012-03-17, 2002
2012-03-18, 2183
2012-03-19, 2872
2012-03-20, 2981
2012-03-21, 2748
2012-03-22, 2597
2012-03-23, 2296
2012-03-24, 1732
2012-03-25, 2053
2012-03-26, 2778
2012-03-27, 2845
2012-03-28, 2698
2012-03-29, 2514
2012-03-30, 2281
2012-03-31, 1790
2012-04-01, 2057
2012-04-02, 2649
2012-04-03, 2528
2012-04-04, 2628
2012-04-05, 2215
2012-04-06, 1901
2012-04-07, 1675
2012-04-08, 2002
2012-04-09, 2302
2012-04-10, 2580
2012-04-11, 2641
2012-04-12, 2548
2012-04-13, 2309
2012-04-14, 1769
2012-04-15, 1945
2012-04-16, 2625
2012-04-17, 2709
2012-04-18, 2701
2012-04-19, 2447
2012-04-20, 2085
2012-04-21, 1666
2012-04-22, 1926
2012-04-23, 2823
2012-04-24, 2901
2012-04-25, 2896
2012-04-26, 2848
2012-04-27, 2563
2012-04-28, 1974
2012-04-29, 2224
2012-04-30, 3015
2012-05-01, 2978
2012-05-02, 3090
2012-05-03, 3008
2012-05-04, 2539
2012-05-05, 1847
2012-05-06, 2328
2012-05-07, 3010
2012-05-08, 3250
2012-05-09, 3056
2012-05-10, 2855
2012-05-11, 2553
2012-05-12, 2020
2012-05-13, 2198
2012-05-14, 3070
2012-05-15, 3108
2012-05-16, 2996
2012-05-17, 2883
2012-05-18, 2508
2012-05-19, 1870
2012-05-20, 2170
2012-05-21, 2862
2012-05-22, 2945
2012-05-23, 2749
2012-05-24, 2732
2012-05-25, 2184
2012-05-26, 1830
2012-05-27, 1839
2012-05-28, 2340
2012-05-29, 2649
2012-05-30, 2677
2012-05-31, 2560
2012-06-01, 2234
2012-06-02, 1858
2012-06-03, 2154
2012-06-04, 2672
2012-06-05, 2831
2012-06-06, 2578
2012-06-07, 3326
2012-06-08, 2103
2012-06-09, 1886
2012-06-10, 1948
2012-06-11, 2563
2012-06-12, 2437
2012-06-13, 2520
2012-06-14, 2558
2012-06-15, 2211
2012-06-16, 1944
2012-06-17, 2079
2012-06-18, 2512
2012-06-19, 2685
2012-06-20, 2443
2012-06-21, 2400
2012-06-22, 1904
2012-06-23, 1852
2012-06-24, 2088
2012-06-25, 2603
2012-06-26, 2767
2012-06-27, 2422
2012-06-28, 2147
2012-06-29, 1568
2012-06-30, 1605
2012-07-01, 1885
2012-07-02, 2434
2012-07-03, 2531
2012-07-04, 2366
2012-07-05, 2355
2012-07-06, 2109
2012-07-07, 1795
2012-07-08, 2122
2012-07-09, 2410
2012-07-10, 2519
2012-07-11, 2618
2012-07-12, 2446
2012-07-13, 2058
2012-07-14, 1758
2012-07-15, 1958
2012-07-16, 2724
2012-07-17, 2682
2012-07-18, 2564
2012-07-19, 2370
2012-07-20, 1993
2012-07-21, 1861
2012-07-22, 1989
2012-07-23, 2405
2012-07-24, 2481
2012-07-25, 2476
2012-07-26, 2205
2012-07-27, 1944
2012-07-28, 1723
2012-07-29, 2021
2012-07-30, 2383
2012-07-31, 2366
2012-08-01, 2578
2012-08-02, 2090
2012-08-03, 1866
2012-08-04, 1660
2012-08-05, 1883
2012-08-06, 2057
2012-08-07, 2297
2012-08-08, 2259
2012-08-09, 2317
2012-08-10, 1962
2012-08-11, 1740
2012-08-12, 2037
2012-08-13, 2400
2012-08-14, 2412
2012-08-15, 2344
2012-08-16, 2016
2012-08-17, 2145
2012-08-18, 1701
2012-08-19, 1792
2012-08-20, 2388
2012-08-21, 2584
2012-08-22, 2637
2012-08-23, 2500
2012-08-24, 2195
2012-08-25, 1929
2012-08-26, 2155
2012-08-27, 2784
2012-08-28, 2717
2012-08-29, 3002
2012-08-30, 2682
2012-08-31, 2364
2012-09-01, 2219
2012-09-02, 2328
2012-09-03, 2764
2012-09-04, 3182
2012-09-05, 3232
2012-09-06, 3123
2012-09-07, 2842
2012-09-08, 2497
2012-09-09, 2702
2012-09-10, 3535
2012-09-11, 3641
2012-09-12, 3643
2012-09-13, 3659
2012-09-14, 3245
2012-09-15, 2878
2012-09-16, 3346
2012-09-17, 4150
2012-09-18, 4183
2012-09-19, 4101
2012-09-20, 4231
2012-09-21, 3788
2012-09-22, 3275
2012-09-23, 3598
2012-09-24, 4995
2012-09-25, 4898
2012-09-26, 4796
2012-09-27, 4358
2012-09-28, 3826
2012-09-29, 3382
2012-09-30, 3764
2012-10-01, 4589
2012-10-02, 4606
2012-10-03, 4714
2012-10-04, 4620
2012-10-05, 3944
2012-10-06, 3241
2012-10-07, 3646
2012-10-08, 4800
2012-10-09, 5041
2012-10-10, 4303
2012-10-11, 4599
2012-10-12, 3790
2012-10-13, 3321
2012-10-14, 3629
2012-10-15, 4693
2012-10-16, 4465
2012-10-17, 4508
2012-10-18, 4022
2012-10-19, 3461
2012-10-20, 2711
2012-10-21, 3667
2012-10-22, 5750
2012-10-23, 4160
2012-10-24, 4211
2012-10-25, 3965
2012-10-26, 3302
2012-10-27, 2794
2012-10-28, 3208
2012-10-29, 4031
2012-10-30, 4057
2012-10-31, 3775
2012-11-01, 3682
2012-11-02, 3395
2012-11-03, 2830
2012-11-04, 3219
2012-11-05, 4271
2012-11-06, 4014
2012-11-07, 3887
2012-11-08, 4102
2012-11-09, 3674
2012-11-10, 2978
2012-11-11, 3236
2012-11-12, 4218
2012-11-13, 4296
2012-11-14, 4348
2012-11-15, 3969
2012-11-16, 3596
2012-11-17, 2950
2012-11-18, 3326
2012-11-19, 4505
2012-11-20, 4407
2012-11-21, 4000
2012-11-22, 3460
2012-11-23, 2939
2012-11-24, 2952
2012-11-25, 3481
2012-11-26, 4837
2012-11-27, 4885
2012-11-28, 4773
2012-11-29, 4479
2012-11-30, 3774
2012-12-01, 3085
2012-12-02, 3380
2012-12-03, 4516
2012-12-04, 4736
2012-12-05, 4664
2012-12-06, 4358
2012-12-07, 3681
2012-12-08, 2958
2012-12-09, 3424
2012-12-10, 4049
2012-12-11, 4398
2012-12-12, 5069
2012-12-13, 4493
2012-12-14, 4200
2012-12-15, 3358
2012-12-16, 3868
2012-12-17, 4952
2012-12-18, 4922
2012-12-19, 4628
2012-12-20, 4619
2012-12-21, 4024
2012-12-22, 3761
2012-12-23, 3853
2012-12-24, 3867
2012-12-25, 3119
2012-12-26, 4507
2012-12-27, 5119
2012-12-28, 5358
2012-12-29, 5089
2012-12-30, 5152
2012-12-31, 4887
2013-01-01, 4016
2013-01-02, 6072
2013-01-03, 6041
2013-01-04, 5209
2013-01-05, 4883
2013-01-06, 5202
2013-01-07, 6222
2013-01-08, 5962
2013-01-09, 6299
2013-01-10, 6145
2013-01-11, 5272
2013-01-12, 4303
2013-01-13, 4548
2013-01-14, 5241
2013-01-15, 5478
2013-01-16, 5273
2013-01-17, 5399
2013-01-18, 4689
2013-01-19, 3977
2013-01-20, 4048
2013-01-21, 4892
2013-01-22, 5485
2013-01-23, 5351
2013-01-24, 5383
2013-01-25, 4758
2013-01-26, 3969
2013-01-27, 4179
2013-01-28, 5452
2013-01-29, 4770
2013-01-30, 4875
2013-01-31, 4684
2013-02-01, 4349
2013-02-02, 3665
2013-02-03, 4486
2013-02-04, 4708
2013-02-05, 4948
2013-02-06, 4927
2013-02-07, 4688
2013-02-08, 4126
2013-02-09, 3452
2013-02-10, 3862
2013-02-11, 4948
2013-02-12, 5057
2013-02-13, 4408
2013-02-14, 4468
2013-02-15, 4165
2013-02-16, 3458
2013-02-17, 3860
2013-02-18, 4665
2013-02-19, 5187
2013-02-20, 4993
2013-02-21, 4702
2013-02-22, 4089
2013-02-23, 3472
2013-02-24, 3721
2013-02-25, 4816
2013-02-26, 4808
2013-02-27, 4771
2013-02-28, 4506
2013-03-01, 3917
2013-03-02, 3224
2013-03-03, 3718
2013-03-04, 4764
2013-03-05, 4543
2013-03-06, 4616
2013-03-07, 4368
2013-03-08, 3792
2013-03-09, 3026
2013-03-10, 3372
2013-03-11, 4431
2013-03-12, 4117
2013-03-13, 4329
2013-03-14, 4039
2013-03-15, 3675
2013-03-16, 2937
2013-03-17, 3221
2013-03-18, 4227
2013-03-19, 4377
2013-03-20, 4142
2013-03-21, 4115
2013-03-22, 3634
2013-03-23, 3273
2013-03-24, 3764
2013-03-25, 4893
2013-03-26, 4637
2013-03-27, 4366
2013-03-28, 4051
2013-03-29, 3101
2013-03-30, 2956
2013-03-31, 2943
2013-04-01, 3302
2013-04-02, 3514
2013-04-03, 3772
2013-04-04, 3712
2013-04-05, 3360
2013-04-06, 2548
2013-04-07, 3164
2013-04-08, 3750
2013-04-09, 3604
2013-04-10, 3574
2013-04-11, 3296
2013-04-12, 2959
2013-04-13, 2322
2013-04-14, 2725
2013-04-15, 3640
2013-04-16, 3514
2013-04-17, 3521
2013-04-18, 3305
2013-04-19, 2893
2013-04-20, 2188
2013-04-21, 2315
2013-04-22, 3591
2013-04-23, 3386
2013-04-24, 3696
2013-04-25, 3579
2013-04-26, 3098
2013-04-27, 2327
2013-04-28, 2740
2013-04-29, 3638
2013-04-30, 3580
2013-05-01, 3170
2013-05-02, 3480
2013-05-03, 2911
2013-05-04, 1928
2013-05-05, 2529
2013-05-06, 3401
2013-05-07, 3518
2013-05-08, 3317
2013-05-09, 3408
2013-05-10, 2549
2013-05-11, 2148
2013-05-12, 2430
2013-05-13, 3537
2013-05-14, 3651
2013-05-15, 3577
2013-05-16, 3550
2013-05-17, 2891
2013-05-18, 2075
2013-05-19, 2428
2013-05-20, 3260
2013-05-21, 3449
2013-05-22, 3305
2013-05-23, 3024
2013-05-24, 2767
2013-05-25, 2031
2013-05-26, 2299
2013-05-27, 3281
2013-05-28, 3233
2013-05-29, 3323
2013-05-30, 3040
2013-05-31, 2652
2013-06-01, 2175
2013-06-02, 2238
2013-06-03, 3521
2013-06-04, 2977
2013-06-05, 3033
2013-06-06, 2916
2013-06-07, 2660
2013-06-08, 2066
2013-06-09, 2186
2013-06-10, 2827
2013-06-11, 2846
2013-06-12, 2891
2013-06-13, 2687
2013-06-14, 2270
2013-06-15, 1821
2013-06-16, 2062
2013-06-17, 2622
2013-06-18, 2748
2013-06-19, 2650
2013-06-20, 2591
2013-06-21, 2183
2013-06-22, 1845
2013-06-23, 2084
2013-06-24, 2771
2013-06-25, 2995
2013-06-26, 2621
2013-06-27, 2554
2013-06-28, 2035
2013-06-29, 1661
2013-06-30, 1826
2013-07-01, 2504
2013-07-02, 2576
2013-07-03, 2477
2013-07-04, 2171
2013-07-05, 1865
2013-07-06, 1682
2013-07-07, 1826
2013-07-08, 2441
2013-07-09, 2515
2013-07-10, 2327
2013-07-11, 2302
2013-07-12, 2128
2013-07-13, 1519
2013-07-14, 1873
2013-07-15, 2521
2013-07-16, 2460
2013-07-17, 2532
2013-07-18, 2237
2013-07-19, 2048
2013-07-20, 1478
2013-07-21, 1708
2013-07-22, 2345
2013-07-23, 1786
2013-07-24, 757
2013-07-25, 1936
2013-07-26, 1712
2013-07-27, 1453
2013-07-28, 1606
2013-07-29, 2117
2013-07-30, 2134
2013-07-31, 2080
2013-08-01, 1903
2013-08-02, 1727
2013-08-03, 1585
2013-08-04, 1685
2013-08-05, 2048
2013-08-06, 2122
2013-08-07, 2064
2013-08-08, 1946
2013-08-09, 1909
2013-08-10, 1598
2013-08-11, 1780
2013-08-12, 2148
2013-08-13, 2405
2013-08-14, 2266
2013-08-15, 2174
2013-08-16, 2016
2013-08-17, 2144
2013-08-18, 1787
2013-08-19, 2263
2013-08-20, 1938
2013-08-21, 2143
2013-08-22, 1943
2013-08-23, 1752
2013-08-24, 1473
2013-08-25, 1803
2013-08-26, 2100
2013-08-27, 2193
2013-08-28, 2246
2013-08-29, 2295
2013-08-30, 2271
2013-08-31, 1695
2013-09-01, 1863
2013-09-02, 2155
2013-09-03, 2601
2013-09-04, 2476
2013-09-05, 2475
2013-09-06, 2317
2013-09-07, 1969
2013-09-08, 2206
2013-09-09, 2893
2013-09-10, 2964
2013-09-11, 2845
2013-09-12, 2846
2013-09-13, 2714
2013-09-14, 2241
2013-09-15, 2652
2013-09-16, 3379
2013-09-17, 3581
2013-09-18, 3669
2013-09-19, 3157
2013-09-20, 3051
2013-09-21, 2423
2013-09-22, 2830
2013-09-23, 3553
2013-09-24, 3612
2013-09-25, 3715
2013-09-26, 3436
2013-09-27, 3026
2013-09-28, 2516
2013-09-29, 2804
2013-09-30, 3438
2013-10-01, 3803
2013-10-02, 3649
2013-10-03, 3530
2013-10-04, 3012
2013-10-05, 2381
2013-10-06, 2709
2013-10-07, 3441
2013-10-08, 3576
2013-10-09, 3346
2013-10-10, 3397
2013-10-11, 2657
2013-10-12, 2121
2013-10-13, 2389
2013-10-14, 3187
2013-10-15, 3201
2013-10-16, 3239
2013-10-17, 3064
2013-10-18, 2873
2013-10-19, 2279
2013-10-20, 2411
2013-10-21, 3401
2013-10-22, 3500
2013-10-23, 3458
2013-10-24, 3422
2013-10-25, 3174
2013-10-26, 2585
2013-10-27, 2472
2013-10-28, 3317
2013-10-29, 3331
2013-10-30, 3534
2013-10-31, 3100
2013-11-01, 2837
2013-11-02, 2288
2013-11-03, 2502
2013-11-04, 3729
2013-11-05, 3676
2013-11-06, 3666
2013-11-07, 3466
2013-11-08, 2843
2013-11-09, 2489
2013-11-10, 3230
2013-11-11, 4277
2013-11-12, 4502
2013-11-13, 4783
2013-11-14, 4613
2013-11-15, 4207
2013-11-16, 3521
2013-11-17, 3530
2013-11-18, 4757
2013-11-19, 4489
2013-11-20, 3781
2013-11-21, 3791
2013-11-22, 3489
2013-11-23, 2482
2013-11-24, 2902
2013-11-25, 4016
2013-11-26, 3864
2013-11-27, 3508
2013-11-28, 2963
2013-11-29, 2939
2013-11-30, 2555
2013-12-01, 2821
2013-12-02, 3864
2013-12-03, 4103
2013-12-04, 4435
2013-12-05, 4298
2013-12-06, 3646
2013-12-07, 3123
2013-12-08, 3518
2013-12-09, 4397
2013-12-10, 4524
2013-12-11, 4538
2013-12-12, 3277
2013-12-13, 2759
2013-12-14, 2010
2013-12-15, 2345
2013-12-16, 3179
2013-12-17, 3167
2013-12-18, 3008
2013-12-19, 3006
2013-12-20, 2481
2013-12-21, 2094
2013-12-22, 2313
2013-12-23, 2574
2013-12-24, 2186
2013-12-25, 1688
2013-12-26, 2520
2013-12-27, 2779
2013-12-28, 2800
2013-12-29, 2781
2013-12-30, 3156
2013-12-31, 2979
2014-01-01, 2364
2014-01-02, 2962
2014-01-03, 3322
2014-01-04, 2789
2014-01-05, 619
2014-01-06, 1297
2014-01-07, 3888
2014-01-08, 3801
2014-01-09, 3880
2014-01-10, 3322
2014-01-11, 2459
2014-01-12, 2719
2014-01-13, 3420
2014-01-14, 3029
2014-01-15, 3165
2014-01-16, 3242
2014-01-17, 2738
2014-01-18, 2174
2014-01-19, 2485
2014-01-20, 2951
2014-01-21, 3382
2014-01-22, 3274
2014-01-23, 3235
2014-01-24, 2938
2014-01-25, 2353
2014-01-26, 2563
2014-01-27, 3340
2014-01-28, 3494
2014-01-29, 3317
2014-01-30, 3279
2014-01-31, 2770
2014-02-01, 2318
2014-02-02, 2382
2014-02-03, 3023
2014-02-04, 3390
2014-02-05, 3090
2014-02-06, 3145
2014-02-07, 2796
2014-02-08, 2306
2014-02-09, 2483
2014-02-10, 3387
2014-02-11, 3349
2014-02-12, 3225
2014-02-13, 2984
2014-02-14, 2393
2014-02-15, 2092
2014-02-16, 3845
2014-02-17, 2873
2014-02-18, 3095
2014-02-19, 3104
2014-02-20, 2780
2014-02-21, 2615
2014-02-22, 2118
2014-02-23, 2198
2014-02-24, 3012
2014-02-25, 3078
2014-02-26, 2991
2014-02-27, 3016
2014-02-28, 2589
2014-03-01, 2105
2014-03-02, 2260
2014-03-03, 2688
2014-03-04, 3092
2014-03-05, 3126
2014-03-06, 2784
2014-03-07, 2616
2014-03-08, 1880
2014-03-09, 2135
2014-03-10, 2942
2014-03-11, 2768
2014-03-12, 2735
2014-03-13, 2738
2014-03-14, 2305
2014-03-15, 1649
2014-03-16, 1949
2014-03-17, 2646
2014-03-18, 2990
2014-03-19, 2767
2014-03-20, 2554
2014-03-21, 2201
2014-03-22, 1676
2014-03-23, 1887
2014-03-24, 2671
2014-03-25, 2781
2014-03-26, 2901
2014-03-27, 2619
2014-03-28, 2184
2014-03-29, 1645
2014-03-30, 1739
2014-03-31, 2459
2014-04-01, 2494
2014-04-02, 2512
2014-04-03, 2463
2014-04-04, 2138
2014-04-05, 1559
2014-04-06, 1777
2014-04-07, 2559
2014-04-08, 2394
2014-04-09, 2207
2014-04-10, 2288
2014-04-11, 1883
2014-04-12, 1536
2014-04-13, 1583
2014-04-14, 2248
2014-04-15, 2205
2014-04-16, 2326
2014-04-17, 2032
2014-04-18, 1681
2014-04-19, 1494
2014-04-20, 1557
2014-04-21, 2105
2014-04-22, 2309
2014-04-23, 2315
2014-04-24, 2200
2014-04-25, 1790
2014-04-26, 1509
2014-04-27, 1757
2014-04-28, 2233
2014-04-29, 2252
2014-04-30, 2149
2014-05-01, 2006
2014-05-02, 1911
2014-05-03, 1427
2014-05-04, 1688
2014-05-05, 2273
2014-05-06, 2336
2014-05-07, 2190
2014-05-08, 2039
2014-05-09, 1832
2014-05-10, 1415
2014-05-11, 1484
2014-05-12, 2053
2014-05-13, 2108
2014-05-14, 2181
2014-05-15, 1865
2014-05-16, 1525
2014-05-17, 1186
2014-05-18, 1333
2014-05-19, 1839
2014-05-20, 2176
2014-05-21, 1947
2014-05-22, 1975
2014-05-23, 1654
2014-05-24, 1305
2014-05-25, 1460
2014-05-26, 1747
2014-05-27, 1931
2014-05-28, 1731
2014-05-29, 1679
2014-05-30, 1513
2014-05-31, 1148
2014-06-01, 1249
2014-06-02, 1917
2014-06-03, 1706
2014-06-04, 1744
2014-06-05, 1613
2014-06-06, 1437
2014-06-07, 1126
2014-06-08, 1210
2014-06-09, 1660
2014-06-10, 1800
2014-06-11, 1521
2014-06-12, 1487
2014-06-13, 1226
2014-06-14, 1154
2014-06-15, 1259
2014-06-16, 1666
2014-06-17, 1608
2014-06-18, 1667
2014-06-19, 1562
2014-06-20, 1261
2014-06-21, 1089
2014-06-22, 1192
2014-06-23, 1590
2014-06-24, 1612
2014-06-25, 1590
2014-06-26, 1424
2014-06-27, 1210
2014-06-28, 1004
2014-06-29, 1195
2014-06-30, 1506
2014-07-01, 1530
2014-07-02, 1628
2014-07-03, 1485
2014-07-04, 1100
2014-07-05, 996
2014-07-06, 1111
2014-07-07, 1502
2014-07-08, 1474
2014-07-09, 1476
2014-07-10, 1486
2014-07-11, 1128
2014-07-12, 1021
2014-07-13, 1049
2014-07-14, 1493
2014-07-15, 1406
2014-07-16, 1285
2014-07-17, 1320
2014-07-18, 1150
2014-07-19, 941
2014-07-20, 1048
2014-07-21, 1385
2014-07-22, 1396
2014-07-23, 1482
2014-07-24, 1401
2014-07-25, 1140
2014-07-26, 983
2014-07-27, 1054
2014-07-28, 1331
2014-07-29, 1356
2014-07-30, 1353
2014-07-31, 1481
2014-08-01, 1374
2014-08-02, 1172
2014-08-03, 1166
2014-08-04, 1506
2014-08-05, 1602
2014-08-06, 1573
2014-08-07, 1438
2014-08-08, 1354
2014-08-09, 1126
2014-08-10, 1145
2014-08-11, 1545
2014-08-12, 1634
2014-08-13, 1597
2014-08-14, 1469
2014-08-15, 1377
2014-08-16, 1221
2014-08-17, 1245
2014-08-18, 1752
2014-08-19, 1770
2014-08-20, 1743
2014-08-21, 1858
2014-08-22, 1619
2014-08-23, 1398
2014-08-24, 1291
2014-08-25, 1641
2014-08-26, 1955
2014-08-27, 1510
2014-08-28, 1411
2014-08-29, 1478
2014-08-30, 1666
2014-08-31, 1365
2014-09-01, 1627
2014-09-02, 2029
2014-09-03, 2561
2014-09-04, 1988
2014-09-05, 1566
2014-09-06, 1329
2014-09-07, 1519
2014-09-08, 2316
2014-09-09, 2304
2014-09-10, 2160
2014-09-11, 2086
2014-09-12, 1886
2014-09-13, 1542
2014-09-14, 1754
2014-09-15, 2258
2014-09-16, 2469
2014-09-17, 2387
2014-09-18, 2376
2014-09-19, 1929
2014-09-20, 1587
2014-09-21, 1812
2014-09-22, 2414
2014-09-23, 2365
2014-09-24, 2333
2014-09-25, 2179
2014-09-26, 1979
2014-09-27, 1487
2014-09-28, 1712
2014-09-29, 2494
2014-09-30, 2378
2014-10-01, 2467
2014-10-02, 2403
2014-10-03, 2135
2014-10-04, 1722
2014-10-05, 2233
2014-10-06, 2939
2014-10-07, 2867
2014-10-08, 2810
2014-10-09, 2699
2014-10-10, 2439
2014-10-11, 1918
2014-10-12, 2194
2014-10-13, 2770
2014-10-14, 3620
2014-10-15, 2575
2014-10-16, 2325
2014-10-17, 2062
2014-10-18, 1515
2014-10-19, 1662
2014-10-20, 3287
2014-10-21, 2261
2014-10-22, 2093
2014-10-23, 1916
2014-10-24, 1841
2014-10-25, 1372
2014-10-26, 1449
2014-10-27, 2197
2014-10-28, 2547
2014-10-29, 2177
2014-10-30, 2140
2014-10-31, 1667
2014-11-01, 1276
2014-11-02, 1534
2014-11-03, 2312
2014-11-04, 2293
2014-11-05, 2244
2014-11-06, 2093
2014-11-07, 1823
2014-11-08, 1365
2014-11-09, 1561
2014-11-10, 2197
2014-11-11, 2222
2014-11-12, 2188
2014-11-13, 2012
2014-11-14, 1717
2014-11-15, 1481
2014-11-16, 1481
2014-11-17, 2112
2014-11-18, 2407
2014-11-19, 2188
2014-11-20, 2027
2014-11-21, 1741
2014-11-22, 1241
2014-11-23, 1417
2014-11-24, 2067
2014-11-25, 2075
2014-11-26, 1772
2014-11-27, 1477
2014-11-28, 1361
2014-11-29, 1246
2014-11-30, 1587
2014-12-01, 2137
2014-12-02, 2197
2014-12-03, 2169
2014-12-04, 2158
2014-12-05, 1794
2014-12-06, 1334
2014-12-07, 1462
2014-12-08, 2033
2014-12-09, 2324
2014-12-10, 2150
2014-12-11, 2086
2014-12-12, 1728
2014-12-13, 1321
2014-12-14, 1458
2014-12-15, 2026
2014-12-16, 2106
2014-12-17, 2028
2014-12-18, 1927
2014-12-19, 1684
2014-12-20, 1264
2014-12-21, 1242
2014-12-22, 1703
2014-12-23, 1616
2014-12-24, 1236
2014-12-25, 846
2014-12-26, 1335
2014-12-27, 1265
2014-12-28, 1502
2014-12-29, 1911
2014-12-30, 1880
2014-12-31, 1682
2015-01-01, 1305
2015-01-02, 1598
2015-01-03, 1510
2015-01-04, 1502
2015-01-05, 2268
2015-01-06, 3742
2015-01-07, 2324
2015-01-08, 2308
2015-01-09, 1878
2015-01-10, 1433
2015-01-11, 1463
2015-01-12, 1941
2015-01-13, 2002
2015-01-14, 2015
2015-01-15, 1914
2015-01-16, 1675
2015-01-17, 1163
2015-01-18, 1327
2015-01-19, 1677
2015-01-20, 2095
2015-01-21, 1959
2015-01-22, 1814
2015-01-23, 1641
2015-01-24, 1148
2015-01-25, 1260
2015-01-26, 1772
2015-01-27, 1853
2015-01-28, 1872
2015-01-29, 1896
2015-01-30, 1594
2015-01-31, 1159
2015-02-01, 1310
2015-02-02, 1880
2015-02-03, 1991
2015-02-04, 1867
2015-02-05, 1941
2015-02-06, 1749
2015-02-07, 1237
2015-02-08, 1273
2015-02-09, 1912
2015-02-10, 2324
2015-02-11, 2046
2015-02-12, 1843
2015-02-13, 1614
2015-02-14, 1202
2015-02-15, 1242
2015-02-16, 1660
2015-02-17, 1731
2015-02-18, 1920
2015-02-19, 1719
2015-02-20, 1810
2015-02-21, 1234
2015-02-22, 1297
2015-02-23, 1967
2015-02-24, 1907
2015-02-25, 2586
2015-02-26, 1751
2015-02-27, 1692
2015-02-28, 1219
2015-03-01, 1285
2015-03-02, 1788
2015-03-03, 1838
2015-03-04, 1821
2015-03-05, 1717
2015-03-06, 1563
2015-03-07, 1226
2015-03-08, 1182
2015-03-09, 1786
2015-03-10, 1686
2015-03-11, 1615
2015-03-12, 1649
2015-03-13, 1400
2015-03-14, 1093
2015-03-15, 1138
2015-03-16, 1782
2015-03-17, 1652
2015-03-18, 1579
2015-03-19, 1492
2015-03-20, 1258
2015-03-21, 940
2015-03-22, 1134
2015-03-23, 1554
2015-03-24, 1641
2015-03-25, 1746
2015-03-26, 1597
2015-03-27, 1285
2015-03-28, 927
2015-03-29, 1077
2015-03-30, 1370
2015-03-31, 1531
2015-04-01, 1363
2015-04-02, 1235
2015-04-03, 1061
2015-04-04, 901
2015-04-05, 856
2015-04-06, 1255
2015-04-07, 1366
2015-04-08, 1481
2015-04-09, 1372
2015-04-10, 1154
2015-04-11, 820
2015-04-12, 1004
2015-04-13, 1404
2015-04-14, 1351
2015-04-15, 1235
2015-04-16, 1452
2015-04-17, 1137
2015-04-18, 805
2015-04-19, 905
2015-04-20, 1453
2015-04-21, 1448
2015-04-22, 1358
2015-04-23, 1313
2015-04-24, 1109
2015-04-25, 889
2015-04-26, 931
2015-04-27, 1280
2015-04-28, 1269
2015-04-29, 1292
2015-04-30, 1191
2015-05-01, 934
2015-05-02, 857
2015-05-03, 800
2015-05-04, 1240
2015-05-05, 1239
2015-05-06, 1291
2015-05-07, 1165
2015-05-08, 961
2015-05-09, 700
2015-05-10, 871
2015-05-11, 1289
2015-05-12, 1325
2015-05-13, 1204
2015-05-14, 1190
2015-05-15, 991
2015-05-16, 686
2015-05-17, 786
2015-05-18, 1164
2015-05-19, 1216
2015-05-20, 1109
2015-05-21, 1117
2015-05-22, 895
2015-05-23, 719
2015-05-24, 1128
2015-05-25, 1062
2015-05-26, 1194
2015-05-27, 1034
2015-05-28, 1107
2015-05-29, 987
2015-05-30, 777
2015-05-31, 740
2015-06-01, 1089
2015-06-02, 1164
2015-06-03, 1179
2015-06-04, 1052
2015-06-05, 966
2015-06-06, 766
2015-06-07, 740
2015-06-08, 1112
2015-06-09, 1158
2015-06-10, 1109
2015-06-11, 1023
2015-06-12, 835
2015-06-13, 660
2015-06-14, 667
2015-06-15, 914
2015-06-16, 1069
2015-06-17, 1044
2015-06-18, 996
2015-06-19, 803
2015-06-20, 568
2015-06-21, 622
2015-06-22, 966
2015-06-23, 913
2015-06-24, 945
2015-06-25, 819
2015-06-26, 670
2015-06-27, 537
2015-06-28, 648
2015-06-29, 851
2015-06-30, 825
2015-07-01, 816
2015-07-02, 894
2015-07-03, 595
2015-07-04, 458
2015-07-05, 649
2015-07-06, 891
2015-07-07, 834
2015-07-08, 867
2015-07-09, 908
2015-07-10, 701
2015-07-11, 537
2015-07-12, 620
2015-07-13, 842
2015-07-14, 939
2015-07-15, 865
2015-07-16, 727
2015-07-17, 648
2015-07-18, 510
2015-07-19, 658
2015-07-20, 803
2015-07-21, 781
2015-07-22, 801
2015-07-23, 719
2015-07-24, 656
2015-07-25, 483
2015-07-26, 582
2015-07-27, 758
2015-07-28, 781
2015-07-29, 845
2015-07-30, 718
2015-07-31, 636
2015-08-01, 540
2015-08-02, 561
2015-08-03, 727
2015-08-04, 920
2015-08-05, 822
2015-08-06, 776
2015-08-07, 613
2015-08-08, 545
2015-08-09, 738
2015-08-10, 748
2015-08-11, 843
2015-08-12, 833
2015-08-13, 803
2015-08-14, 681
2015-08-15, 534
2015-08-16, 637
2015-08-17, 823
2015-08-18, 927
2015-08-19, 888
2015-08-20, 819
2015-08-21, 694
2015-08-22, 533
2015-08-23, 594
2015-08-24, 846
2015-08-25, 893
2015-08-26, 901
2015-08-27, 786
2015-08-28, 732
2015-08-29, 585
2015-08-30, 639
2015-08-31, 952
2015-09-01, 986
2015-09-02, 997
2015-09-03, 863
2015-09-04, 881
2015-09-05, 644
2015-09-06, 779
2015-09-07, 989
2015-09-08, 1087
2015-09-09, 1075
2015-09-10, 1105
2015-09-11, 920
2015-09-12, 779
2015-09-13, 812
2015-09-14, 1222
2015-09-15, 1257
2015-09-16, 1289
2015-09-17, 1212
2015-09-18, 1125
2015-09-19, 885
2015-09-20, 952
2015-09-21, 1337
2015-09-22, 1329
2015-09-23, 1269
2015-09-24, 1631
2015-09-25, 1132
2015-09-26, 879
2015-09-27, 942
2015-09-28, 1452
2015-09-29, 1321
2015-09-30, 1298
2015-10-01, 1337
2015-10-02, 1253
2015-10-03, 936
2015-10-04, 983
2015-10-05, 1403
2015-10-06, 1456
2015-10-07, 1443
2015-10-08, 1356
2015-10-09, 1234
2015-10-10, 848
2015-10-11, 1094
2015-10-12, 1333
2015-10-13, 1451
2015-10-14, 1347
2015-10-15, 1354
2015-10-16, 1217
2015-10-17, 832
2015-10-18, 953
2015-10-19, 1357
2015-10-20, 1343
2015-10-21, 1206
2015-10-22, 1213
2015-10-23, 1107
2015-10-24, 853
2015-10-25, 887
2015-10-26, 1353
2015-10-27, 1389
2015-10-28, 1349
2015-10-29, 1262
2015-10-30, 1055
2015-10-31, 762
2015-11-01, 863
2015-11-02, 1299
2015-11-03, 1273
2015-11-04, 1335
2015-11-05, 1397
2015-11-06, 1111
2015-11-07, 807
2015-11-08, 864
2015-11-09, 1816
2015-11-10, 1428
2015-11-11, 1210
2015-11-12, 1230
2015-11-13, 1066
2015-11-14, 792
2015-11-15, 865
2015-11-16, 1320
2015-11-17, 1462
2015-11-18, 1387
2015-11-19, 1311
2015-11-20, 1111
2015-11-21, 758
2015-11-22, 935
2015-11-23, 1494
2015-11-24, 1346
2015-11-25, 1197
2015-11-26, 994
2015-11-27, 877
2015-11-28, 859
2015-11-29, 946
2015-11-30, 1447
2015-12-01, 1458
2015-12-02, 1411
2015-12-03, 1419
2015-12-04, 1274
2015-12-05, 992
2015-12-06, 1096
2015-12-07, 1484
2015-12-08, 1379
2015-12-09, 1481
2015-12-10, 1409
2015-12-11, 1161
2015-12-12, 851
2015-12-13, 924
2015-12-14, 1461
2015-12-15, 1405
2015-12-16, 1409
2015-12-17, 1330
2015-12-18, 1068
2015-12-19, 803
2015-12-20, 875
2015-12-21, 1213
2015-12-22, 1203
2015-12-23, 1020
2015-12-24, 803
2015-12-25, 667
2015-12-26, 775
2015-12-27, 791
2015-12-28, 1111
2015-12-29, 1186
2015-12-30, 1138
2015-12-31, 961
2016-01-01, 705
2016-01-02, 938
2016-01-03, 947
2016-01-04, 1423
2016-01-05, 1553
2016-01-06, 1571
2016-01-07, 1488
2016-01-08, 1182
2016-01-09, 908
2016-01-10, 994
2016-01-11, 1356
2016-01-12, 1571
2016-01-13, 1411
2016-01-14, 1267
2016-01-15, 1064
2016-01-16, 917
2016-01-17, 1272
2016-01-18, 1237
2016-01-19, 1363
2016-01-20, 1278
2016-01-21, 1308
2016-01-22, 1155
2016-01-23, 864
2016-01-24, 940
2016-01-25, 1317
2016-01-26, 1355
2016-01-27, 1263
2016-01-28, 1332
2016-01-29, 1118
2016-01-30, 806
2016-01-31, 882
2016-02-01, 1275
2016-02-02, 1273
2016-02-03, 1398
2016-02-04, 1300
2016-02-05, 1202
2016-02-06, 821
2016-02-07, 985
2016-02-08, 1219
2016-02-09, 1245
2016-02-10, 1347
2016-02-11, 1277
2016-02-12, 1123
2016-02-13, 838
2016-02-14, 857
2016-02-15, 1168
2016-02-16, 1249
2016-02-17, 1300
2016-02-18, 1237
2016-02-19, 1142
2016-02-20, 882
2016-02-21, 987
2016-02-22, 1284
2016-02-23, 1298
2016-02-24, 1253
2016-02-25, 1249
2016-02-26, 1153
2016-02-27, 1394
2016-02-28, 838
2016-02-29, 1222
2016-03-01, 1239
2016-03-02, 1220
2016-03-03, 1268
2016-03-04, 1016
2016-03-05, 752
2016-03-06, 833
2016-03-07, 1290
2016-03-08, 1223
2016-03-09, 1107
2016-03-10, 1083
2016-03-11, 964
2016-03-12, 657
2016-03-13, 845
2016-03-14, 1185
2016-03-15, 1089
2016-03-16, 1102
2016-03-17, 1037
2016-03-18, 887
2016-03-19, 653
2016-03-20, 719
2016-03-21, 1057
2016-03-22, 981
2016-03-23, 954
2016-03-24, 846
2016-03-25, 717
2016-03-26, 593
2016-03-27, 602
2016-03-28, 879
2016-03-29, 1007
2016-03-30, 1041
2016-03-31, 884
2016-04-01, 839
2016-04-02, 570
2016-04-03, 653
2016-04-04, 990
2016-04-05, 1051
2016-04-06, 1037
2016-04-07, 919
2016-04-08, 858
2016-04-09, 585
2016-04-10, 720
2016-04-11, 1046
2016-04-12, 997
2016-04-13, 942
2016-04-14, 978
2016-04-15, 842
2016-04-16, 547
2016-04-17, 588
2016-04-18, 971
2016-04-19, 1001
2016-04-20, 935
2016-04-21, 930
2016-04-22, 809
2016-04-23, 639
2016-04-24, 615
2016-04-25, 1051
2016-04-26, 951
2016-04-27, 870
2016-04-28, 950
2016-04-29, 815
2016-04-30, 585
2016-05-01, 616
2016-05-02, 961
2016-05-03, 995
2016-05-04, 946
2016-05-05, 944
2016-05-06, 834
2016-05-07, 563
2016-05-08, 624
2016-05-09, 873
2016-05-10, 947
2016-05-11, 1018
2016-05-12, 850
2016-05-13, 776
2016-05-14, 533
2016-05-15, 560
2016-05-16, 863
2016-05-17, 866
2016-05-18, 886
2016-05-19, 850
2016-05-20, 738
2016-05-21, 528
2016-05-22, 601
2016-05-23, 885
2016-05-24, 887
2016-05-25, 845
2016-05-26, 839
2016-05-27, 743
2016-05-28, 505
2016-05-29, 528
2016-05-30, 730
2016-05-31, 846
2016-06-01, 843
2016-06-02, 772
2016-06-03, 676
2016-06-04, 489
2016-06-05, 499
2016-06-06, 762
2016-06-07, 805
2016-06-08, 782
2016-06-09, 761
2016-06-10, 714
2016-06-11, 496
2016-06-12, 530
2016-06-13, 738
2016-06-14, 768
2016-06-15, 724
2016-06-16, 731
2016-06-17, 633
2016-06-18, 443
2016-06-19, 450
2016-06-20, 749
2016-06-21, 779
2016-06-22, 744
2016-06-23, 694
2016-06-24, 535
2016-06-25, 455
2016-06-26, 575
2016-06-27, 686
2016-06-28, 723
2016-06-29, 790
2016-06-30, 669
2016-07-01, 571
2016-07-02, 537
2016-07-03, 562
2016-07-04, 663
2016-07-05, 627
2016-07-06, 687
2016-07-07, 654
2016-07-08, 561
2016-07-09, 399
2016-07-10, 482
2016-07-11, 656
2016-07-12, 622
2016-07-13, 665
2016-07-14, 684
2016-07-15, 534
2016-07-16, 428
2016-07-17, 526
2016-07-18, 665
2016-07-19, 782
2016-07-20, 680
2016-07-21, 608
2016-07-22, 516
2016-07-23, 393
2016-07-24, 499
2016-07-25, 652
2016-07-26, 617
2016-07-27, 687
2016-07-28, 608
2016-07-29, 510
2016-07-30, 401
2016-07-31, 431
2016-08-01, 670
2016-08-02, 669
2016-08-03, 660
2016-08-04, 627
2016-08-05, 532
2016-08-06, 444
2016-08-07, 449
2016-08-08, 622
2016-08-09, 704
2016-08-10, 627
2016-08-11, 618
2016-08-12, 537
2016-08-13, 459
2016-08-14, 471
2016-08-15, 586
2016-08-16, 720
2016-08-17, 689
2016-08-18, 597
2016-08-19, 563
2016-08-20, 443
2016-08-21, 498
2016-08-22, 706
2016-08-23, 737
2016-08-24, 762
2016-08-25, 699
2016-08-26, 624
2016-08-27, 498
2016-08-28, 591
2016-08-29, 787
2016-08-30, 827
2016-08-31, 824
2016-09-01, 707
2016-09-02, 620
2016-09-03, 527
2016-09-04, 518
2016-09-05, 743
2016-09-06, 947
2016-09-07, 1006
2016-09-08, 973
2016-09-09, 805
2016-09-10, 610
2016-09-11, 683
2016-09-12, 1060
2016-09-13, 969
2016-09-14, 959
2016-09-15, 952
2016-09-16, 834
2016-09-17, 629
2016-09-18, 646
2016-09-19, 1007
2016-09-20, 1092
2016-09-21, 1051
2016-09-22, 1089
2016-09-23, 970
2016-09-24, 681
2016-09-25, 724
2016-09-26, 1210
2016-09-27, 1144
2016-09-28, 1115
2016-09-29, 1166
2016-09-30, 980
2016-10-01, 735
2016-10-02, 817
2016-10-03, 1169
2016-10-04, 1285
2016-10-05, 1294
2016-10-06, 1166
2016-10-07, 976
2016-10-08, 699
2016-10-09, 821
2016-10-10, 1038
2016-10-11, 1454
2016-10-12, 1258
2016-10-13, 1132
2016-10-14, 1018
2016-10-15, 738
2016-10-16, 711
2016-10-17, 1189
2016-10-18, 1231
2016-10-19, 1109
2016-10-20, 1069
2016-10-21, 970
2016-10-22, 691
2016-10-23, 805
2016-10-24, 1169
2016-10-25, 1144
2016-10-26, 1175
2016-10-27, 1155
2016-10-28, 843
2016-10-29, 676
2016-10-30, 738
2016-10-31, 1017
2016-11-01, 1031
2016-11-02, 1156
2016-11-03, 1069
2016-11-04, 926
2016-11-05, 675
2016-11-06, 1217
2016-11-07, 1433
2016-11-08, 1160
2016-11-09, 931
2016-11-10, 1068
2016-11-11, 851
2016-11-12, 697
2016-11-13, 789
2016-11-14, 1212
2016-11-15, 1270
2016-11-16, 1230
2016-11-17, 1134
2016-11-18, 964
2016-11-19, 770
2016-11-20, 839
2016-11-21, 1154
2016-11-22, 1183
2016-11-23, 1051
2016-11-24, 848
2016-11-25, 744
2016-11-26, 814
2016-11-27, 897
2016-11-28, 1359
2016-11-29, 1246
2016-11-30, 1723
2016-12-01, 1409
2016-12-02, 1139
2016-12-03, 745
2016-12-04, 962
2016-12-05, 1245
2016-12-06, 1265
2016-12-07, 1243
2016-12-08, 1272
2016-12-09, 1075
2016-12-10, 834
2016-12-11, 858
2016-12-12, 1295
2016-12-13, 1332
2016-12-14, 1297
2016-12-15, 1196
2016-12-16, 948
2016-12-17, 714
2016-12-18, 788
2016-12-19, 1074
2016-12-20, 1105
2016-12-21, 1145
2016-12-22, 1047
2016-12-23, 867
2016-12-24, 695
2016-12-25, 611
2016-12-26, 754
2016-12-27, 998
2016-12-28, 1187
2016-12-29, 1160
2016-12-30, 1041
2016-12-31, 823
2017-01-01, 739
2017-01-02, 1040
2017-01-03, 1482
2017-01-04, 1432
2017-01-05, 1427
2017-01-06, 1282
2017-01-07, 1003
2017-01-08, 1056
2017-01-09, 1448
2017-01-10, 1492
2017-01-11, 1416
2017-01-12, 1236
2017-01-13, 1142
2017-01-14, 812
2017-01-15, 966
2017-01-16, 1139
2017-01-17, 1267
2017-01-18, 1273
2017-01-19, 1224
2017-01-20, 986
2017-01-21, 778
2017-01-22, 783
2017-01-23, 1146
2017-01-24, 1222
2017-01-25, 1131
2017-01-26, 1157
2017-01-27, 991
2017-01-28, 741
2017-01-29, 750
2017-01-30, 1189
2017-01-31, 1165
2017-02-01, 1188
2017-02-02, 1147
2017-02-03, 1009
2017-02-04, 712
2017-02-05, 817
2017-02-06, 1105
2017-02-07, 1416
2017-02-08, 1266
2017-02-09, 1144
2017-02-10, 964
2017-02-11, 756
2017-02-12, 863
2017-02-13, 1143
2017-02-14, 1133
2017-02-15, 1093
2017-02-16, 1183
2017-02-17, 929
2017-02-18, 722
2017-02-19, 770
2017-02-20, 1037
2017-02-21, 1279
2017-02-22, 1179
2017-02-23, 1050
2017-02-24, 949
2017-02-25, 727
2017-02-26, 1399
2017-02-27, 1047
2017-02-28, 1181
2017-03-01, 978
2017-03-02, 1004
2017-03-03, 889
2017-03-04, 550
2017-03-05, 748
2017-03-06, 1028
2017-03-07, 979
2017-03-08, 989
2017-03-09, 1011
2017-03-10, 899
2017-03-11, 634
2017-03-12, 664
2017-03-13, 905
2017-03-14, 979
2017-03-15, 928
2017-03-16, 903
2017-03-17, 763
2017-03-18, 668
2017-03-19, 590
2017-03-20, 910
2017-03-21, 970
2017-03-22, 926
2017-03-23, 982
2017-03-24, 812
2017-03-25, 525
2017-03-26, 591
2017-03-27, 940
2017-03-28, 766
2017-03-29, 968
2017-03-30, 851
2017-03-31, 688
2017-04-01, 510
2017-04-02, 600
2017-04-03, 882
2017-04-04, 878
2017-04-05, 821
2017-04-06, 802
2017-04-07, 734
2017-04-08, 489
2017-04-09, 529
2017-04-10, 804
2017-04-11, 798
2017-04-12, 724
2017-04-13, 656
2017-04-14, 502
2017-04-15, 477
2017-04-16, 520
2017-04-17, 677
2017-04-18, 717
2017-04-19, 714
2017-04-20, 734
2017-04-21, 645
2017-04-22, 468
2017-04-23, 552
2017-04-24, 784
2017-04-25, 835
2017-04-26, 879
2017-04-27, 817
2017-04-28, 638
2017-04-29, 450
2017-04-30, 500
2017-05-01, 692
2017-05-02, 822
2017-05-03, 764
2017-05-04, 760
2017-05-05, 687
2017-05-06, 459
2017-05-07, 549
2017-05-08, 831
2017-05-09, 777
2017-05-10, 804
2017-05-11, 781
2017-05-12, 682
2017-05-13, 503
2017-05-14, 481
2017-05-15, 736
2017-05-16, 758
2017-05-17, 684
2017-05-18, 715
2017-05-19, 644
2017-05-20, 489
2017-05-21, 455
2017-05-22, 721
2017-05-23, 710
2017-05-24, 711
2017-05-25, 742
2017-05-26, 553
2017-05-27, 377
2017-05-28, 496
2017-05-29, 619
2017-05-30, 693
2017-05-31, 733
2017-06-01, 633
2017-06-02, 538
2017-06-03, 378
2017-06-04, 478
2017-06-05, 608
2017-06-06, 702
2017-06-07, 732
2017-06-08, 629
2017-06-09, 514
2017-06-10, 381
2017-06-11, 414
2017-06-12, 647
2017-06-13, 687
2017-06-14, 579
2017-06-15, 573
2017-06-16, 553
2017-06-17, 395
2017-06-18, 350
2017-06-19, 603
2017-06-20, 645
2017-06-21, 577
2017-06-22, 560
2017-06-23, 463
2017-06-24, 357
2017-06-25, 399
2017-06-26, 529
2017-06-27, 640
2017-06-28, 613
2017-06-29, 610
2017-06-30, 448
2017-07-01, 360
2017-07-02, 417
2017-07-03, 468
2017-07-04, 483
2017-07-05, 542
2017-07-06, 527
2017-07-07, 460
2017-07-08, 392
2017-07-09, 409
2017-07-10, 595
2017-07-11, 530
2017-07-12, 548
2017-07-13, 839
2017-07-14, 508
2017-07-15, 389
2017-07-16, 434
2017-07-17, 636
2017-07-18, 554
2017-07-19, 555
2017-07-20, 495
2017-07-21, 483
2017-07-22, 367
2017-07-23, 396
2017-07-24, 570
2017-07-25, 648
2017-07-26, 618
2017-07-27, 526
2017-07-28, 429
2017-07-29, 342
2017-07-30, 369
2017-07-31, 514
2017-08-01, 547
2017-08-02, 627
2017-08-03, 572
2017-08-04, 436
2017-08-05, 361
2017-08-06, 421
2017-08-07, 628
2017-08-08, 598
2017-08-09, 556
2017-08-10, 614
2017-08-11, 478
2017-08-12, 367
2017-08-13, 382
2017-08-14, 550
2017-08-15, 532
2017-08-16, 562
2017-08-17, 553
2017-08-18, 439
2017-08-19, 342
2017-08-20, 412
2017-08-21, 549
2017-08-22, 542
2017-08-23, 621
2017-08-24, 549
2017-08-25, 445
2017-08-26, 419
2017-08-27, 436
2017-08-28, 662
2017-08-29, 622
2017-08-30, 662
2017-08-31, 588
2017-09-01, 551
2017-09-02, 411
2017-09-03, 413
2017-09-04, 679
2017-09-05, 732
2017-09-06, 756
2017-09-07, 758
2017-09-08, 644
2017-09-09, 506
2017-09-10, 592
2017-09-11, 833
2017-09-12, 864
2017-09-13, 849
2017-09-14, 853
2017-09-15, 719
2017-09-16, 534
2017-09-17, 689
2017-09-18, 943
2017-09-19, 993
2017-09-20, 940
2017-09-21, 822
2017-09-22, 777
2017-09-23, 558
2017-09-24, 692
2017-09-25, 971
2017-09-26, 988
2017-09-27, 852
2017-09-28, 909
2017-09-29, 790
2017-09-30, 621
2017-10-01, 666
2017-10-02, 922
2017-10-03, 921
2017-10-04, 1022
2017-10-05, 928
2017-10-06, 865
2017-10-07, 627
2017-10-08, 672
2017-10-09, 876
2017-10-10, 1037
2017-10-11, 884
2017-10-12, 858
2017-10-13, 822
2017-10-14, 555
2017-10-15, 632
2017-10-16, 903
2017-10-17, 968
2017-10-18, 878
2017-10-19, 907
2017-10-20, 751
2017-10-21, 573
2017-10-22, 683
2017-10-23, 974
2017-10-24, 973
2017-10-25, 954
2017-10-26, 949
2017-10-27, 746
2017-10-28, 541
2017-10-29, 647
2017-10-30, 1021
2017-10-31, 927
2017-11-01, 950
2017-11-02, 828
2017-11-03, 819
2017-11-04, 590
2017-11-05, 662
2017-11-06, 1039
2017-11-07, 968
2017-11-08, 976
2017-11-09, 951
2017-11-10, 842
2017-11-11, 596
2017-11-12, 688
2017-11-13, 1030
2017-11-14, 1103
2017-11-15, 1050
2017-11-16, 980
2017-11-17, 917
2017-11-18, 626
2017-11-19, 703
2017-11-20, 989
2017-11-21, 1002
2017-11-22, 908
2017-11-23, 846
2017-11-24, 666
2017-11-25, 605
2017-11-26, 676
2017-11-27, 1122
2017-11-28, 1154
2017-11-29, 1176
2017-11-30, 1016
2017-12-01, 859
2017-12-02, 713
2017-12-03, 703
2017-12-04, 1115
2017-12-05, 1050
2017-12-06, 1051
2017-12-07, 1026
2017-12-08, 872
2017-12-09, 716
2017-12-10, 813
2017-12-11, 1115
2017-12-12, 1083
2017-12-13, 1052
2017-12-14, 951
2017-12-15, 917
2017-12-16, 632
2017-12-17, 732
2017-12-18, 935
2017-12-19, 964
2017-12-20, 948
2017-12-21, 886
2017-12-22, 735
2017-12-23, 591
2017-12-24, 608
2017-12-25, 466
2017-12-26, 753
2017-12-27, 834
2017-12-28, 930
2017-12-29, 934
2017-12-30, 778
2017-12-31, 688
2018-01-01, 686
2018-01-02, 1104
2018-01-03, 1128
2018-01-04, 1132
2018-01-05, 1030
2018-01-06, 848
2018-01-07, 812
2018-01-08, 1280
2018-01-09, 1169
2018-01-10, 1218
2018-01-11, 1210
2018-01-12, 1181
2018-01-13, 797
2018-01-14, 751
2018-01-15, 1065
2018-01-16, 1081
2018-01-17, 1057
2018-01-18, 1091
2018-01-19, 1027
2018-01-20, 702
2018-01-21, 678
2018-01-22, 1059
2018-01-23, 1022
2018-01-24, 1014
2018-01-25, 1005
2018-01-26, 882
2018-01-27, 704
2018-01-28, 721
2018-01-29, 1005
2018-01-30, 1189
2018-01-31, 1091
2018-02-01, 7491
2018-02-02, 933
2018-02-03, 666
2018-02-04, 742
2018-02-05, 956
2018-02-06, 1268
2018-02-07, 1013
2018-02-08, 1963
2018-02-09, 818
2018-02-10, 640
2018-02-11, 669
2018-02-12, 1036
2018-02-13, 1086
2018-02-14, 1028
2018-02-15, 904
2018-02-16, 815
2018-02-17, 620
2018-02-18, 633
2018-02-19, 850
2018-02-20, 985
2018-02-21, 910
2018-02-22, 868
2018-02-23, 818
2018-02-24, 583
2018-02-25, 625
2018-02-26, 968
2018-02-27, 935
2018-02-28, 1067
2018-03-01, 919
2018-03-02, 739
2018-03-03, 559
2018-03-04, 666
2018-03-05, 885
2018-03-06, 872
2018-03-07, 862
2018-03-08, 789
2018-03-09, 763
2018-03-10, 488
2018-03-11, 571
2018-03-12, 914
2018-03-13, 916
2018-03-14, 854
2018-03-15, 908
2018-03-16, 732
2018-03-17, 531
2018-03-18, 555
2018-03-19, 870
2018-03-20, 850
2018-03-21, 834
2018-03-22, 770
2018-03-23, 698
2018-03-24, 487
2018-03-25, 532
2018-03-26, 795
2018-03-27, 823
2018-03-28, 741
2018-03-29, 702
2018-03-30, 533
2018-03-31, 459
2018-04-01, 519
2018-04-02, 670
2018-04-03, 746
2018-04-04, 748
2018-04-05, 687
2018-04-06, 577
2018-04-07, 458
2018-04-08, 555
2018-04-09, 750
2018-04-10, 709
2018-04-11, 791
2018-04-12, 721
2018-04-13, 651
2018-04-14, 406
2018-04-15, 545
2018-04-16, 754
2018-04-17, 776
2018-04-18, 712
2018-04-19, 702
2018-04-20, 580
2018-04-21, 438
2018-04-22, 463
2018-04-23, 680
2018-04-24, 697
2018-04-25, 703
2018-04-26, 681
2018-04-27, 693
2018-04-28, 414
2018-04-29, 434
2018-04-30, 624
2018-05-01, 721
2018-05-02, 709
2018-05-03, 647
2018-05-04, 618
2018-05-05, 382
2018-05-06, 438
2018-05-07, 668
2018-05-08, 659
2018-05-09, 611
2018-05-10, 600
2018-05-11, 570
2018-05-12, 388
2018-05-13, 433
2018-05-14, 769
2018-05-15, 736
2018-05-16, 784
2018-05-17, 635
2018-05-18, 598
2018-05-19, 461
2018-05-20, 441
2018-05-21, 682
2018-05-22, 733
2018-05-23, 694
2018-05-24, 628
2018-05-25, 554
2018-05-26, 334
2018-05-27, 390
2018-05-28, 577
2018-05-29, 879
2018-05-30, 614
2018-05-31, 630
2018-06-01, 568
2018-06-02, 415
2018-06-03, 402
2018-06-04, 609
2018-06-05, 739
2018-06-06, 563
2018-06-07, 589
2018-06-08, 533
2018-06-09, 386
2018-06-10, 351
2018-06-11, 575
2018-06-12, 622
2018-06-13, 640
2018-06-14, 560
2018-06-15, 507
2018-06-16, 361
2018-06-17, 395
2018-06-18, 531
2018-06-19, 642
2018-06-20, 598
2018-06-21, 571
2018-06-22, 481
2018-06-23, 355
2018-06-24, 427
2018-06-25, 612
2018-06-26, 550
2018-06-27, 649
2018-06-28, 550
2018-06-29, 472
2018-06-30, 305
2018-07-01, 387
2018-07-02, 562
2018-07-03, 560
2018-07-04, 510
2018-07-05, 456
2018-07-06, 494
2018-07-07, 329
2018-07-08, 394
2018-07-09, 508
2018-07-10, 550
2018-07-11, 643
2018-07-12, 507
2018-07-13, 478
2018-07-14, 329
2018-07-15, 402
2018-07-16, 541
2018-07-17, 553
2018-07-18, 597
2018-07-19, 572
2018-07-20, 540
2018-07-21, 420
2018-07-22, 419
2018-07-23, 632
2018-07-24, 551
2018-07-25, 604
2018-07-26, 542
2018-07-27, 480
2018-07-28, 371
2018-07-29, 339
2018-07-30, 541
2018-07-31, 681
2018-08-01, 530
2018-08-02, 518
2018-08-03, 437
2018-08-04, 361
2018-08-05, 400
2018-08-06, 561
2018-08-07, 565
2018-08-08, 565
2018-08-09, 553
2018-08-10, 465
2018-08-11, 288
2018-08-12, 369
2018-08-13, 555
2018-08-14, 546
2018-08-15, 622
2018-08-16, 524
2018-08-17, 461
2018-08-18, 328
2018-08-19, 336
2018-08-20, 614
2018-08-21, 535
2018-08-22, 567
2018-08-23, 562
2018-08-24, 579
2018-08-25, 354
2018-08-26, 366
2018-08-27, 572
2018-08-28, 672
2018-08-29, 653
2018-08-30, 669
2018-08-31, 652
2018-09-01, 429
2018-09-02, 446
2018-09-03, 655
2018-09-04, 733
2018-09-05, 714
2018-09-06, 684
2018-09-07, 664
2018-09-08, 464
2018-09-09, 471
2018-09-10, 799
2018-09-11, 793
2018-09-12, 849
2018-09-13, 848
2018-09-14, 810
2018-09-15, 593
2018-09-16, 607
2018-09-17, 810
2018-09-18, 999
2018-09-19, 854
2018-09-20, 822
2018-09-21, 772
2018-09-22, 518
2018-09-23, 599
2018-09-24, 805
2018-09-25, 919
2018-09-26, 1013
2018-09-27, 802
2018-09-28, 683
2018-09-29, 631
2018-09-30, 641
2018-10-01, 779
2018-10-02, 838
2018-10-03, 829
2018-10-04, 722
2018-10-05, 695
2018-10-06, 525
2018-10-07, 553
2018-10-08, 795
2018-10-09, 747
2018-10-10, 865
2018-10-11, 1005
2018-10-12, 741
2018-10-13, 630
2018-10-14, 598
2018-10-15, 968
2018-10-16, 924
2018-10-17, 888
2018-10-18, 905
2018-10-19, 792
2018-10-20, 428
2018-10-21, 497
2018-10-22, 934
2018-10-23, 969
2018-10-24, 1037
2018-10-25, 964
2018-10-26, 790
2018-10-27, 485
2018-10-28, 487
2018-10-29, 842
2018-10-30, 839
2018-10-31, 847
2018-11-01, 779
2018-11-02, 693
2018-11-03, 496
2018-11-04, 553
2018-11-05, 829
2018-11-06, 808
2018-11-07, 702
2018-11-08, 691
2018-11-09, 622
2018-11-10, 471
2018-11-11, 487
2018-11-12, 865
2018-11-13, 904
2018-11-14, 844
2018-11-15, 776
2018-11-16, 686
2018-11-17, 631
2018-11-18, 560
2018-11-19, 787
2018-11-20, 835
2018-11-21, 839
2018-11-22, 721
2018-11-23, 651
2018-11-24, 471
2018-11-25, 501
2018-11-26, 919
2018-11-27, 955
2018-11-28, 924
2018-11-29, 830
2018-11-30, 974
2018-12-01, 557
2018-12-02, 578
2018-12-03, 956
2018-12-04, 886
2018-12-05, 959
2018-12-06, 910
2018-12-07, 827
2018-12-08, 638
2018-12-09, 697
2018-12-10, 1047
2018-12-11, 1019
2018-12-12, 941
2018-12-13, 967
2018-12-14, 805
2018-12-15, 557
2018-12-16, 583
2018-12-17, 841
2018-12-18, 760
2018-12-19, 800
2018-12-20, 722
2018-12-21, 578
2018-12-22, 496
2018-12-23, 454
2018-12-24, 527
2018-12-25, 465
2018-12-26, 639
2018-12-27, 631
2018-12-28, 658
2018-12-29, 644
2018-12-30, 564
2018-12-31, 585
2019-01-01, 514
2019-01-02, 830
2019-01-03, 864
2019-01-04, 801
2019-01-05, 544
2019-01-06, 577
2019-01-07, 808
2019-01-08, 809
2019-01-09, 810
2019-01-10, 809
2019-01-11, 713
2019-01-12, 494
2019-01-13, 512
2019-01-14, 748
2019-01-15, 789
2019-01-16, 786
2019-01-17, 718
2019-01-18, 611
2019-01-19, 455
2019-01-20, 788
2019-01-21, 760
2019-01-22, 730
2019-01-23, 770
2019-01-24, 728
2019-01-25, 699
2019-01-26, 438
2019-01-27, 511
2019-01-28, 761
2019-01-29, 746
2019-01-30, 754
2019-01-31, 798
2019-02-01, 650
2019-02-02, 548
2019-02-03, 500
2019-02-04, 730
2019-02-05, 696
2019-02-06, 715
2019-02-07, 702
2019-02-08, 669
2019-02-09, 451
2019-02-10, 527
2019-02-11, 805
2019-02-12, 729
2019-02-13, 704
2019-02-14, 778
2019-02-15, 729
2019-02-16, 501
2019-02-17, 531
2019-02-18, 685
2019-02-19, 890
2019-02-20, 745
2019-02-21, 796
2019-02-22, 628
2019-02-23, 488
2019-02-24, 475
2019-02-25, 670
2019-02-26, 724
2019-02-27, 762
2019-02-28, 701
2019-03-01, 624
2019-03-02, 393
2019-03-03, 474
2019-03-04, 659
2019-03-05, 718
2019-03-06, 689
2019-03-07, 644
2019-03-08, 572
2019-03-09, 667
2019-03-10, 464
2019-03-11, 628
2019-03-12, 861
2019-03-13, 859
2019-03-14, 603
2019-03-15, 500
2019-03-16, 351
2019-03-17, 437
2019-03-18, 682
2019-03-19, 653
2019-03-20, 656
2019-03-21, 609
2019-03-22, 536
2019-03-23, 419
2019-03-24, 408
2019-03-25, 598
2019-03-26, 662
2019-03-27, 601
2019-03-28, 601
2019-03-29, 519
2019-03-30, 357
2019-03-31, 446
2019-04-01, 630
2019-04-02, 586
2019-04-03, 576
2019-04-04, 580
2019-04-05, 716
2019-04-06, 392
2019-04-07, 421
2019-04-08, 576
2019-04-09, 550
2019-04-10, 554
2019-04-11, 578
2019-04-12, 508
2019-04-13, 343
2019-04-14, 529
2019-04-15, 914
2019-04-16, 551
2019-04-17, 503
2019-04-18, 522
2019-04-19, 380
2019-04-20, 325
2019-04-21, 351
2019-04-22, 467
2019-04-23, 516
2019-04-24, 516
2019-04-25, 510
2019-04-26, 455
2019-04-27, 358
2019-04-28, 389
2019-04-29, 564
2019-04-30, 496
2019-05-01, 488
2019-05-02, 540
2019-05-03, 420
2019-05-04, 343
2019-05-05, 359
2019-05-06, 496
2019-05-07, 540
2019-05-08, 489
2019-05-09, 487
2019-05-10, 440
2019-05-11, 361
2019-05-12, 395
2019-05-13, 550
2019-05-14, 939
2019-05-15, 558
2019-05-16, 524
2019-05-17, 478
2019-05-18, 302
2019-05-19, 367
2019-05-20, 558
2019-05-21, 538
2019-05-22, 538
2019-05-23, 490
2019-05-24, 463
2019-05-25, 328
2019-05-26, 342
2019-05-27, 483
2019-05-28, 574
2019-05-29, 470
2019-05-30, 482
2019-05-31, 518
2019-06-01, 344
2019-06-02, 334
2019-06-03, 496
2019-06-04, 416
2019-06-05, 480
2019-06-06, 774
2019-06-07, 388
2019-06-08, 353
2019-06-09, 291
2019-06-10, 445
2019-06-11, 426
2019-06-12, 421
2019-06-13, 417
2019-06-14, 377
2019-06-15, 306
2019-06-16, 240
2019-06-17, 427
2019-06-18, 429
2019-06-19, 359
2019-06-20, 365
2019-06-21, 311
2019-06-22, 265
2019-06-23, 260
2019-06-24, 373
2019-06-25, 391
2019-06-26, 402
2019-06-27, 356
2019-06-28, 329
2019-06-29, 202
2019-06-30, 243
2019-07-01, 356
2019-07-02, 310
2019-07-03, 366
2019-07-04, 323
2019-07-05, 343
2019-07-06, 266
2019-07-07, 292
2019-07-08, 333
2019-07-09, 364
2019-07-10, 382
2019-07-11, 332
2019-07-12, 329
2019-07-13, 295
2019-07-14, 239
2019-07-15, 361
2019-07-16, 408
2019-07-17, 393
2019-07-18, 371
2019-07-19, 311
2019-07-20, 253
2019-07-21, 267
2019-07-22, 329
2019-07-23, 329
2019-07-24, 402
2019-07-25, 337
2019-07-26, 288
2019-07-27, 202
2019-07-28, 248
2019-07-29, 364
2019-07-30, 344
2019-07-31, 317
2019-08-01, 336
2019-08-02, 279
2019-08-03, 254
2019-08-04, 276
2019-08-05, 347
2019-08-06, 363
2019-08-07, 331
2019-08-08, 325
2019-08-09, 263
2019-08-10, 233
2019-08-11, 256
2019-08-12, 325
2019-08-13, 339
2019-08-14, 365
2019-08-15, 306
2019-08-16, 460
2019-08-17, 270
2019-08-18, 251
2019-08-19, 412
2019-08-20, 488
2019-08-21, 460
2019-08-22, 412
2019-08-23, 376
2019-08-24, 288
2019-08-25, 307
2019-08-26, 409
2019-08-27, 413
2019-08-28, 434
2019-08-29, 442
2019-08-30, 369
2019-08-31, 298
2019-09-01, 314
2019-09-02, 345
2019-09-03, 479
2019-09-04, 462
2019-09-05, 479
2019-09-06, 403
2019-09-07, 312
2019-09-08, 429
2019-09-09, 568
2019-09-10, 560
2019-09-11, 536
2019-09-12, 487
2019-09-13, 491
2019-09-14, 377
2019-09-15, 427
2019-09-16, 733
2019-09-17, 657
2019-09-18, 677
2019-09-19, 730
2019-09-20, 539
2019-09-21, 640
2019-09-22, 461
2019-09-23, 722
2019-09-24, 782
2019-09-25, 771
2019-09-26, 677
2019-09-27, 1150
2019-09-28, 1020
2019-09-29, 835
2019-09-30, 718
2019-10-01, 694
2019-10-02, 661
2019-10-03, 766
2019-10-04, 624
2019-10-05, 421
2019-10-06, 1074
2019-10-07, 1052
2019-10-08, 719
2019-10-09, 697
2019-10-10, 701
2019-10-11, 631
2019-10-12, 497
2019-10-13, 528
2019-10-14, 686
2019-10-15, 707
2019-10-16, 796
2019-10-17, 679
2019-10-18, 698
2019-10-19, 444
2019-10-20, 453
2019-10-21, 705
2019-10-22, 735
2019-10-23, 795
2019-10-24, 649
2019-10-25, 551
2019-10-26, 398
2019-10-27, 482
2019-10-28, 677
2019-10-29, 691
2019-10-30, 713
2019-10-31, 692
2019-11-01, 627
2019-11-02, 418
2019-11-03, 500
2019-11-04, 715
2019-11-05, 723
2019-11-06, 681
2019-11-07, 689
2019-11-08, 657
2019-11-09, 431
2019-11-10, 469
2019-11-11, 699
2019-11-12, 727
2019-11-13, 747
2019-11-14, 729
2019-11-15, 637
2019-11-16, 476
2019-11-17, 528
2019-11-18, 760
2019-11-19, 729
2019-11-20, 742
2019-11-21, 710
2019-11-22, 625
2019-11-23, 423
2019-11-24, 526
2019-11-25, 777
2019-11-26, 666
2019-11-27, 704
2019-11-28, 602
2019-11-29, 615
2019-11-30, 453
2019-12-01, 527
2019-12-02, 843
2019-12-03, 753
2019-12-04, 749
2019-12-05, 764
2019-12-06, 754
2019-12-07, 546
2019-12-08, 576
2019-12-09, 791
2019-12-10, 835
2019-12-11, 701
2019-12-12, 703
2019-12-13, 620
2019-12-14, 475
2019-12-15, 516
2019-12-16, 710
2019-12-17, 780
2019-12-18, 757
2019-12-19, 676
2019-12-20, 559
2019-12-21, 461
2019-12-22, 475
2019-12-23, 545
2019-12-24, 533
2019-12-25, 379
2019-12-26, 526
2019-12-27, 612
2019-12-28, 571
2019-12-29, 520
2019-12-30, 673
2019-12-31, 576
2020-01-01, 511
2020-01-02, 735
2020-01-03, 739
2020-01-04, 525
2020-01-05, 553
2020-01-06, 876
2020-01-07, 854
2020-01-08, 816
2020-01-09, 848
2020-01-10, 721
2020-01-11, 524
2020-01-12, 578
2020-01-13, 735
2020-01-14, 744
2020-01-15, 764
2020-01-16, 797
2020-01-17, 723
2020-01-18, 569
2020-01-19, 572
2020-01-20, 1487
2020-01-21, 1697
2020-01-22, 2016
2020-01-23, 2485
2020-01-24, 2527
2020-01-25, 2194
2020-01-26, 2405
2020-01-27, 3230
2020-01-28, 3502
2020-01-29, 3537
2020-01-30, 3972
2020-01-31, 4179
2020-02-01, 2567
2020-02-02, 2146
2020-02-03, 2839
2020-02-04, 2577
2020-02-05, 2272
2020-02-06, 2236
2020-02-07, 2135
2020-02-08, 1550
2020-02-09, 1516
2020-02-10, 2298
2020-02-11, 2228
2020-02-12, 1945
2020-02-13, 1862
2020-02-14, 1571
2020-02-15, 1092
2020-02-16, 1065
2020-02-17, 1432
2020-02-18, 1443
2020-02-19, 1430
2020-02-20, 1358
2020-02-21, 1397
2020-02-22, 1028
2020-02-23, 1150
2020-02-24, 2186
2020-02-25, 3150
2020-02-26, 3634
2020-02-27, 4242
2020-02-28, 4249
2020-02-29, 2695
2020-03-01, 2841
2020-03-02, 4624
2020-03-03, 4509
2020-03-04, 4239
2020-03-05, 4536
2020-03-06, 4284
2020-03-07, 3623
2020-03-08, 3131
2020-03-09, 4901
2020-03-10, 5349
2020-03-11, 6129
2020-03-12, 7750
2020-03-13, 7404
2020-03-14, 6027
2020-03-15, 5572
2020-03-16, 6775
2020-03-17, 6333
2020-03-18, 5871
2020-03-19, 5716
2020-03-20, 5145
2020-03-21, 4283
2020-03-22, 4189
2020-03-23, 4810
2020-03-24, 4133
2020-03-25, 3882
2020-03-26, 4144
2020-03-27, 4738
2020-03-28, 4120
2020-03-29, 3316
2020-03-30, 3248
2020-03-31, 2921
2020-04-01, 2911
2020-04-02, 2842
2020-04-03, 2773
2020-04-04, 2385
2020-04-05, 2488
2020-04-06, 2716
2020-04-07, 2496
2020-04-08, 2259
2020-04-09, 2407
2020-04-10, 2034
2020-04-11, 1989
2020-04-12, 1952
2020-04-13, 2113
2020-04-14, 2124
2020-04-15, 2114
2020-04-16, 2242
2020-04-17, 2132
2020-04-18, 1879
2020-04-19, 1900
2020-04-20, 2343
2020-04-21, 2128
2020-04-22, 2067
2020-04-23, 2066
2020-04-24, 1714
2020-04-25, 1458
2020-04-26, 1717
2020-04-27, 1936
2020-04-28, 1988
2020-04-29, 1814
2020-04-30, 1619
2020-05-01, 1250
2020-05-02, 1124
2020-05-03, 1090
2020-05-04, 1462
2020-05-05, 1359
2020-05-06, 1344
2020-05-07, 1256
2020-05-08, 1086
2020-05-09, 931
2020-05-10, 967
2020-05-11, 1263
2020-05-12, 1171
2020-05-13, 1205
2020-05-14, 1646
2020-05-15, 1291
2020-05-16, 981
2020-05-17, 885
2020-05-18, 1229
2020-05-19, 1099
2020-05-20, 985
2020-05-21, 979
2020-05-22, 958
2020-05-23, 709
2020-05-24, 771
2020-05-25, 844
2020-05-26, 919
2020-05-27, 814
2020-05-28, 869
2020-05-29, 743
2020-05-30, 542
2020-05-31, 579
2020-06-01, 692
2020-06-02, 639
2020-06-03, 701
2020-06-04, 669
2020-06-05, 630
2020-06-06, 572
2020-06-07, 541
2020-06-08, 633
2020-06-09, 690
2020-06-10, 678
2020-06-11, 642
2020-06-12, 567
2020-06-13, 409
2020-06-14, 482
2020-06-15, 615
2020-06-16, 651
2020-06-17, 589
2020-06-18, 661
2020-06-19, 559
2020-06-20, 444
2020-06-21, 498
2020-06-22, 614
2020-06-23, 637
2020-06-24, 623
2020-06-25, 706
2020-06-26, 568
2020-06-27, 489
2020-06-28, 506
2020-06-29, 720
2020-06-30, 758
2020-07-01, 724
2020-07-02, 741
2020-07-03, 616
2020-07-04, 506
2020-07-05, 503
2020-07-06, 727
2020-07-07, 745
2020-07-08, 769
2020-07-09, 771
2020-07-10, 676
2020-07-11, 558
2020-07-12, 592
2020-07-13, 1048
2020-07-14, 1064
2020-07-15, 998
2020-07-16, 833
2020-07-17, 900
2020-07-18, 637
2020-07-19, 671
2020-07-20, 955
2020-07-21, 842
2020-07-22, 844
2020-07-23, 785
2020-07-24, 734
2020-07-25, 563
2020-07-26, 505
2020-07-27, 724
2020-07-28, 737
2020-07-29, 673
2020-07-30, 631
2020-07-31, 617
2020-08-01, 505
2020-08-02, 538
2020-08-03, 731
2020-08-04, 732
2020-08-05, 760
2020-08-06, 714
2020-08-07, 651
2020-08-08, 490
2020-08-09, 548
2020-08-10, 727
2020-08-11, 816
2020-08-12, 829
2020-08-13, 759
2020-08-14, 657
2020-08-15, 481
2020-08-16, 432
2020-08-17, 676
2020-08-18, 666
2020-08-19, 676
2020-08-20, 619
2020-08-21, 571
2020-08-22, 447
2020-08-23, 586
2020-08-24, 762
2020-08-25, 770
2020-08-26, 659
2020-08-27, 610
2020-08-28, 574
2020-08-29, 494
2020-08-30, 539
2020-08-31, 673
2020-09-01, 676
2020-09-02, 705
2020-09-03, 669
2020-09-04, 616
2020-09-05, 450
2020-09-06, 494
2020-09-07, 702
2020-09-08, 735
2020-09-09, 799
2020-09-10, 774
2020-09-11, 693
2020-09-12, 555
2020-09-13, 538
2020-09-14, 773
2020-09-15, 712
2020-09-16, 796
2020-09-17, 858
2020-09-18, 724
2020-09-19, 525
2020-09-20, 582
2020-09-21, 905
2020-09-22, 867
2020-09-23, 825
2020-09-24, 730
2020-09-25, 766
2020-09-26, 569
2020-09-27, 618
2020-09-28, 774
2020-09-29, 886
2020-09-30, 792
2020-10-01, 744
2020-10-02, 781
2020-10-03, 624
2020-10-04, 666
2020-10-05, 867
2020-10-06, 949
2020-10-07, 945
2020-10-08, 928
2020-10-09, 778
2020-10-10, 564
2020-10-11, 729
2020-10-12, 900
2020-10-13, 1008
2020-10-14, 862
2020-10-15, 853
2020-10-16, 932
2020-10-17, 640
2020-10-18, 662
2020-10-19, 1003
2020-10-20, 908
2020-10-21, 911
2020-10-22, 926
2020-10-23, 790
2020-10-24, 584
2020-10-25, 688
2020-10-26, 837
2020-10-27, 1053
2020-10-28, 945
2020-10-29, 967
2020-10-30, 812
2020-10-31, 622
2020-11-01, 636
2020-11-02, 898
2020-11-03, 893
2020-11-04, 672
2020-11-05, 1649
2020-11-06, 3992
2020-11-07, 622
2020-11-08, 571
2020-11-09, 951
2020-11-10, 909
2020-11-11, 784
2020-11-12, 836
2020-11-13, 777
2020-11-14, 589
2020-11-15, 742
2020-11-16, 1159
2020-11-17, 966
2020-11-18, 933
2020-11-19, 964
2020-11-20, 801
2020-11-21, 653
2020-11-22, 851
2020-11-23, 1007
2020-11-24, 940
2020-11-25, 838
2020-11-26, 785
2020-11-27, 762
2020-11-28, 574
2020-11-29, 624
2020-11-30, 914
2020-12-01, 861
2020-12-02, 895
2020-12-03, 923
2020-12-04, 911
2020-12-05, 718
2020-12-06, 677
2020-12-07, 923
2020-12-08, 922
2020-12-09, 804
2020-12-10, 818
2020-12-11, 687
2020-12-12, 576
2020-12-13, 579
2020-12-14, 873
2020-12-15, 910
2020-12-16, 821
2020-12-17, 788
2020-12-18, 698
2020-12-19, 596
2020-12-20, 666
2020-12-21, 902
2020-12-22, 773
2020-12-23, 637
2020-12-24, 525
2020-12-25, 457
2020-12-26, 525
2020-12-27, 589
2020-12-28, 651
2020-12-29, 694
2020-12-30, 769
2020-12-31, 634
2021-01-01, 593
2021-01-02, 611
2021-01-03, 607
2021-01-04, 835
2021-01-05, 900
2021-01-06, 785
2021-01-07, 653
2021-01-08, 666
2021-01-09, 491
2021-01-10, 1243
2021-01-11, 858
2021-01-12, 809
2021-01-13, 828
2021-01-14, 767
2021-01-15, 707
2021-01-16, 476
2021-01-17, 546
2021-01-18, 607
2021-01-19, 698
2021-01-20, 705
2021-01-21, 674
2021-01-22, 648
2021-01-23, 500
2021-01-24, 605
2021-01-25, 736
2021-01-26, 729
2021-01-27, 699
2021-01-28, 653
2021-01-29, 622
2021-01-30, 486
2021-01-31, 510
2021-02-01, 663
2021-02-02, 666
2021-02-03, 699
2021-02-04, 686
2021-02-05, 642
2021-02-06, 438
2021-02-07, 569
2021-02-08, 764
2021-02-09, 754
2021-02-10, 698
2021-02-11, 664
2021-02-12, 581
2021-02-13, 434
2021-02-14, 470
2021-02-15, 627
2021-02-16, 594
2021-02-17, 629
2021-02-18, 582
2021-02-19, 592
2021-02-20, 470
2021-02-21, 453
2021-02-22, 613
2021-02-23, 610
2021-02-24, 602
2021-02-25, 586
2021-02-26, 556
2021-02-27, 436
2021-02-28, 531
2021-03-01, 608
2021-03-02, 708
2021-03-03, 609
2021-03-04, 700
2021-03-05, 605
2021-03-06, 390
2021-03-07, 429
2021-03-08, 627
2021-03-09, 669
2021-03-10, 554
2021-03-11, 594
2021-03-12, 587
2021-03-13, 407
2021-03-14, 502
2021-03-15, 638
2021-03-16, 618
2021-03-17, 614
2021-03-18, 621
2021-03-19, 771
2021-03-20, 459
2021-03-21, 412
2021-03-22, 664
2021-03-23, 923
2021-03-24, 708
2021-03-25, 720
2021-03-26, 589
2021-03-27, 444
2021-03-28, 417
2021-03-29, 616
2021-03-30, 650
2021-03-31, 579
2021-04-01, 548
2021-04-02, 485
2021-04-03, 381
2021-04-04, 409
2021-04-05, 550
2021-04-06, 641
2021-04-07, 639
2021-04-08, 644
2021-04-09, 543
2021-04-10, 466
2021-04-11, 520
2021-04-12, 641
2021-04-13, 687
2021-04-14, 610
2021-04-15, 687
2021-04-16, 643
2021-04-17, 410
2021-04-18, 450
2021-04-19, 651
2021-04-20, 597
2021-04-21, 597
2021-04-22, 623
2021-04-23, 596
2021-04-24, 447
2021-04-25, 407
2021-04-26, 625
2021-04-27, 620
2021-04-28, 627
2021-04-29, 664
2021-04-30, 610
2021-05-01, 392
2021-05-02, 510
2021-05-03, 661
2021-05-04, 672
2021-05-05, 650
2021-05-06, 624
2021-05-07, 501
2021-05-08, 439
2021-05-09, 433
2021-05-10, 641
2021-05-11, 553
2021-05-12, 549
2021-05-13, 598
2021-05-14, 559
2021-05-15, 381
2021-05-16, 433
2021-05-17, 629
2021-05-18, 615
2021-05-19, 572
2021-05-20, 630
2021-05-21, 593
2021-05-22, 433
2021-05-23, 444
2021-05-24, 569
2021-05-25, 574
2021-05-26, 522
2021-05-27, 568
2021-05-28, 553
2021-05-29, 406
2021-05-30, 482
2021-05-31, 532
2021-06-01, 544
2021-06-02, 606
2021-06-03, 582
2021-06-04, 496
2021-06-05, 383
2021-06-06, 369
2021-06-07, 528
2021-06-08, 520
2021-06-09, 522
2021-06-10, 533
2021-06-11, 483
2021-06-12, 405
2021-06-13, 383
2021-06-14, 530
2021-06-15, 554
2021-06-16, 567
2021-06-17, 494
2021-06-18, 453
2021-06-19, 303
2021-06-20, 318
2021-06-21, 456
2021-06-22, 482
2021-06-23, 508
2021-06-24, 405
2021-06-25, 422
2021-06-26, 290
2021-06-27, 351
2021-06-28, 482
2021-06-29, 502
2021-06-30, 452
2021-07-01, 490
2021-07-02, 449
2021-07-03, 354
2021-07-04, 348
2021-07-05, 493
2021-07-06, 558
2021-07-07, 496
2021-07-08, 511
2021-07-09, 466
2021-07-10, 333
2021-07-11, 350
2021-07-12, 474
2021-07-13, 536
2021-07-14, 500
2021-07-15, 527
2021-07-16, 494
2021-07-17, 371
2021-07-18, 338
2021-07-19, 442
2021-07-20, 461
2021-07-21, 549
2021-07-22, 513
2021-07-23, 518
2021-07-24, 384
2021-07-25, 381
2021-07-26, 553
2021-07-27, 549
2021-07-28, 506
2021-07-29, 578
2021-07-30, 652
2021-07-31, 463
2021-08-01, 489
2021-08-02, 590
2021-08-03, 596
2021-08-04, 570
2021-08-05, 584
2021-08-06, 548
2021-08-07, 417
2021-08-08, 471
2021-08-09, 625
2021-08-10, 663
2021-08-11, 666
2021-08-12, 597
2021-08-13, 581
2021-08-14, 456
2021-08-15, 433
2021-08-16, 546
2021-08-17, 580
2021-08-18, 598
2021-08-19, 666
2021-08-20, 612
2021-08-21, 480
2021-08-22, 428
2021-08-23, 661
2021-08-24, 652
2021-08-25, 611
2021-08-26, 616
2021-08-27, 590
2021-08-28, 462
2021-08-29, 547
2021-08-30, 708
2021-08-31, 685
2021-09-01, 727
2021-09-02, 672
2021-09-03, 653
2021-09-04, 425
2021-09-05, 521
2021-09-06, 655
2021-09-07, 647
2021-09-08, 724
2021-09-09, 781
2021-09-10, 683
2021-09-11, 464
2021-09-12, 483
2021-09-13, 727
2021-09-14, 712
2021-09-15, 675
2021-09-16, 704
2021-09-17, 672
2021-09-18, 488
2021-09-19, 488
2021-09-20, 760
2021-09-21, 680
2021-09-22, 714
2021-09-23, 812
2021-09-24, 750
2021-09-25, 502
2021-09-26, 490
2021-09-27, 751
2021-09-28, 787
2021-09-29, 771
2021-09-30, 732
2021-10-01, 667
2021-10-02, 462
2021-10-03, 551
2021-10-04, 784
2021-10-05, 768
2021-10-06, 752
2021-10-07, 703
2021-10-08, 672
2021-10-09, 517
2021-10-10, 484
2021-10-11, 659
2021-10-12, 751
2021-10-13, 712
2021-10-14, 683
2021-10-15, 620
2021-10-16, 479
2021-10-17, 530
2021-10-18, 717
2021-10-19, 703
2021-10-20, 712
2021-10-21, 668
2021-10-22, 667
2021-10-23, 497
2021-10-24, 502
2021-10-25, 698
2021-10-26, 689
2021-10-27, 720
2021-10-28, 722
2021-10-29, 637
2021-10-30, 554
2021-10-31, 522
2021-11-01, 689
2021-11-02, 708
2021-11-03, 668
2021-11-04, 615
2021-11-05, 614
2021-11-06, 393
2021-11-07, 460
2021-11-08, 708
2021-11-09, 620
2021-11-10, 641
2021-11-11, 609
2021-11-12, 541
2021-11-13, 431
2021-11-14, 460
2021-11-15, 644
2021-11-16, 635
2021-11-17, 688
2021-11-18, 699
2021-11-19, 656
2021-11-20, 435
2021-11-21, 539
2021-11-22, 737
2021-11-23, 769
2021-11-24, 616
2021-11-25, 642
2021-11-26, 651
2021-11-27, 599
2021-11-28, 659
2021-11-29, 1131
2021-11-30, 1066
2021-12-01, 921
2021-12-02, 909
2021-12-03, 799
2021-12-04, 782
2021-12-05, 946
2021-12-06, 1235
2021-12-07, 1061
2021-12-08, 983
2021-12-09, 927
2021-12-10, 815
2021-12-11, 697
2021-12-12, 592
2021-12-13, 879
2021-12-14, 923
2021-12-15, 1040
2021-12-16, 1011
2021-12-17, 951
2021-12-18, 723
2021-12-19, 805
2021-12-20, 1031
2021-12-21, 1191
2021-12-22, 1121
2021-12-23, 1183
2021-12-24, 943
2021-12-25, 653
2021-12-26, 780
2021-12-27, 1019
2021-12-28, 1153
2021-12-29, 1174
2021-12-30, 1146
2021-12-31, 1023
2022-01-01, 724
2022-01-02, 956
2022-01-03, 1243
2022-01-04, 1503
2022-01-05, 1362
2022-01-06, 1301
2022-01-07, 1140
2022-01-08, 920
2022-01-09, 927
2022-01-10, 1655
2022-01-11, 1441
2022-01-12, 1175
2022-01-13, 1227
2022-01-14, 937
2022-01-15, 650
2022-01-16, 657
2022-01-17, 825
2022-01-18, 920
2022-01-19, 825
2022-01-20, 830
2022-01-21, 717
2022-01-22, 624
2022-01-23, 532
2022-01-24, 749
2022-01-25, 775
2022-01-26, 729
2022-01-27, 736
2022-01-28, 702
2022-01-29, 464
2022-01-30, 482
2022-01-31, 641
2022-02-01, 637
2022-02-02, 627
2022-02-03, 639
2022-02-04, 614
2022-02-05, 446
2022-02-06, 474
2022-02-07, 563
2022-02-08, 552
2022-02-09, 559
2022-02-10, 531
2022-02-11, 496
2022-02-12, 352
2022-02-13, 363
2022-02-14, 528
2022-02-15, 530
2022-02-16, 484
2022-02-17, 535
2022-02-18, 467
2022-02-19, 365
2022-02-20, 361
2022-02-21, 511
2022-02-22, 492
2022-02-23, 452
2022-02-24, 422
2022-02-25, 355
2022-02-26, 231
2022-02-27, 286
2022-02-28, 407
2022-03-01, 385
2022-03-02, 455
2022-03-03, 446
2022-03-04, 414
2022-03-05, 263
2022-03-06, 318
2022-03-07, 480
2022-03-08, 483
2022-03-09, 461
2022-03-10, 447
2022-03-11, 470
2022-03-12, 317
2022-03-13, 362
2022-03-14, 457
2022-03-15, 524
2022-03-16, 414
2022-03-17, 443
2022-03-18, 577
2022-03-19, 314
2022-03-20, 382
2022-03-21, 472
2022-03-22, 508
2022-03-23, 545
2022-03-24, 431
2022-03-25, 413
2022-03-26, 339
2022-03-27, 347
2022-03-28, 473
2022-03-29, 523
2022-03-30, 507
2022-03-31, 510
2022-04-01, 438
2022-04-02, 312
2022-04-03, 356
2022-04-04, 511
2022-04-05, 550
2022-04-06, 488
2022-04-07, 499
2022-04-08, 423
2022-04-09, 316
2022-04-10, 359
2022-04-11, 488
2022-04-12, 450
2022-04-13, 416
2022-04-14, 421
2022-04-15, 337
2022-04-16, 316
2022-04-17, 301
2022-04-18, 451
2022-04-19, 507
2022-04-20, 445
2022-04-21, 453
2022-04-22, 407
2022-04-23, 281
2022-04-24, 275
2022-04-25, 407
2022-04-26, 884
2022-04-27, 650
2022-04-28, 479
2022-04-29, 337
2022-04-30, 276
2022-05-01, 280
2022-05-02, 394
2022-05-03, 415
2022-05-04, 364
2022-05-05, 450
2022-05-06, 480
2022-05-07, 307
2022-05-08, 317
2022-05-09, 403
2022-05-10, 405
2022-05-11, 434
2022-05-12, 447
2022-05-13, 364
2022-05-14, 255
2022-05-15, 262
2022-05-16, 437
2022-05-17, 407
2022-05-18, 424
2022-05-19, 402
2022-05-20, 364
2022-05-21, 268
2022-05-22, 267
2022-05-23, 388
2022-05-24, 395
2022-05-25, 399
2022-05-26, 400
2022-05-27, 358
2022-05-28, 306
2022-05-29, 306
2022-05-30, 355
2022-05-31, 441
2022-06-01, 324
2022-06-02, 348
2022-06-03, 357
2022-06-04, 269
2022-06-05, 286
2022-06-06, 348
2022-06-07, 412
2022-06-08, 335
2022-06-09, 336
2022-06-10, 302
2022-06-11, 254
2022-06-12, 253
2022-06-13, 354
2022-06-14, 362
2022-06-15, 314
2022-06-16, 303
2022-06-17, 327
2022-06-18, 260
2022-06-19, 276
2022-06-20, 368
2022-06-21, 303
2022-06-22, 358
2022-06-23, 330
2022-06-24, 278
2022-06-25, 251
2022-06-26, 252
2022-06-27, 314
2022-06-28, 324
2022-06-29, 352
2022-06-30, 259
2022-07-01, 282
2022-07-02, 213
2022-07-03, 261
2022-07-04, 285
2022-07-05, 295
2022-07-06, 325
2022-07-07, 315
2022-07-08, 318
2022-07-09, 244
2022-07-10, 324
2022-07-11, 359
2022-07-12, 323
2022-07-13, 300
2022-07-14, 357
2022-07-15, 325
2022-07-16, 254
2022-07-17, 264
2022-07-18, 375
2022-07-19, 307
2022-07-20, 349
2022-07-21, 342
2022-07-22, 266
2022-07-23, 305
2022-07-24, 278
2022-07-25, 334
2022-07-26, 314
2022-07-27, 394
2022-07-28, 313
2022-07-29, 296
2022-07-30, 199
2022-07-31, 271
2022-08-01, 310
2022-08-02, 285
2022-08-03, 292
2022-08-04, 316
2022-08-05, 276
2022-08-06, 232
2022-08-07, 278
2022-08-08, 299
2022-08-09, 303
2022-08-10, 330
2022-08-11, 318
2022-08-12, 285
2022-08-13, 231
2022-08-14, 251
2022-08-15, 311
2022-08-16, 355
2022-08-17, 336
2022-08-18, 332
2022-08-19, 271
2022-08-20, 246
2022-08-21, 256
2022-08-22, 341
2022-08-23, 342
2022-08-24, 335
2022-08-25, 332
2022-08-26, 344
2022-08-27, 311
2022-08-28, 306
2022-08-29, 385
2022-08-30, 383
2022-08-31, 306
2022-09-01, 287
2022-09-02, 284
2022-09-03, 264
2022-09-04, 268
2022-09-05, 354
2022-09-06, 336
2022-09-07, 362
2022-09-08, 340
2022-09-09, 300
2022-09-10, 255
2022-09-11, 274
2022-09-12, 354
2022-09-13, 396
2022-09-14, 367
2022-09-15, 388
2022-09-16, 455
2022-09-17, 346
2022-09-18, 404
2022-09-19, 431
2022-09-20, 411
2022-09-21, 474
2022-09-22, 400
2022-09-23, 363
2022-09-24, 319
2022-09-25, 351
2022-09-26, 468
2022-09-27, 431
2022-09-28, 434
2022-09-29, 452
2022-09-30, 388
2022-10-01, 318
2022-10-02, 360
2022-10-03, 486
2022-10-04, 404
2022-10-05, 484
2022-10-06, 438
2022-10-07, 399
2022-10-08, 293
2022-10-09, 330
2022-10-10, 413
2022-10-11, 448
2022-10-12, 433
2022-10-13, 435
2022-10-14, 424
2022-10-15, 283
2022-10-16, 331
2022-10-17, 481
2022-10-18, 506
2022-10-19, 457
2022-10-20, 463
2022-10-21, 459
2022-10-22, 322
2022-10-23, 391
2022-10-24, 505
2022-10-25, 503
2022-10-26, 485
2022-10-27, 514
2022-10-28, 424
2022-10-29, 342
2022-10-30, 324
2022-10-31, 449
2022-11-01, 466
2022-11-02, 531
2022-11-03, 504
2022-11-04, 472
2022-11-05, 389
2022-11-06, 362
2022-11-07, 528
2022-11-08, 511
2022-11-09, 534
2022-11-10, 499
2022-11-11, 421
2022-11-12, 305
2022-11-13, 338
2022-11-14, 548
2022-11-15, 1031
2022-11-16, 515
2022-11-17, 488
2022-11-18, 426
2022-11-19, 364
2022-11-20, 444
2022-11-21, 555
2022-11-22, 518
2022-11-23, 517
2022-11-24, 443
2022-11-25, 392
2022-11-26, 337
2022-11-27, 444
2022-11-28, 595
2022-11-29, 636
2022-11-30, 555
2022-12-01, 558
2022-12-02, 527
2022-12-03, 372
2022-12-04, 424
2022-12-05, 549
2022-12-06, 536
2022-12-07, 595
2022-12-08, 591
2022-12-09, 497
2022-12-10, 442
2022-12-11, 464
2022-12-12, 670
2022-12-13, 596
2022-12-14, 607
2022-12-15, 593
2022-12-16, 492
2022-12-17, 420
2022-12-18, 386
2022-12-19, 532
2022-12-20, 537
2022-12-21, 572
2022-12-22, 489
2022-12-23, 423
2022-12-24, 379
2022-12-25, 311
2022-12-26, 354
2022-12-27, 415
2022-12-28, 477
2022-12-29, 487
2022-12-30, 432
2022-12-31, 332
2023-01-01, 0
2023-01-02, 0
2023-01-03, 0
2023-01-04, 490
2023-01-05, 492
2023-01-06, 423
2023-01-07, 325
2023-01-08, 346
2023-01-09, 487
2023-01-10, 402
2023-01-11, 403
2023-01-12, 402
2023-01-13, 323
2023-01-14, 265
2023-01-15, 299
2023-01-16, 371
2023-01-17, 394
2023-01-18, 436
2023-01-19, 369
2023-01-20, 332
2023-01-21, 247
2023-01-22, 265
2023-01-23, 377
2023-01-24, 381
2023-01-25, 396
2023-01-26, 349
2023-01-27, 360
2023-01-28, 261
2023-01-29, 297
2023-01-30, 424
2023-01-31, 441
2023-02-01, 395
2023-02-02, 390
2023-02-03, 350
2023-02-04, 272
2023-02-05, 274
2023-02-06, 370
2023-02-07, 441
2023-02-08, 339
2023-02-09, 389
2023-02-10, 315
2023-02-11, 280
2023-02-12, 300
2023-02-13, 396
2023-02-14, 392
2023-02-15, 365
2023-02-16, 356
2023-02-17, 359
2023-02-18, 304
2023-02-19, 309
2023-02-20, 347
2023-02-21, 405
2023-02-22, 350
2023-02-23, 365
2023-02-24, 360
2023-02-25, 311
2023-02-26, 293
2023-02-27, 399
2023-02-28, 428
2023-03-01, 391
2023-03-02, 442
2023-03-03, 312
2023-03-04, 274
2023-03-05, 313
2023-03-06, 416
2023-03-07, 382
2023-03-08, 367
2023-03-09, 392
2023-03-10, 315
2023-03-11, 249
2023-03-12, 261
2023-03-13, 406
2023-03-14, 372
2023-03-15, 376
2023-03-16, 378
2023-03-17, 551
2023-03-18, 293
2023-03-19, 437
2023-03-20, 376
2023-03-21, 374
2023-03-22, 514
2023-03-23, 336
2023-03-24, 326
2023-03-25, 226
2023-03-26, 247
2023-03-27, 318
2023-03-28, 394
2023-03-29, 332
2023-03-30, 382
2023-03-31, 341
2023-04-01, 256
2023-04-02, 237
2023-04-03, 351
2023-04-04, 352
2023-04-05, 335
2023-04-06, 357
2023-04-07, 258
2023-04-08, 224
2023-04-09, 222
2023-04-10, 277
2023-04-11, 324
2023-04-12, 324
2023-04-13, 375
2023-04-14, 288
2023-04-15, 233
2023-04-16, 216
2023-04-17, 326
2023-04-18, 351
2023-04-19, 335
2023-04-20, 278
2023-04-21, 275
2023-04-22, 208
2023-04-23, 241
2023-04-24, 335
2023-04-25, 342
2023-04-26, 313
2023-04-27, 374
2023-04-28, 255
2023-04-29, 199
2023-04-30, 196
2023-05-01, 299
2023-05-02, 352
2023-05-03, 334
2023-05-04, 332
2023-05-05, 349
2023-05-06, 235
2023-05-07, 244
2023-05-08, 304
2023-05-09, 328
2023-05-10, 320
2023-05-11, 333
2023-05-12, 278
2023-05-13, 204
2023-05-14, 199
2023-05-15, 428
2023-05-16, 370
2023-05-17, 293
2023-05-18, 331
2023-05-19, 315
2023-05-20, 188
2023-05-21, 223
2023-05-22, 303
2023-05-23, 286
2023-05-24, 317
2023-05-25, 312
2023-05-26, 225
2023-05-27, 213
2023-05-28, 188
2023-05-29, 250
2023-05-30, 362
2023-05-31, 288
2023-06-01, 260
2023-06-02, 234
2023-06-03, 186
2023-06-04, 178
2023-06-05, 278
2023-06-06, 249
2023-06-07, 215
2023-06-08, 213
2023-06-09, 216
2023-06-10, 179
2023-06-11, 210
2023-06-12, 246
2023-06-13, 242
2023-06-14, 243
2023-06-15, 208
2023-06-16, 207
2023-06-17, 167
2023-06-18, 183
2023-06-19, 188
2023-06-20, 263
2023-06-21, 217
2023-06-22, 311
2023-06-23, 217
2023-06-24, 187
2023-06-25, 171
2023-06-26, 235
2023-06-27, 240
2023-06-28, 206
2023-06-29, 217
2023-06-30, 198
2023-07-01, 170
2023-07-02, 162
2023-07-03, 228
2023-07-04, 227
2023-07-05, 211
2023-07-06, 213
2023-07-07, 192
2023-07-08, 198
2023-07-09, 164
2023-07-10, 124