,count,avgTemp,minTemp,maxTemp,precipitation,zindex,male_under_17,male_18_to_40,male_40_to_64,male_over_65,female_under_17,female_18_to_40,female_40_to_64,female_over_65,total_population,male_population,female_population,white_population,black_population,native_american_population,asian_population,pacific_islander_population,household_income,1y,1m,2m,3m,3m_average,diff1-2,diff2-3,month_sin,month_cos
2010-01,0.0,21.5,14.8,35.6,1.44,-0.37,1611721.0,1957245.0,2028163.0,653223.0,1541738.0,1917442.0,2120850.0,914977.0,12745359.0,6250352.0,6495007.0,9136680.0,1860305.0,24729.0,571537.0,3290.0,4769951.0,0.0,0.0,0.0,0.0,0.0,0.0,0.0,0.49999999999999994,0.8660254037844387
2010-02,0.0,25.7,18.0,37.8,1.53,-0.22,1611721.0,1957245.0,2028163.0,653223.0,1541738.0,1917442.0,2120850.0,914977.0,12745359.0,6250352.0,6495007.0,9136680.0,1860305.0,24729.0,571537.0,3290.0,4769951.0,0.0,0.0,0.0,0.0,0.0,0.0,0.0,0.8660254037844386,0.5000000000000001
2010-03,0.0,43.8,34.1,46.3,2.74,-0.84,1611721.0,1957245.0,2028163.0,653223.0,1541738.0,1917442.0,2120850.0,914977.0,12745359.0,6250352.0,6495007.0,9136680.0,1860305.0,24729.0,571537.0,3290.0,4769951.0,0.0,0.0,0.0,0.0,0.0,0.0,0.0,1.0,6.123233995736766e-17
2010-04,0.0,58.7,46.1,51.7,3.36,-1.39,1611721.0,1957245.0,2028163.0,653223.0,1541738.0,1917442.0,2120850.0,914977.0,12745359.0,6250352.0,6495007.0,9136680.0,1860305.0,24729.0,571537.0,3290.0,4769951.0,0.0,0.0,0.0,0.0,0.0,0.0,0.0,0.8660254037844388,-0.4999999999999998
2010-05,0.0,64.3,53.9,55.3,5.4,1.14,1611721.0,1957245.0,2028163.0,653223.0,1541738.0,1917442.0,2120850.0,914977.0,12745359.0,6250352.0,6495007.0,9136680.0,1860305.0,24729.0,571537.0,3290.0,4769951.0,0.0,0.0,0.0,0.0,0.0,0.0,0.0,0.49999999999999994,-0.8660254037844387
2010-06,0.0,74.9,64.8,67.6,7.71,3.89,1611721.0,1957245.0,2028163.0,653223.0,1541738.0,1917442.0,2120850.0,914977.0,12745359.0,6250352.0,6495007.0,9136680.0,1860305.0,24729.0,571537.0,3290.0,4769951.0,0.0,0.0,0.0,0.0,0.0,0.0,0.0,1.2246467991473532e-16,-1.0
2010-07,0.0,77.6,67.6,80.2,5.35,2.06,1611721.0,1957245.0,2028163.0,653223.0,1541738.0,1917442.0,2120850.0,914977.0,12745359.0,6250352.0,6495007.0,9136680.0,1860305.0,24729.0,571537.0,3290.0,4769951.0,0.0,0.0,0.0,0.0,0.0,0.0,0.0,-0.5000000000000001,-0.8660254037844386
2010-08,11.0,76.8,65.6,78.4,3.18,-0.06,1611721.0,1957245.0,2028163.0,653223.0,1541738.0,1917442.0,2120850.0,914977.0,12745359.0,6250352.0,6495007.0,9136680.0,1860305.0,24729.0,571537.0,3290.0,4769951.0,5.0,0.0,0.0,0.0,0.0,0.0,0.0,-0.8660254037844384,-0.5000000000000004
2010-09,31.0,67.2,55.4,71.6,3.73,0.68,1611721.0,1957245.0,2028163.0,653223.0,1541738.0,1917442.0,2120850.0,914977.0,12745359.0,6250352.0,6495007.0,9136680.0,1860305.0,24729.0,571537.0,3290.0,4769951.0,0.0,11.0,0.0,0.0,3.6666666666666665,11.0,0.0,-1.0,-1.8369701987210297e-16
2010-10,3.0,56.5,42.4,59.3,1.32,-1.62,1611721.0,1957245.0,2028163.0,653223.0,1541738.0,1917442.0,2120850.0,914977.0,12745359.0,6250352.0,6495007.0,9136680.0,1860305.0,24729.0,571537.0,3290.0,4769951.0,0.0,31.0,11.0,0.0,14.0,20.0,11.0,-0.8660254037844386,0.5
2010-11,0.0,43.7,32.6,38.9,3.15,0.06,1611721.0,1957245.0,2028163.0,653223.0,1541738.0,1917442.0,2120850.0,914977.0,12745359.0,6250352.0,6495007.0,9136680.0,1860305.0,24729.0,571537.0,3290.0,4769951.0,0.0,3.0,31.0,11.0,15.0,-28.0,20.0,-0.5000000000000004,0.8660254037844384
2010-12,0.0,24.0,16.8,33.7,1.77,-0.53,1611721.0,1957245.0,2028163.0,653223.0,1541738.0,1917442.0,2120850.0,914977.0,12745359.0,6250352.0,6495007.0,9136680.0,1860305.0,24729.0,571537.0,3290.0,4769951.0,0.0,0.0,3.0,31.0,11.333333333333334,-3.0,-28.0,-2.4492935982947064e-16,1.0
2011-01,0.0,22.7,15.2,31.9,1.19,-0.69,1602143.0,1957502.0,2046270.0,666664.0,1533436.0,1920388.0,2138067.0,925712.0,12790182.0,6272579.0,6517603.0,9214977.0,1859608.0,25216.0,583302.0,3185.0,4773002.0,0.0,0.0,0.0,3.0,1.0,0.0,-3.0,0.49999999999999994,0.8660254037844387
2011-02,0.0,30.2,22.0,33.6,3.24,2.3,1602143.0,1957502.0,2046270.0,666664.0,1533436.0,1920388.0,2138067.0,925712.0,12790182.0,6272579.0,6517603.0,9214977.0,1859608.0,25216.0,583302.0,3185.0,4773002.0,0.0,0.0,0.0,0.0,0.0,0.0,0.0,0.8660254037844386,0.5000000000000001
2011-03,0.0,41.6,32.6,42.3,2.72,-0.59,1602143.0,1957502.0,2046270.0,666664.0,1533436.0,1920388.0,2138067.0,925712.0,12790182.0,6272579.0,6517603.0,9214977.0,1859608.0,25216.0,583302.0,3185.0,4773002.0,0.0,0.0,0.0,0.0,0.0,0.0,0.0,1.0,6.123233995736766e-17
2011-04,0.0,53.1,42.5,46.8,7.62,4.51,1602143.0,1957502.0,2046270.0,666664.0,1533436.0,1920388.0,2138067.0,925712.0,12790182.0,6272579.0,6517603.0,9214977.0,1859608.0,25216.0,583302.0,3185.0,4773002.0,0.0,0.0,0.0,0.0,0.0,0.0,0.0,0.8660254037844388,-0.4999999999999998
2011-05,0.0,62.1,51.8,57.2,5.28,1.34,1602143.0,1957502.0,2046270.0,666664.0,1533436.0,1920388.0,2138067.0,925712.0,12790182.0,6272579.0,6517603.0,9214977.0,1859608.0,25216.0,583302.0,3185.0,4773002.0,0.0,0.0,0.0,0.0,0.0,0.0,0.0,0.49999999999999994,-0.8660254037844387
2011-06,0.0,72.9,62.8,66.9,6.69,2.99,1602143.0,1957502.0,2046270.0,666664.0,1533436.0,1920388.0,2138067.0,925712.0,12790182.0,6272579.0,6517603.0,9214977.0,1859608.0,25216.0,583302.0,3185.0,4773002.0,0.0,0.0,0.0,0.0,0.0,0.0,0.0,1.2246467991473532e-16,-1.0
2011-07,2.0,79.9,69.7,80.2,3.61,-0.38,1602143.0,1957502.0,2046270.0,666664.0,1533436.0,1920388.0,2138067.0,925712.0,12790182.0,6272579.0,6517603.0,9214977.0,1859608.0,25216.0,583302.0,3185.0,4773002.0,0.0,0.0,0.0,0.0,0.0,0.0,0.0,-0.5000000000000001,-0.8660254037844386
2011-08,8.0,74.8,63.2,82.5,1.87,-2.07,1602143.0,1957502.0,2046270.0,666664.0,1533436.0,1920388.0,2138067.0,925712.0,12790182.0,6272579.0,6517603.0,9214977.0,1859608.0,25216.0,583302.0,3185.0,4773002.0,11.0,2.0,0.0,0.0,0.6666666666666666,2.0,0.0,-0.8660254037844384,-0.5000000000000004
2011-09,12.0,63.6,52.7,75.7,3.56,0.45,1602143.0,1957502.0,2046270.0,666664.0,1533436.0,1920388.0,2138067.0,925712.0,12790182.0,6272579.0,6517603.0,9214977.0,1859608.0,25216.0,583302.0,3185.0,4773002.0,31.0,8.0,2.0,0.0,3.3333333333333335,6.0,2.0,-1.0,-1.8369701987210297e-16
2011-10,0.0,55.2,42.5,56.1,1.8,-1.34,1602143.0,1957502.0,2046270.0,666664.0,1533436.0,1920388.0,2138067.0,925712.0,12790182.0,6272579.0,6517603.0,9214977.0,1859608.0,25216.0,583302.0,3185.0,4773002.0,3.0,12.0,8.0,2.0,7.333333333333333,4.0,6.0,-0.8660254037844386,0.5
2011-11,0.0,45.8,37.2,40.0,5.17,1.56,1602143.0,1957502.0,2046270.0,666664.0,1533436.0,1920388.0,2138067.0,925712.0,12790182.0,6272579.0,6517603.0,9214977.0,1859608.0,25216.0,583302.0,3185.0,4773002.0,0.0,0.0,12.0,8.0,6.666666666666667,-12.0,4.0,-0.5000000000000004,0.8660254037844384
2011-12,0.0,35.9,28.4,34.7,3.35,1.35,1602143.0,1957502.0,2046270.0,666664.0,1533436.0,1920388.0,2138067.0,925712.0,12790182.0,6272579.0,6517603.0,9214977.0,1859608.0,25216.0,583302.0,3185.0,4773002.0,0.0,0.0,0.0,12.0,4.0,0.0,-12.0,-2.4492935982947064e-16,1.0
2012-01,0.0,31.9,22.7,36.0,1.89,0.21,1589997.0,1956926.0,2061111.0,683339.0,1522741.0,1919566.0,2151175.0,939005.0,12823860.0,6291373.0,6532487.0,9298731.0,1860471.0,26669.0,595110.0,2907.0,4774275.0,0.0,0.0,0.0,0.0,0.0,0.0,0.0,0.49999999999999994,0.8660254037844387
2012-02,0.0,35.8,27.1,37.4,1.48,-0.52,1589997.0,1956926.0,2061111.0,683339.0,1522741.0,1919566.0,2151175.0,939005.0,12823860.0,6291373.0,6532487.0,9298731.0,1860471.0,26669.0,595110.0,2907.0,4774275.0,0.0,0.0,0.0,0.0,0.0,0.0,0.0,0.8660254037844386,0.5000000000000001
2012-03,0.0,55.5,44.2,46.5,2.08,-3.41,1589997.0,1956926.0,2061111.0,683339.0,1522741.0,1919566.0,2151175.0,939005.0,12823860.0,6291373.0,6532487.0,9298731.0,1860471.0,26669.0,595110.0,2907.0,4774275.0,0.0,0.0,0.0,0.0,0.0,0.0,0.0,1.0,6.123233995736766e-17
2012-04,0.0,54.6,42.4,57.2,3.13,-1.06,1589997.0,1956926.0,2061111.0,683339.0,1522741.0,1919566.0,2151175.0,939005.0,12823860.0,6291373.0,6532487.0,9298731.0,1860471.0,26669.0,595110.0,2907.0,4774275.0,0.0,0.0,0.0,0.0,0.0,0.0,0.0,0.8660254037844388,-0.4999999999999998
2012-05,0.0,68.1,55.7,62.2,2.47,-2.65,1589997.0,1956926.0,2061111.0,683339.0,1522741.0,1919566.0,2151175.0,939005.0,12823860.0,6291373.0,6532487.0,9298731.0,1860471.0,26669.0,595110.0,2907.0,4774275.0,0.0,0.0,0.0,0.0,0.0,0.0,0.0,0.49999999999999994,-0.8660254037844387
2012-06,0.0,72.6,59.8,71.6,1.73,-3.16,1589997.0,1956926.0,2061111.0,683339.0,1522741.0,1919566.0,2151175.0,939005.0,12823860.0,6291373.0,6532487.0,9298731.0,1860471.0,26669.0,595110.0,2907.0,4774275.0,0.0,0.0,0.0,0.0,0.0,0.0,0.0,1.2246467991473532e-16,-1.0
2012-07,22.0,81.8,69.2,84.5,1.4,-4.82,1589997.0,1956926.0,2061111.0,683339.0,1522741.0,1919566.0,2151175.0,939005.0,12823860.0,6291373.0,6532487.0,9298731.0,1860471.0,26669.0,595110.0,2907.0,4774275.0,2.0,0.0,0.0,0.0,0.0,0.0,0.0,-0.5000000000000001,-0.8660254037844386
2012-08,115.0,73.6,60.3,84.2,3.5,-1.13,1589997.0,1956926.0,2061111.0,683339.0,1522741.0,1919566.0,2151175.0,939005.0,12823860.0,6291373.0,6532487.0,9298731.0,1860471.0,26669.0,595110.0,2907.0,4774275.0,8.0,22.0,0.0,0.0,7.333333333333333,22.0,0.0,-0.8660254037844384,-0.5000000000000004
2012-09,47.0,64.9,52.9,74.9,5.04,1.42,1589997.0,1956926.0,2061111.0,683339.0,1522741.0,1919566.0,2151175.0,939005.0,12823860.0,6291373.0,6532487.0,9298731.0,1860471.0,26669.0,595110.0,2907.0,4774275.0,12.0,115.0,22.0,0.0,45.666666666666664,93.0,22.0,-1.0,-1.8369701987210297e-16
2012-10,2.0,52.5,41.9,56.1,3.93,1.19,1589997.0,1956926.0,2061111.0,683339.0,1522741.0,1919566.0,2151175.0,939005.0,12823860.0,6291373.0,6532487.0,9298731.0,1860471.0,26669.0,595110.0,2907.0,4774275.0,0.0,47.0,115.0,22.0,61.333333333333336,-68.0,93.0,-0.8660254037844386,0.5
2012-11,1.0,41.2,30.8,44.4,1.21,-2.15,1589997.0,1956926.0,2061111.0,683339.0,1522741.0,1919566.0,2151175.0,939005.0,12823860.0,6291373.0,6532487.0,9298731.0,1860471.0,26669.0,595110.0,2907.0,4774275.0,0.0,2.0,47.0,115.0,54.666666666666664,-45.0,-68.0,-0.5000000000000004,0.8660254037844384
2012-12,0.0,36.8,29.0,32.6,2.25,-1.18,1589997.0,1956926.0,2061111.0,683339.0,1522741.0,1919566.0,2151175.0,939005.0,12823860.0,6291373.0,6532487.0,9298731.0,1860471.0,26669.0,595110.0,2907.0,4774275.0,0.0,1.0,2.0,47.0,16.666666666666668,-1.0,-45.0,-2.4492935982947064e-16,1.0
2013-01,0.0,29.2,20.0,29.1,3.81,2.15,1576010.0,1952756.0,2073262.0,702071.0,1510406.0,1918425.0,2160837.0,954787.0,12848554.0,6304099.0,6544455.0,9320910.0,1851524.0,27548.0,609923.0,2979.0,4772723.0,0.0,0.0,1.0,2.0,1.0,-1.0,-1.0,0.49999999999999994,0.8660254037844387
2013-02,0.0,29.9,21.8,36.6,2.65,1.43,1576010.0,1952756.0,2073262.0,702071.0,1510406.0,1918425.0,2160837.0,954787.0,12848554.0,6304099.0,6544455.0,9320910.0,1851524.0,27548.0,609923.0,2979.0,4772723.0,0.0,0.0,0.0,1.0,0.3333333333333333,0.0,-1.0,0.8660254037844386,0.5000000000000001
2013-03,0.0,34.3,26.4,46.4,2.61,-0.02,1576010.0,1952756.0,2073262.0,702071.0,1510406.0,1918425.0,2160837.0,954787.0,12848554.0,6304099.0,6544455.0,9320910.0,1851524.0,27548.0,609923.0,2979.0,4772723.0,0.0,0.0,0.0,0.0,0.0,0.0,0.0,1.0,6.123233995736766e-17
2013-04,0.0,50.2,39.3,52.0,6.93,4.1,1576010.0,1952756.0,2073262.0,702071.0,1510406.0,1918425.0,2160837.0,954787.0,12848554.0,6304099.0,6544455.0,9320910.0,1851524.0,27548.0,609923.0,2979.0,4772723.0,0.0,0.0,0.0,0.0,0.0,0.0,0.0,0.8660254037844388,-0.4999999999999998
2013-05,0.0,63.9,53.1,64.4,6.57,2.48,1576010.0,1952756.0,2073262.0,702071.0,1510406.0,1918425.0,2160837.0,954787.0,12848554.0,6304099.0,6544455.0,9320910.0,1851524.0,27548.0,609923.0,2979.0,4772723.0,0.0,0.0,0.0,0.0,0.0,0.0,0.0,0.49999999999999994,-0.8660254037844387
2013-06,0.0,71.5,61.4,74.1,5.33,1.6,1576010.0,1952756.0,2073262.0,702071.0,1510406.0,1918425.0,2160837.0,954787.0,12848554.0,6304099.0,6544455.0,9320910.0,1851524.0,27548.0,609923.0,2979.0,4772723.0,0.0,0.0,0.0,0.0,0.0,0.0,0.0,1.2246467991473532e-16,-1.0
2013-07,2.0,73.1,63.2,86.2,3.16,-0.05,1576010.0,1952756.0,2073262.0,702071.0,1510406.0,1918425.0,2160837.0,954787.0,12848554.0,6304099.0,6544455.0,9320910.0,1851524.0,27548.0,609923.0,2979.0,4772723.0,22.0,0.0,0.0,0.0,0.0,0.0,0.0,-0.5000000000000001,-0.8660254037844386
2013-08,25.0,72.8,61.8,83.8,1.44,-2.16,1576010.0,1952756.0,2073262.0,702071.0,1510406.0,1918425.0,2160837.0,954787.0,12848554.0,6304099.0,6544455.0,9320910.0,1851524.0,27548.0,609923.0,2979.0,4772723.0,115.0,2.0,0.0,0.0,0.6666666666666666,2.0,0.0,-0.8660254037844384,-0.5000000000000004
2013-09,55.0,68.6,56.1,69.2,1.69,-2.35,1576010.0,1952756.0,2073262.0,702071.0,1510406.0,1918425.0,2160837.0,954787.0,12848554.0,6304099.0,6544455.0,9320910.0,1851524.0,27548.0,609923.0,2979.0,4772723.0,47.0,25.0,2.0,0.0,9.0,23.0,2.0,-1.0,-1.8369701987210297e-16
2013-10,3.0,54.5,43.3,54.2,3.33,0.27,1576010.0,1952756.0,2073262.0,702071.0,1510406.0,1918425.0,2160837.0,954787.0,12848554.0,6304099.0,6544455.0,9320910.0,1851524.0,27548.0,609923.0,2979.0,4772723.0,2.0,55.0,25.0,2.0,27.333333333333332,30.0,23.0,-0.8660254037844386,0.5
2013-11,1.0,38.8,29.1,43.3,2.49,-0.68,1576010.0,1952756.0,2073262.0,702071.0,1510406.0,1918425.0,2160837.0,954787.0,12848554.0,6304099.0,6544455.0,9320910.0,1851524.0,27548.0,609923.0,2979.0,4772723.0,1.0,3.0,55.0,25.0,27.666666666666668,-52.0,30.0,-0.5000000000000004,0.8660254037844384
2013-12,0.0,26.2,17.4,29.8,2.48,-0.23,1576010.0,1952756.0,2073262.0,702071.0,1510406.0,1918425.0,2160837.0,954787.0,12848554.0,6304099.0,6544455.0,9320910.0,1851524.0,27548.0,609923.0,2979.0,4772723.0,0.0,1.0,3.0,55.0,19.666666666666668,-2.0,-52.0,-2.4492935982947064e-16,1.0
2014-01,0.0,19.3,9.2,36.7,1.72,-0.01,1559011.0,1949104.0,2082580.0,722629.0,1495955.0,1918567.0,2167247.0,973654.0,12868747.0,6313324.0,6555423.0,9331376.0,1849054.0,28535.0,627402.0,3240.0,4778633.0,0.0,0.0,1.0,3.0,1.3333333333333333,-1.0,-2.0,0.49999999999999994,0.8660254037844387
2014-02,0.0,19.4,9.9,36.3,2.22,0.8,1559011.0,1949104.0,2082580.0,722629.0,1495955.0,1918567.0,2167247.0,973654.0,12868747.0,6313324.0,6555423.0,9331376.0,1849054.0,28535.0,627402.0,3240.0,4778633.0,0.0,0.0,0.0,1.0,0.3333333333333333,0.0,-1.0,0.8660254037844386,0.5000000000000001
2014-03,0.0,34.4,23.4,46.8,1.46,-1.56,1559011.0,1949104.0,2082580.0,722629.0,1495955.0,1918567.0,2167247.0,973654.0,12868747.0,6313324.0,6555423.0,9331376.0,1849054.0,28535.0,627402.0,3240.0,4778633.0,0.0,0.0,0.0,0.0,0.0,0.0,0.0,1.0,6.123233995736766e-17
2014-04,0.0,52.4,40.8,53.8,5.15,1.68,1559011.0,1949104.0,2082580.0,722629.0,1495955.0,1918567.0,2167247.0,973654.0,12868747.0,6313324.0,6555423.0,9331376.0,1849054.0,28535.0,627402.0,3240.0,4778633.0,0.0,0.0,0.0,0.0,0.0,0.0,0.0,0.8660254037844388,-0.4999999999999998
2014-05,0.0,63.7,52.9,65.2,3.29,-1.07,1559011.0,1949104.0,2082580.0,722629.0,1495955.0,1918567.0,2167247.0,973654.0,12868747.0,6313324.0,6555423.0,9331376.0,1849054.0,28535.0,627402.0,3240.0,4778633.0,0.0,0.0,0.0,0.0,0.0,0.0,0.0,0.49999999999999994,-0.8660254037844387
2014-06,0.0,73.0,63.2,70.4,6.77,3.01,1559011.0,1949104.0,2082580.0,722629.0,1495955.0,1918567.0,2167247.0,973654.0,12868747.0,6313324.0,6555423.0,9331376.0,1849054.0,28535.0,627402.0,3240.0,4778633.0,0.0,0.0,0.0,0.0,0.0,0.0,0.0,1.2246467991473532e-16,-1.0
2014-07,1.0,70.3,59.6,85.3,3.29,0.46,1559011.0,1949104.0,2082580.0,722629.0,1495955.0,1918567.0,2167247.0,973654.0,12868747.0,6313324.0,6555423.0,9331376.0,1849054.0,28535.0,627402.0,3240.0,4778633.0,2.0,0.0,0.0,0.0,0.0,0.0,0.0,-0.5000000000000001,-0.8660254037844386
2014-08,14.0,73.8,64.3,77.4,5.19,2.74,1559011.0,1949104.0,2082580.0,722629.0,1495955.0,1918567.0,2167247.0,973654.0,12868747.0,6313324.0,6555423.0,9331376.0,1849054.0,28535.0,627402.0,3240.0,4778633.0,25.0,1.0,0.0,0.0,0.3333333333333333,1.0,0.0,-0.8660254037844384,-0.5000000000000004
2014-09,20.0,64.7,53.1,71.9,4.11,1.81,1559011.0,1949104.0,2082580.0,722629.0,1495955.0,1918567.0,2167247.0,973654.0,12868747.0,6313324.0,6555423.0,9331376.0,1849054.0,28535.0,627402.0,3240.0,4778633.0,55.0,14.0,1.0,0.0,5.0,13.0,1.0,-1.0,-1.8369701987210297e-16
2014-10,1.0,54.3,44.0,61.0,4.33,2.76,1559011.0,1949104.0,2082580.0,722629.0,1495955.0,1918567.0,2167247.0,973654.0,12868747.0,6313324.0,6555423.0,9331376.0,1849054.0,28535.0,627402.0,3240.0,4778633.0,3.0,20.0,14.0,1.0,11.666666666666666,6.0,13.0,-0.8660254037844386,0.5
2014-11,0.0,34.6,25.7,40.3,1.86,0.94,1559011.0,1949104.0,2082580.0,722629.0,1495955.0,1918567.0,2167247.0,973654.0,12868747.0,6313324.0,6555423.0,9331376.0,1849054.0,28535.0,627402.0,3240.0,4778633.0,1.0,1.0,20.0,14.0,11.666666666666666,-19.0,6.0,-0.5000000000000004,0.8660254037844384
2014-12,0.0,33.9,27.9,36.2,1.9,0.13,1559011.0,1949104.0,2082580.0,722629.0,1495955.0,1918567.0,2167247.0,973654.0,12868747.0,6313324.0,6555423.0,9331376.0,1849054.0,28535.0,627402.0,3240.0,4778633.0,0.0,0.0,1.0,20.0,7.0,-1.0,-19.0,-2.4492935982947064e-16,1.0
2015-01,0.0,25.7,17.6,36.7,1.5,-0.29,1542306.0,1947402.0,2082771.0,744420.0,1481428.0,1919275.0,2162591.0,993568.0,12873761.0,6316899.0,6556862.0,9312771.0,1846108.0,28363.0,645642.0,3407.0,4786388.0,0.0,0.0,0.0,1.0,0.3333333333333333,0.0,-1.0,0.49999999999999994,0.8660254037844387
2015-02,0.0,19.4,9.8,44.8,1.43,-0.37,1542306.0,1947402.0,2082771.0,744420.0,1481428.0,1919275.0,2162591.0,993568.0,12873761.0,6316899.0,6556862.0,9312771.0,1846108.0,28363.0,645642.0,3407.0,4786388.0,0.0,0.0,0.0,0.0,0.0,0.0,0.0,0.8660254037844386,0.5000000000000001
2015-03,0.0,38.3,27.7,53.5,2.35,-0.72,1542306.0,1947402.0,2082771.0,744420.0,1481428.0,1919275.0,2162591.0,993568.0,12873761.0,6316899.0,6556862.0,9312771.0,1846108.0,28363.0,645642.0,3407.0,4786388.0,0.0,0.0,0.0,0.0,0.0,0.0,0.0,1.0,6.123233995736766e-17
2015-04,0.0,54.3,42.3,55.3,3.41,-0.66,1542306.0,1947402.0,2082771.0,744420.0,1481428.0,1919275.0,2162591.0,993568.0,12873761.0,6316899.0,6556862.0,9312771.0,1846108.0,28363.0,645642.0,3407.0,4786388.0,0.0,0.0,0.0,0.0,0.0,0.0,0.0,0.8660254037844388,-0.4999999999999998
2015-05,0.0,64.9,54.5,63.8,5.39,1.04,1542306.0,1947402.0,2082771.0,744420.0,1481428.0,1919275.0,2162591.0,993568.0,12873761.0,6316899.0,6556862.0,9312771.0,1846108.0,28363.0,645642.0,3407.0,4786388.0,0.0,0.0,0.0,0.0,0.0,0.0,0.0,0.49999999999999994,-0.8660254037844387
2015-06,0.0,71.7,62.5,80.0,9.44,6.41,1542306.0,1947402.0,2082771.0,744420.0,1481428.0,1919275.0,2162591.0,993568.0,12873761.0,6316899.0,6556862.0,9312771.0,1846108.0,28363.0,645642.0,3407.0,4786388.0,0.0,0.0,0.0,0.0,0.0,0.0,0.0,1.2246467991473532e-16,-1.0
2015-07,1.0,74.2,64.8,79.6,5.21,2.32,1542306.0,1947402.0,2082771.0,744420.0,1481428.0,1919275.0,2162591.0,993568.0,12873761.0,6316899.0,6556862.0,9312771.0,1846108.0,28363.0,645642.0,3407.0,4786388.0,1.0,0.0,0.0,0.0,0.0,0.0,0.0,-0.5000000000000001,-0.8660254037844386
2015-08,26.0,71.9,61.3,81.4,3.02,0.36,1542306.0,1947402.0,2082771.0,744420.0,1481428.0,1919275.0,2162591.0,993568.0,12873761.0,6316899.0,6556862.0,9312771.0,1846108.0,28363.0,645642.0,3407.0,4786388.0,14.0,1.0,0.0,0.0,0.3333333333333333,1.0,0.0,-0.8660254037844384,-0.5000000000000004
2015-09,20.0,70.4,58.8,71.9,3.42,0.16,1542306.0,1947402.0,2082771.0,744420.0,1481428.0,1919275.0,2162591.0,993568.0,12873761.0,6316899.0,6556862.0,9312771.0,1846108.0,28363.0,645642.0,3407.0,4786388.0,20.0,26.0,1.0,0.0,9.0,25.0,1.0,-1.0,-1.8369701987210297e-16
2015-10,3.0,56.0,44.6,62.6,1.44,-1.31,1542306.0,1947402.0,2082771.0,744420.0,1481428.0,1919275.0,2162591.0,993568.0,12873761.0,6316899.0,6556862.0,9312771.0,1846108.0,28363.0,645642.0,3407.0,4786388.0,1.0,20.0,26.0,1.0,15.666666666666666,-6.0,25.0,-0.8660254037844386,0.5
2015-11,1.0,46.6,36.8,38.7,5.52,2.77,1542306.0,1947402.0,2082771.0,744420.0,1481428.0,1919275.0,2162591.0,993568.0,12873761.0,6316899.0,6556862.0,9312771.0,1846108.0,28363.0,645642.0,3407.0,4786388.0,0.0,3.0,20.0,26.0,16.333333333333332,-17.0,-6.0,-0.5000000000000004,0.8660254037844384
2015-12,0.0,41.1,33.9,31.5,6.67,5.26,1542306.0,1947402.0,2082771.0,744420.0,1481428.0,1919275.0,2162591.0,993568.0,12873761.0,6316899.0,6556862.0,9312771.0,1846108.0,28363.0,645642.0,3407.0,4786388.0,0.0,1.0,3.0,20.0,8.0,-2.0,-17.0,-2.4492935982947064e-16,1.0
2016-01,0.0,26.9,19.0,33.2,0.86,-1.11,1525576.0,1946482.0,2070673.0,767729.0,1465053.0,1910248.0,2149555.0,1016368.0,12851684.0,6310460.0,6541224.0,9270907.0,1837612.0,29399.0,655799.0,4186.0,4802124.0,0.0,0.0,1.0,3.0,1.3333333333333333,-1.0,-2.0,0.49999999999999994,0.8660254037844387
2016-02,0.0,33.8,25.4,41.2,1.31,-0.63,1525576.0,1946482.0,2070673.0,767729.0,1465053.0,1910248.0,2149555.0,1016368.0,12851684.0,6310460.0,6541224.0,9270907.0,1837612.0,29399.0,655799.0,4186.0,4802124.0,0.0,0.0,0.0,1.0,0.3333333333333333,0.0,-1.0,0.8660254037844386,0.5000000000000001
2016-03,0.0,47.3,37.6,46.6,3.35,-0.49,1525576.0,1946482.0,2070673.0,767729.0,1465053.0,1910248.0,2149555.0,1016368.0,12851684.0,6310460.0,6541224.0,9270907.0,1837612.0,29399.0,655799.0,4186.0,4802124.0,0.0,0.0,0.0,0.0,0.0,0.0,0.0,1.0,6.123233995736766e-17
2016-04,0.0,53.0,41.6,59.7,3.3,-0.61,1525576.0,1946482.0,2070673.0,767729.0,1465053.0,1910248.0,2149555.0,1016368.0,12851684.0,6310460.0,6541224.0,9270907.0,1837612.0,29399.0,655799.0,4186.0,4802124.0,0.0,0.0,0.0,0.0,0.0,0.0,0.0,0.8660254037844388,-0.4999999999999998
2016-05,1.0,62.0,51.5,63.0,4.34,0.33,1525576.0,1946482.0,2070673.0,767729.0,1465053.0,1910248.0,2149555.0,1016368.0,12851684.0,6310460.0,6541224.0,9270907.0,1837612.0,29399.0,655799.0,4186.0,4802124.0,0.0,0.0,0.0,0.0,0.0,0.0,0.0,0.49999999999999994,-0.8660254037844387
2016-06,0.0,74.8,63.3,76.4,3.13,-1.48,1525576.0,1946482.0,2070673.0,767729.0,1465053.0,1910248.0,2149555.0,1016368.0,12851684.0,6310460.0,6541224.0,9270907.0,1837612.0,29399.0,655799.0,4186.0,4802124.0,0.0,1.0,0.0,0.0,0.3333333333333333,1.0,0.0,1.2246467991473532e-16,-1.0
2016-07,5.0,75.6,66.4,80.6,6.9,3.78,1525576.0,1946482.0,2070673.0,767729.0,1465053.0,1910248.0,2149555.0,1016368.0,12851684.0,6310460.0,6541224.0,9270907.0,1837612.0,29399.0,655799.0,4186.0,4802124.0,1.0,0.0,1.0,0.0,0.3333333333333333,-1.0,1.0,-0.5000000000000001,-0.8660254037844386
2016-08,49.0,75.7,66.5,81.3,6.77,4.46,1525576.0,1946482.0,2070673.0,767729.0,1465053.0,1910248.0,2149555.0,1016368.0,12851684.0,6310460.0,6541224.0,9270907.0,1837612.0,29399.0,655799.0,4186.0,4802124.0,26.0,5.0,0.0,1.0,2.0,5.0,-1.0,-0.8660254037844384,-0.5000000000000004
2016-09,37.0,70.8,60.1,67.8,3.42,0.53,1525576.0,1946482.0,2070673.0,767729.0,1465053.0,1910248.0,2149555.0,1016368.0,12851684.0,6310460.0,6541224.0,9270907.0,1837612.0,29399.0,655799.0,4186.0,4802124.0,20.0,49.0,5.0,0.0,18.0,44.0,5.0,-1.0,-1.8369701987210297e-16
2016-10,5.0,59.9,49.2,55.4,2.38,-0.21,1525576.0,1946482.0,2070673.0,767729.0,1465053.0,1910248.0,2149555.0,1016368.0,12851684.0,6310460.0,6541224.0,9270907.0,1837612.0,29399.0,655799.0,4186.0,4802124.0,3.0,37.0,49.0,5.0,30.333333333333332,-12.0,44.0,-0.8660254037844386,0.5
2016-11,0.0,48.1,37.7,48.2,2.59,0.18,1525576.0,1946482.0,2070673.0,767729.0,1465053.0,1910248.0,2149555.0,1016368.0,12851684.0,6310460.0,6541224.0,9270907.0,1837612.0,29399.0,655799.0,4186.0,4802124.0,1.0,5.0,37.0,49.0,30.333333333333332,-32.0,-12.0,-0.5000000000000004,0.8660254037844384
2016-12,1.0,28.9,21.8,27.6,1.4,-0.39,1525576.0,1946482.0,2070673.0,767729.0,1465053.0,1910248.0,2149555.0,1016368.0,12851684.0,6310460.0,6541224.0,9270907.0,1837612.0,29399.0,655799.0,4186.0,4802124.0,0.0,0.0,5.0,37.0,14.0,-5.0,-32.0,-2.4492935982947064e-16,1.0
2017-01,0.0,32.1,24.9,27.3,2.13,0.52,1509583.0,1943293.0,2061433.0,798291.0,1449414.0,1907253.0,2135618.0,1049641.0,12854526.0,6312600.0,6541926.0,9236701.0,1833501.0,29696.0,671811.0,4275.0,4818452.0,0.0,1.0,0.0,5.0,2.0,1.0,-5.0,0.49999999999999994,0.8660254037844387
2017-02,0.0,41.1,30.2,37.2,0.73,-2.11,1509583.0,1943293.0,2061433.0,798291.0,1449414.0,1907253.0,2135618.0,1049641.0,12854526.0,6312600.0,6541926.0,9236701.0,1833501.0,29696.0,671811.0,4275.0,4818452.0,0.0,0.0,1.0,0.0,0.3333333333333333,-1.0,1.0,0.8660254037844386,0.5000000000000001
2017-03,0.0,43.2,33.5,47.8,3.56,0.33,1509583.0,1943293.0,2061433.0,798291.0,1449414.0,1907253.0,2135618.0,1049641.0,12854526.0,6312600.0,6541926.0,9236701.0,1833501.0,29696.0,671811.0,4275.0,4818452.0,0.0,0.0,0.0,1.0,0.3333333333333333,0.0,-1.0,1.0,6.123233995736766e-17
2017-04,0.0,56.5,45.5,50.9,6.88,3.13,1509583.0,1943293.0,2061433.0,798291.0,1449414.0,1907253.0,2135618.0,1049641.0,12854526.0,6312600.0,6541926.0,9236701.0,1833501.0,29696.0,671811.0,4275.0,4818452.0,0.0,0.0,0.0,0.0,0.0,0.0,0.0,0.8660254037844388,-0.4999999999999998
2017-05,0.0,61.9,51.3,64.1,5.17,1.25,1509583.0,1943293.0,2061433.0,798291.0,1449414.0,1907253.0,2135618.0,1049641.0,12854526.0,6312600.0,6541926.0,9236701.0,1833501.0,29696.0,671811.0,4275.0,4818452.0,1.0,0.0,0.0,0.0,0.0,0.0,0.0,0.49999999999999994,-0.8660254037844387
2017-06,1.0,72.7,61.0,73.2,3.19,-1.09,1509583.0,1943293.0,2061433.0,798291.0,1449414.0,1907253.0,2135618.0,1049641.0,12854526.0,6312600.0,6541926.0,9236701.0,1833501.0,29696.0,671811.0,4275.0,4818452.0,0.0,0.0,0.0,0.0,0.0,0.0,0.0,1.2246467991473532e-16,-1.0
2017-07,4.0,76.1,65.4,86.4,4.81,1.26,1509583.0,1943293.0,2061433.0,798291.0,1449414.0,1907253.0,2135618.0,1049641.0,12854526.0,6312600.0,6541926.0,9236701.0,1833501.0,29696.0,671811.0,4275.0,4818452.0,5.0,1.0,0.0,0.0,0.3333333333333333,1.0,0.0,-0.5000000000000001,-0.8660254037844386
2017-08,40.0,70.5,59.5,82.9,2.4,-0.82,1509583.0,1943293.0,2061433.0,798291.0,1449414.0,1907253.0,2135618.0,1049641.0,12854526.0,6312600.0,6541926.0,9236701.0,1833501.0,29696.0,671811.0,4275.0,4818452.0,49.0,4.0,1.0,0.0,1.6666666666666667,3.0,1.0,-0.8660254037844384,-0.5000000000000004
2017-09,19.0,68.8,55.9,69.0,0.83,-3.3,1509583.0,1943293.0,2061433.0,798291.0,1449414.0,1907253.0,2135618.0,1049641.0,12854526.0,6312600.0,6541926.0,9236701.0,1833501.0,29696.0,671811.0,4275.0,4818452.0,37.0,40.0,4.0,1.0,15.0,36.0,3.0,-1.0,-1.8369701987210297e-16
2017-10,7.0,58.1,48.0,53.9,5.0,1.77,1509583.0,1943293.0,2061433.0,798291.0,1449414.0,1907253.0,2135618.0,1049641.0,12854526.0,6312600.0,6541926.0,9236701.0,1833501.0,29696.0,671811.0,4275.0,4818452.0,5.0,19.0,40.0,4.0,21.0,-21.0,36.0,-0.8660254037844386,0.5
2017-11,1.0,41.9,32.1,43.1,2.26,-0.69,1509583.0,1943293.0,2061433.0,798291.0,1449414.0,1907253.0,2135618.0,1049641.0,12854526.0,6312600.0,6541926.0,9236701.0,1833501.0,29696.0,671811.0,4275.0,4818452.0,0.0,7.0,19.0,40.0,22.0,-12.0,-21.0,-0.5000000000000004,0.8660254037844384
2017-12,0.0,29.8,20.8,33.5,0.84,-1.85,1509583.0,1943293.0,2061433.0,798291.0,1449414.0,1907253.0,2135618.0,1049641.0,12854526.0,6312600.0,6541926.0,9236701.0,1833501.0,29696.0,671811.0,4275.0,4818452.0,1.0,1.0,7.0,19.0,9.0,-6.0,-12.0,-2.4492935982947064e-16,1.0
2018-01,0.0,24.1,14.6,38.1,1.3,-0.9,1493195.0,1935360.0,2045713.0,821647.0,1433366.0,1898091.0,2120869.0,1073256.0,12821497.0,6295915.0,6525582.0,9189185.0,1824125.0,31864.0,690822.0,4582.0,4830038.0,0.0,0.0,1.0,7.0,2.6666666666666665,-1.0,-6.0,0.49999999999999994,0.8660254037844387
2018-02,0.0,31.8,22.0,35.1,4.88,4.72,1493195.0,1935360.0,2045713.0,821647.0,1433366.0,1898091.0,2120869.0,1073256.0,12821497.0,6295915.0,6525582.0,9189185.0,1824125.0,31864.0,690822.0,4582.0,4830038.0,0.0,0.0,0.0,1.0,0.3333333333333333,0.0,-1.0,0.8660254037844386,0.5000000000000001
2018-03,0.0,39.2,30.0,43.7,3.91,1.27,1493195.0,1935360.0,2045713.0,821647.0,1433366.0,1898091.0,2120869.0,1073256.0,12821497.0,6295915.0,6525582.0,9189185.0,1824125.0,31864.0,690822.0,4582.0,4830038.0,0.0,0.0,0.0,0.0,0.0,0.0,0.0,1.0,6.123233995736766e-17
2018-04,0.0,44.8,33.3,53.8,2.42,-0.55,1493195.0,1935360.0,2045713.0,821647.0,1433366.0,1898091.0,2120869.0,1073256.0,12821497.0,6295915.0,6525582.0,9189185.0,1824125.0,31864.0,690822.0,4582.0,4830038.0,0.0,0.0,0.0,0.0,0.0,0.0,0.0,0.8660254037844388,-0.4999999999999998
2018-05,0.0,70.7,59.0,66.5,3.8,-1.61,1493195.0,1935360.0,2045713.0,821647.0,1433366.0,1898091.0,2120869.0,1073256.0,12821497.0,6295915.0,6525582.0,9189185.0,1824125.0,31864.0,690822.0,4582.0,4830038.0,0.0,0.0,0.0,0.0,0.0,0.0,0.0,0.49999999999999994,-0.8660254037844387
2018-06,0.0,74.9,64.6,71.2,6.29,2.06,1493195.0,1935360.0,2045713.0,821647.0,1433366.0,1898091.0,2120869.0,1073256.0,12821497.0,6295915.0,6525582.0,9189185.0,1824125.0,31864.0,690822.0,4582.0,4830038.0,1.0,0.0,0.0,0.0,0.0,0.0,0.0,1.2246467991473532e-16,-1.0
2018-07,8.0,75.0,64.7,84.9,3.44,0.0,1493195.0,1935360.0,2045713.0,821647.0,1433366.0,1898091.0,2120869.0,1073256.0,12821497.0,6295915.0,6525582.0,9189185.0,1824125.0,31864.0,690822.0,4582.0,4830038.0,4.0,0.0,0.0,0.0,0.0,0.0,0.0,-0.5000000000000001,-0.8660254037844386
2018-08,77.0,74.7,64.6,80.8,4.91,1.94,1493195.0,1935360.0,2045713.0,821647.0,1433366.0,1898091.0,2120869.0,1073256.0,12821497.0,6295915.0,6525582.0,9189185.0,1824125.0,31864.0,690822.0,4582.0,4830038.0,40.0,8.0,0.0,0.0,2.6666666666666665,8.0,0.0,-0.8660254037844384,-0.5000000000000004
2018-09,37.0,70.3,59.6,71.7,4.9,1.72,1493195.0,1935360.0,2045713.0,821647.0,1433366.0,1898091.0,2120869.0,1073256.0,12821497.0,6295915.0,6525582.0,9189185.0,1824125.0,31864.0,690822.0,4582.0,4830038.0,19.0,77.0,8.0,0.0,28.333333333333332,69.0,8.0,-1.0,-1.8369701987210297e-16
2018-10,4.0,54.2,43.7,55.4,3.68,1.66,1493195.0,1935360.0,2045713.0,821647.0,1433366.0,1898091.0,2120869.0,1073256.0,12821497.0,6295915.0,6525582.0,9189185.0,1824125.0,31864.0,690822.0,4582.0,4830038.0,7.0,37.0,77.0,8.0,40.666666666666664,-40.0,69.0,-0.8660254037844386,0.5
2018-11,0.0,35.6,28.5,41.3,3.01,1.99,1493195.0,1935360.0,2045713.0,821647.0,1433366.0,1898091.0,2120869.0,1073256.0,12821497.0,6295915.0,6525582.0,9189185.0,1824125.0,31864.0,690822.0,4582.0,4830038.0,1.0,4.0,37.0,77.0,39.333333333333336,-33.0,-40.0,-0.5000000000000004,0.8660254037844384
2018-12,0.0,34.4,26.6,32.0,3.25,1.69,1493195.0,1935360.0,2045713.0,821647.0,1433366.0,1898091.0,2120869.0,1073256.0,12821497.0,6295915.0,6525582.0,9189185.0,1824125.0,31864.0,690822.0,4582.0,4830038.0,0.0,0.0,4.0,37.0,13.666666666666666,-4.0,-33.0,-2.4492935982947064e-16,1.0
2019-01,0.0,25.4,17.5,34.9,3.31,2.03,1475886.0,1921816.0,2029382.0,845088.0,1415640.0,1883844.0,2101529.0,1097446.0,12770631.0,6272172.0,6498459.0,9134903.0,1813590.0,33460.0,698524.0,4477.0,4846134.0,0.0,0.0,0.0,4.0,1.3333333333333333,0.0,-4.0,0.49999999999999994,0.8660254037844387
2019-02,0.0,29.3,20.8,31.2,3.21,2.26,1475886.0,1921816.0,2029382.0,845088.0,1415640.0,1883844.0,2101529.0,1097446.0,12770631.0,6272172.0,6498459.0,9134903.0,1813590.0,33460.0,698524.0,4477.0,4846134.0,0.0,0.0,0.0,0.0,0.0,0.0,0.0,0.8660254037844386,0.5000000000000001
2019-03,0.0,37.3,27.9,43.9,4.06,1.66,1475886.0,1921816.0,2029382.0,845088.0,1415640.0,1883844.0,2101529.0,1097446.0,12770631.0,6272172.0,6498459.0,9134903.0,1813590.0,33460.0,698524.0,4477.0,4846134.0,0.0,0.0,0.0,0.0,0.0,0.0,0.0,1.0,6.123233995736766e-17
2019-04,0.0,52.5,41.7,53.2,4.58,0.99,1475886.0,1921816.0,2029382.0,845088.0,1415640.0,1883844.0,2101529.0,1097446.0,12770631.0,6272172.0,6498459.0,9134903.0,1813590.0,33460.0,698524.0,4477.0,4846134.0,0.0,0.0,0.0,0.0,0.0,0.0,0.0,0.8660254037844388,-0.4999999999999998
2019-05,0.0,62.5,52.6,61.7,8.16,4.43,1475886.0,1921816.0,2029382.0,845088.0,1415640.0,1883844.0,2101529.0,1097446.0,12770631.0,6272172.0,6498459.0,9134903.0,1813590.0,33460.0,698524.0,4477.0,4846134.0,0.0,0.0,0.0,0.0,0.0,0.0,0.0,0.49999999999999994,-0.8660254037844387
2019-06,0.0,70.9,60.8,71.0,5.16,1.49,1475886.0,1921816.0,2029382.0,845088.0,1415640.0,1883844.0,2101529.0,1097446.0,12770631.0,6272172.0,6498459.0,9134903.0,1813590.0,33460.0,698524.0,4477.0,4846134.0,0.0,0.0,0.0,0.0,0.0,0.0,0.0,1.2246467991473532e-16,-1.0
2019-07,2.0,77.4,67.2,80.7,3.05,-0.74,1475886.0,1921816.0,2029382.0,845088.0,1415640.0,1883844.0,2101529.0,1097446.0,12770631.0,6272172.0,6498459.0,9134903.0,1813590.0,33460.0,698524.0,4477.0,4846134.0,8.0,0.0,0.0,0.0,0.0,0.0,0.0,-0.5000000000000001,-0.8660254037844386
2019-08,8.0,72.8,62.5,81.8,4.05,1.02,1475886.0,1921816.0,2029382.0,845088.0,1415640.0,1883844.0,2101529.0,1097446.0,12770631.0,6272172.0,6498459.0,9134903.0,1813590.0,33460.0,698524.0,4477.0,4846134.0,77.0,2.0,0.0,0.0,0.6666666666666666,2.0,0.0,-0.8660254037844384,-0.5000000000000004
2019-09,9.0,71.6,61.1,67.6,5.0,1.52,1475886.0,1921816.0,2029382.0,845088.0,1415640.0,1883844.0,2101529.0,1097446.0,12770631.0,6272172.0,6498459.0,9134903.0,1813590.0,33460.0,698524.0,4477.0,4846134.0,37.0,8.0,2.0,0.0,3.3333333333333335,6.0,2.0,-1.0,-1.8369701987210297e-16
2019-10,3.0,53.7,43.0,48.7,5.0,3.11,1475886.0,1921816.0,2029382.0,845088.0,1415640.0,1883844.0,2101529.0,1097446.0,12770631.0,6272172.0,6498459.0,9134903.0,1813590.0,33460.0,698524.0,4477.0,4846134.0,4.0,9.0,8.0,2.0,6.333333333333333,1.0,6.0,-0.8660254037844386,0.5
2019-11,0.0,36.2,27.2,45.0,2.4,1.47,1475886.0,1921816.0,2029382.0,845088.0,1415640.0,1883844.0,2101529.0,1097446.0,12770631.0,6272172.0,6498459.0,9134903.0,1813590.0,33460.0,698524.0,4477.0,4846134.0,0.0,3.0,9.0,8.0,6.666666666666667,-6.0,1.0,-0.5000000000000004,0.8660254037844384
2019-12,0.0,35.6,26.6,33.4,1.88,0.01,1475886.0,1921816.0,2029382.0,845088.0,1415640.0,1883844.0,2101529.0,1097446.0,12770631.0,6272172.0,6498459.0,9134903.0,1813590.0,33460.0,698524.0,4477.0,4846134.0,0.0,0.0,3.0,9.0,4.0,-3.0,-6.0,-2.4492935982947064e-16,1.0
2020-01,0.0,31.8,25.0,34.2,4.36,3.38,1457416.0,1908478.0,2012395.0,868794.0,1398017.0,1869187.0,2080245.0,1121632.0,12716164.0,6247083.0,6469081.0,8874067.0,1796660.0,33972.0,709567.0,5196.0,4884061.0,0.0,0.0,0.0,3.0,1.0,0.0,-3.0,0.49999999999999994,0.8660254037844387
2020-02,0.0,31.9,24.0,36.7,2.01,0.49,1457416.0,1908478.0,2012395.0,868794.0,1398017.0,1869187.0,2080245.0,1121632.0,12716164.0,6247083.0,6469081.0,8874067.0,1796660.0,33972.0,709567.0,5196.0,4884061.0,0.0,0.0,0.0,0.0,0.0,0.0,0.0,0.8660254037844386,0.5000000000000001
2020-03,0.0,44.4,35.6,45.6,3.95,0.7,1457416.0,1908478.0,2012395.0,868794.0,1398017.0,1869187.0,2080245.0,1121632.0,12716164.0,6247083.0,6469081.0,8874067.0,1796660.0,33972.0,709567.0,5196.0,4884061.0,0.0,0.0,0.0,0.0,0.0,0.0,0.0,1.0,6.123233995736766e-17
2020-04,0.0,49.6,38.3,54.4,4.32,1.08,1457416.0,1908478.0,2012395.0,868794.0,1398017.0,1869187.0,2080245.0,1121632.0,12716164.0,6247083.0,6469081.0,8874067.0,1796660.0,33972.0,709567.0,5196.0,4884061.0,0.0,0.0,0.0,0.0,0.0,0.0,0.0,0.8660254037844388,-0.4999999999999998
2020-05,0.0,60.6,50.9,63.5,5.28,1.56,1457416.0,1908478.0,2012395.0,868794.0,1398017.0,1869187.0,2080245.0,1121632.0,12716164.0,6247083.0,6469081.0,8874067.0,1796660.0,33972.0,709567.0,5196.0,4884061.0,0.0,0.0,0.0,0.0,0.0,0.0,0.0,0.49999999999999994,-0.8660254037844387
2020-06,0.0,73.6,62.3,68.8,3.61,-0.74,1457416.0,1908478.0,2012395.0,868794.0,1398017.0,1869187.0,2080245.0,1121632.0,12716164.0,6247083.0,6469081.0,8874067.0,1796660.0,33972.0,709567.0,5196.0,4884061.0,0.0,0.0,0.0,0.0,0.0,0.0,0.0,1.2246467991473532e-16,-1.0
2020-07,0.0,77.3,67.3,80.7,5.61,2.14,1457416.0,1908478.0,2012395.0,868794.0,1398017.0,1869187.0,2080245.0,1121632.0,12716164.0,6247083.0,6469081.0,8874067.0,1796660.0,33972.0,709567.0,5196.0,4884061.0,2.0,0.0,0.0,0.0,0.0,0.0,0.0,-0.5000000000000001,-0.8660254037844386
2020-08,15.0,72.8,61.9,83.0,1.91,-1.58,1457416.0,1908478.0,2012395.0,868794.0,1398017.0,1869187.0,2080245.0,1121632.0,12716164.0,6247083.0,6469081.0,8874067.0,1796660.0,33972.0,709567.0,5196.0,4884061.0,8.0,0.0,0.0,0.0,0.0,0.0,0.0,-0.8660254037844384,-0.5000000000000004
2020-09,21.0,65.6,54.6,74.8,3.26,-0.02,1457416.0,1908478.0,2012395.0,868794.0,1398017.0,1869187.0,2080245.0,1121632.0,12716164.0,6247083.0,6469081.0,8874067.0,1796660.0,33972.0,709567.0,5196.0,4884061.0,9.0,15.0,0.0,0.0,5.0,15.0,0.0,-1.0,-1.8369701987210297e-16
2020-10,0.0,52.0,40.8,58.4,2.97,0.44,1457416.0,1908478.0,2012395.0,868794.0,1398017.0,1869187.0,2080245.0,1121632.0,12716164.0,6247083.0,6469081.0,8874067.0,1796660.0,33972.0,709567.0,5196.0,4884061.0,3.0,21.0,15.0,0.0,12.0,6.0,15.0,-0.8660254037844386,0.5
2020-11,0.0,47.1,36.4,42.3,2.95,-0.35,1457416.0,1908478.0,2012395.0,868794.0,1398017.0,1869187.0,2080245.0,1121632.0,12716164.0,6247083.0,6469081.0,8874067.0,1796660.0,33972.0,709567.0,5196.0,4884061.0,0.0,0.0,21.0,15.0,12.0,-21.0,6.0,-0.5000000000000004,0.8660254037844384
2020-12,0.0,33.0,24.3,35.2,1.71,-0.72,1457416.0,1908478.0,2012395.0,868794.0,1398017.0,1869187.0,2080245.0,1121632.0,12716164.0,6247083.0,6469081.0,8874067.0,1796660.0,33972.0,709567.0,5196.0,4884061.0,0.0,0.0,0.0,21.0,7.0,0.0,-21.0,-2.4492935982947064e-16,1.0
2021-01,0.0,29.5,23.3,34.6,2.46,0.94,1456256.8057978034,1908945.440222133,2012687.240565136,870613.1498662588,1396855.8872304251,1868364.476191844,2080512.6120954035,1123627.7644897369,12716311.883281805,6247485.7002046,6469197.433491982,8869809.7459865,1796010.257888386,34026.69033097552,710226.9550420069,5214.515689814328,4885615.510245524,0.0,0.0,0.0,0.0,0.0,0.0,0.0,0.49999999999999994,0.8660254037844387
2021-02,0.0,20.8,12.8,33.6,1.67,-0.02,1455192.0496794635,1909390.654281621,2012978.5013204373,872287.0086017732,1395788.1396504615,1867574.8913266775,2080779.58821004,1125479.4700489908,12716459.226257842,6247885.225503657,6469313.602648293,8865587.996280858,1795393.67885887,34078.14532974978,710834.8238345664,5232.741591857875,4887093.632227894,0.0,0.0,0.0,0.0,0.0,0.0,0.0,0.8660254037844386,0.5000000000000001
2021-03,0.0,46.2,35.6,46.9,3.97,0.49,1454121.8321997258,1909823.5900289407,2013267.1878179545,873973.3894151769,1394713.863106198,1866775.7056576752,2081044.6857030627,1127348.2513937326,12716605.61040408,6248278.119893737,6469429.150345832,8861340.810239721,1794774.506861932,34129.53688875084,711441.367153107,5251.049770504592,4888585.563089792,0.0,0.0,0.0,0.0,0.0,0.0,0.0,1.0,6.123233995736766e-17
2021-04,0.0,52.5,41.4,55.3,3.04,-0.84,1453054.1101699374,1910244.40852506,2013553.3140453324,875659.6148241286,1393641.0114117074,1865968.9543910364,2081307.9119957516,1129221.995463404,12716751.040760024,6248664.463097834,6469544.078807609,8857068.905753577,1794154.6128520302,34180.69244264195,712043.007813673,5269.433185879495,4890086.376456038,0.0,0.0,0.0,0.0,0.0,0.0,0.0,0.8660254037844388,-0.4999999999999998
2021-05,0.0,61.1,50.7,63.0,4.31,0.43,1451988.2458763062,1910653.452387488,2013836.9026604616,877346.7036678944,1392568.950502385,1865154.45935714,2081569.280268896,1131101.6337377946,12716895.523536824,6249044.364084899,6469658.39134879,8852772.126626963,1793533.8977420153,34231.62249552404,712640.039060186,5287.892293614966,4891596.403728753,0.0,0.0,0.0,0.0,0.0,0.0,0.0,0.49999999999999994,-0.8660254037844387
2021-06,1.0,74.1,63.6,80.9,5.17,1.02,1450924.2864668008,1911051.0510062124,2014117.9761687925,879034.5744958052,1391497.7301626203,1864332.151515458,2081828.803637459,1132987.1155844284,12717039.064908598,6249417.930275628,6469772.091270184,8848450.328193383,1792912.3655888797,34282.3275256846,713232.4781339268,5306.427402473653,4893115.686078419,0.0,0.0,0.0,0.0,0.0,0.0,0.0,1.2246467991473532e-16,-1.0
2021-07,1.0,74.6,65.3,88.0,4.97,1.96,1449862.224522686,1911437.524625978,2014396.5568764447,880723.234248858,1390427.3457228036,1863501.955661326,2082086.495123958,1134878.4643784552,12717181.67100925,6249785.26730185,6469885.181854921,8844103.36476782,1792290.0150478005,34332.808555566604,713820.3616438177,5325.038825429903,4894644.2810810665,0.0,1.0,0.0,0.0,0.3333333333333333,1.0,0.0,-0.5000000000000001,-0.8660254037844386
2021-08,13.0,75.6,65.1,78.8,3.73,0.74,1448802.0569799086,1911813.184529535,2014672.666891712,882412.6827673162,1389357.79685002,1862663.796141783,2082342.367658989,1136775.6979835797,12717323.34793272,6250146.4790340215,6469997.666368538,8839731.08981945,1791666.8450552868,34383.06657319361,714403.7245281873,5343.726876688534,4896182.24577287,15.0,1.0,1.0,0.0,0.6666666666666666,0.0,1.0,-0.8660254037844384,-0.5000000000000004
2021-09,28.0,69.6,57.5,72.9,2.29,-1.22,1447743.780433932,1912178.333289821,2014946.328126809,884102.9204620644,1388289.082866576,1861817.5965646096,2082596.434081876,1138678.8347395414,12717464.101733234,6250501.667610572,6470109.548059069,8835333.355964197,1791042.8545316258,34433.10256386122,714982.6015556509,5362.49187174918,4897729.637588958,21.0,13.0,1.0,1.0,5.0,12.0,0.0,-1.0,-1.8369701987210297e-16
2021-10,6.0,60.2,51.1,55.8,6.02,3.27,1446687.39151386,1912533.265013638,2015217.5622996185,885793.9476983325,1387221.2031227823,1860963.2798054663,2082848.7071413144,1140587.893011487,12717603.938425578,6250850.933466787,6470220.830157142,8830910.014959797,1790418.042396458,34482.91750842264,715557.0272204166,5381.334127410451,4899286.514313785,0.0,28.0,13.0,1.0,14.0,15.0,12.0,-0.8660254037844386,0.5
2021-11,0.0,40.9,30.5,45.4,0.86,-0.88,1445632.8868526106,1912878.265578539,2015486.3909354063,887485.7648452041,1386154.1569672695,1860100.7680001631,2083099.199496012,1142502.8912240884,12717742.863985345,6251194.375363209,6470331.515876075,8826460.917700801,1789792.4075679618,34532.51238340283,716127.0357519458,5400.253961775305,4900852.934086152,0.0,6.0,28.0,13.0,15.666666666666666,-22.0,15.0,-0.5000000000000004,0.8660254037844384
2021-12,0.0,40.2,30.6,33.7,2.52,0.39,1444580.2630892843,1913213.612863088,2015752.8353685364,889178.3722716391,1385087.9437493498,1859229.982537598,2083347.9237153216,1144423.847859165,12717880.884349192,6251532.090413561,6470441.60841196,8821985.914213546,1789165.9489628929,34581.888161012444,716692.6611164521,5419.251694256413,4902428.955401222,0.0,0.0,6.0,28.0,11.333333333333334,-6.0,-22.0,-2.4492935982947064e-16,1.0
2022-01,0.0,22.2,12.6,32.6,1.05,-0.87,1443529.5168689615,1913539.576970672,2016016.9167441607,890871.7703467937,1384022.5628188304,1858350.844052592,2083594.892279876,1146350.7814560551,12718018.005415097,6251864.174112208,6470551.110943764,8817484.8536511,1788538.66549658,34631.04580916718,717253.9370189632,5438.32764558156,4904014.637112708,0.0,0.0,0.0,6.0,2.0,0.0,-6.0,0.49999999999999994,0.8660254037844387
2022-02,0.0,28.0,18.0,35.1,3.13,2.14,1442480.6448427085,1913856.4204470597,2016278.6560198972,892565.9594399949,1382958.0135260264,1857463.272418653,2083840.1175822092,1148283.710611781,12718154.2330426,6252190.72036116,6470660.026633414,8812957.584288184,1787910.5560829244,34679.986291506735,717810.8969053262,5457.48213779905,4905610.038435075,0.0,0.0,0.0,0.0,0.0,0.0,0.0,0.8660254037844386,0.5000000000000001
2022-03,0.0,43.1,32.6,46.9,4.35,1.4,1441433.643667564,1914164.39849186,2016538.073967495,894260.9399207418,1381894.2952217606,1856567.1867406748,2084083.6119273824,1150222.653981228,12718289.57305308,6252511.821496624,6470768.358625896,8808403.953516046,1787281.6196343969,34728.71056741368,718363.5739642017,5476.71549428315,4907215.218945752,0.0,0.0,0.0,0.0,0.0,0.0,0.0,1.0,6.123233995736766e-17
2022-04,0.0,49.6,39.4,48.5,3.55,0.17,1440388.5100065302,1914463.759164078,2016795.19117448,895956.7121587065,1380831.407257362,1855662.5053475648,2084325.3875335995,1152167.6302773256,12718424.031229964,6252827.568315113,6470876.11004934,8803823.807837326,1786651.8550620363,34777.219592032285,718912.0011290411,5496.028039739546,4908830.23858735,0.0,0.0,0.0,0.0,0.0,0.0,0.0,0.8660254037844388,-0.4999999999999998
2022-05,0.0,65.3,55.1,57.7,4.09,-0.44,1439345.2405285612,1914754.7435819083,2017050.028045792,897653.2765237336,1379769.3489846669,1854749.1457847976,2084565.4565328197,1154118.6582712275,12718557.613319015,6253138.050099122,6470983.28401511,8799216.99286088,1786021.261275448,34825.514316287255,719456.2110800489,5515.420100210828,4910455.157669906,0.0,0.0,0.0,0.0,0.0,0.0,0.0,0.49999999999999994,-0.8660254037844387
2022-06,0.0,73.5,61.7,70.6,2.72,-1.77,1438303.8319085524,1915037.5861169444,2017302.6048054008,899350.6333858407,1378708.1197560162,1853827.0248069027,2084803.830971368,1156075.7567924927,12718690.325028546,6253443.354642373,6471089.8836178975,8794583.353296572,1785389.8371828012,34873.59568690234,719996.2362461302,5534.892003081989,4912090.036873136,1.0,0.0,0.0,0.0,0.0,0.0,0.0,1.2246467991473532e-16,-1.0
2022-07,1.0,75.8,65.8,85.8,5.28,1.73,1437264.280827331,1915312.5145829492,2017552.941497913,901048.7831152178,1377647.7189242572,1852896.058369876,2085040.5228105376,1158038.944729268,12718822.17202968,6253743.568274637,6471195.911935809,8789922.732950045,1784757.581690828,34921.464646418906,720532.1088068231,5554.444077085958,4913734.9372486975,1.0,0.0,0.0,0.0,0.0,0.0,0.0,-0.5000000000000001,-0.8660254037844386
2022-08,14.0,73.6,63.3,85.2,4.07,0.9,1436226.583971643,1915579.7504193496,2017801.0579901636,902747.7260822284,1376588.1458427424,1851956.1616235191,2085275.5439271927,1160008.2410284688,12718953.15995659,6254038.775886149,6471301.372030454,8785234.974717446,1784124.49370482,34969.122133214434,721063.8606942163,5574.076652309147,4915389.920222472,13.0,1.0,0.0,0.0,0.3333333333333333,1.0,0.0,-0.8660254037844384,-0.5000000000000004
2022-09,8.0,67.0,55.7,76.4,2.54,-0.86,1435190.7380341454,1915839.50886959,2018046.9739727897,904447.4626574086,1375529.399865329,1851007.248903708,2085508.906114363,1161983.664695964,12719083.294406734,6254329.060951615,6471406.266947035,8780519.920580143,1783490.5721286286,35016.569081520865,721591.523594852,5593.790060197021,4917055.047596855,28.0,14.0,1.0,0.0,5.0,13.0,1.0,-1.0,-1.8369701987210297e-16
2022-10,0.0,53.3,40.2,61.4,2.22,-0.52,1434156.7397133943,1916091.999154502,2018290.7089617967,906147.9932114676,1374471.4803463782,1850049.233724584,2085740.6210818335,1163965.234796757,12719212.580941107,6254614.505553806,6471510.599714435,8775777.41159939,1782855.8158646612,35063.80642144296,722115.1289516137,5613.584633559699,4918730.381553071,6.0,8.0,14.0,1.0,7.666666666666667,-6.0,13.0,-0.8660254037844386,0.5
2022-11,0.0,43.0,32.7,35.6,1.82,-1.55,1433124.5857138347,1916337.424640818,2018532.2823001044,907849.3181152878,1373414.3866407557,1849082.028770671,2085970.700456736,1165952.9704551734,12719341.025084466,6254895.190406778,6471614.373345303,8771007.287910974,1782220.2238138805,35110.83507897653,722634.7079656001,5633.460706577569,4920415.984653487,0.0,0.0,8.0,14.0,7.333333333333333,-8.0,-6.0,-0.5000000000000004,0.8660254037844384
2022-12,0.0,30.3,22.5,30.2,2.39,-0.52,1432094.2727457888,1916575.983004972,2018771.713159083,909551.437739925,1372358.11810383,1848105.5458889185,2086199.1557841296,1167946.8908550402,12719468.632325567,6255171.19487869,6471717.590836146,8766209.38871982,1781583.794875801,35157.65597602656,723150.2915979846,5653.418614806932,4922111.919843955,0.0,0.0,0.0,8.0,2.6666666666666665,0.0,-8.0,-2.4492935982947064e-16,1.0
2023-01,4.624357821365999,27.867161426411617,21.39332625642774,33.65929575834413,3.0695835076250315,-0.0605133236895644,1431065.797525447,1916807.866392318,2019009.020540075,911254.352456608,1371302.6740914742,1847119.6960806665,2086425.9985275809,1169947.0152398758,12719595.408117408,6255442.597014248,6471820.255167408,8761383.552294577,1780946.5279484896,35204.270030425294,723661.9105718599,5673.458695185664,4923818.250456161,0.0,0.0,0.0,0.0,0.0,0.0,0.0,0.49999999999999994,0.8660254037844387
2023-02,7.351436637680846,33.264774026276726,26.68469199171865,42.87114770892625,3.2652465564294437,0.1933711522717319,1430039.1567748582,1917033.2615718895,2019244.2232759015,912958.0626367398,1370248.0539600628,1846124.3894935327,2086651.24006974,1171953.362913073,12719721.357877454,6255709.473556775,6471922.369303565,8756529.61596216,1780308.4219285613,35250.678155950234,724169.5953740684,5693.581286038905,4925535.040209987,0.0,4.624357821365999,0.0,0.0,1.5414526071219996,4.624357821365999,0.0,0.8660254037844386,0.5000000000000001
2023-03,7.6179008835302575,42.56948701531596,34.75723672617848,53.77170095544558,3.3731574256913017,0.3144769321394418,1429014.347221916,1917252.350086836,2019477.3400323603,914662.568651896,1369194.2570664736,1845119.535413228,2086874.8917129105,1173965.9532380872,12719846.486987872,6255971.899969906,6472023.936193201,8751647.416102277,1779669.4757111785,35296.88126234205,724673.3762570197,5713.786727084776,4927262.3532158965,0.0,7.351436637680846,4.624357821365999,0.0,3.9919314863489483,2.7270788163148474,4.624357821365999,1.0,6.123233995736766e-17
2023-04,6.983782687284421,51.94140106270544,42.40262252696705,62.75981743322082,3.414747950913402,0.3783159249921656,1427991.365600352,1917465.3084006405,2019708.389309703,916367.8708738256,1368141.2827680858,1844105.0422552803,2087096.9646796167,1175984.8056386216,12719970.800795762,6256229.950458933,6472124.958769102,8746736.7881419,1779029.688190049,35342.88025532242,725173.2832404927,5734.075359440108,4929000.253977323,0.0,7.6179008835302575,7.351436637680846,4.624357821365999,6.531231780859034,0.2664642458494111,2.7270788163148474,0.8660254037844388,-0.4999999999999998
