DateTime,Fever[en]
2008-01-01, 1612
2008-01-02, 2391
2008-01-03, 2434
2008-01-04, 2386
2008-01-05, 2067
2008-01-06, 2087
2008-01-07, 2630
2008-01-08, 2711
2008-01-09, 2624
2008-01-10, 2516
2008-01-11, 2279
2008-01-12, 1940
2008-01-13, 2122
2008-01-14, 2612
2008-01-15, 2503
2008-01-16, 2492
2008-01-17, 2472
2008-01-18, 2194
2008-01-19, 1892
2008-01-20, 1979
2008-01-21, 2572
2008-01-22, 2888
2008-01-23, 2748
2008-01-24, 2529
2008-01-25, 2507
2008-01-26, 2120
2008-01-27, 2236
2008-01-28, 3252
2008-01-29, 3108
2008-01-30, 3267
2008-01-31, 2977
2008-02-01, 2647
2008-02-02, 2224
2008-02-03, 2616
2008-02-04, 3383
2008-02-05, 3628
2008-02-06, 3662
2008-02-07, 3337
2008-02-08, 3017
2008-02-09, 2458
2008-02-10, 2775
2008-02-11, 3780
2008-02-12, 3662
2008-02-13, 3537
2008-02-14, 2982
2008-02-15, 2932
2008-02-16, 2439
2008-02-17, 2637
2008-02-18, 3417
2008-02-19, 3685
2008-02-20, 3580
2008-02-21, 3356
2008-02-22, 2865
2008-02-23, 2375
2008-02-24, 2602
2008-02-25, 3614
2008-02-26, 3403
2008-02-27, 3346
2008-02-28, 3113
2008-02-29, 2823
2008-03-01, 2316
2008-03-02, 2459
2008-03-03, 2128
2008-03-04, 1205
2008-03-05, 3276
2008-03-06, 3050
2008-03-07, 2692
2008-03-08, 2204
2008-03-09, 2441
2008-03-10, 3053
2008-03-11, 3156
2008-03-12, 2971
2008-03-13, 2869
2008-03-14, 2431
2008-03-15, 1964
2008-03-16, 2129
2008-03-17, 2765
2008-03-18, 2707
2008-03-19, 2605
2008-03-20, 2288
2008-03-21, 1928
2008-03-22, 1917
2008-03-23, 1933
2008-03-24, 2632
2008-03-25, 2829
2008-03-26, 2790
2008-03-27, 2638
2008-03-28, 2410
2008-03-29, 2047
2008-03-30, 2142
2008-03-31, 2690
2008-04-01, 2764
2008-04-02, 2733
2008-04-03, 2775
2008-04-04, 2395
2008-04-05, 1878
2008-04-06, 2146
2008-04-07, 2763
2008-04-08, 2813
2008-04-09, 2745
2008-04-10, 2490
2008-04-11, 2192
2008-04-12, 1784
2008-04-13, 1998
2008-04-14, 2839
2008-04-15, 2544
2008-04-16, 2452
2008-04-17, 2471
2008-04-18, 2113
2008-04-19, 1705
2008-04-20, 2024
2008-04-21, 2544
2008-04-22, 2320
2008-04-23, 2393
2008-04-24, 2271
2008-04-25, 2054
2008-04-26, 1666
2008-04-27, 1941
2008-04-28, 2862
2008-04-29, 2623
2008-04-30, 2500
2008-05-01, 2411
2008-05-02, 2009
2008-05-03, 1616
2008-05-04, 1760
2008-05-05, 2368
2008-05-06, 2389
2008-05-07, 2438
2008-05-08, 2297
2008-05-09, 1951
2008-05-10, 1611
2008-05-11, 1696
2008-05-12, 2437
2008-05-13, 2461
2008-05-14, 3008
2008-05-15, 2593
2008-05-16, 2145
2008-05-17, 1754
2008-05-18, 2001
2008-05-19, 2667
2008-05-20, 2665
2008-05-21, 2494
2008-05-22, 2250
2008-05-23, 2057
2008-05-24, 1765
2008-05-25, 2023
2008-05-26, 2367
2008-05-27, 2580
2008-05-28, 2612
2008-05-29, 2464
2008-05-30, 2078
2008-05-31, 1698
2008-06-01, 1851
2008-06-02, 2394
2008-06-03, 2447
2008-06-04, 2433
2008-06-05, 2226
2008-06-06, 1932
2008-06-07, 1765
2008-06-08, 1914
2008-06-09, 2531
2008-06-10, 2555
2008-06-11, 2475
2008-06-12, 2417
2008-06-13, 2024
2008-06-14, 1837
2008-06-15, 2046
2008-06-16, 2664
2008-06-17, 2471
2008-06-18, 2439
2008-06-19, 2495
2008-06-20, 2166
2008-06-21, 1723
2008-06-22, 2111
2008-06-23, 2534
2008-06-24, 2776
2008-06-25, 2485
2008-06-26, 2457
2008-06-27, 2191
2008-06-28, 1837
2008-06-29, 1944
2008-06-30, 2469
2008-07-01, 2512
2008-07-02, 2398
2008-07-03, 2293
2008-07-04, 1980
2008-07-05, 1857
2008-07-06, 2004
2008-07-07, 2510
2008-07-08, 2630
2008-07-09, 2392
2008-07-10, 2376
2008-07-11, 1907
2008-07-12, 1497
2008-07-13, 1843
2008-07-14, 2204
2008-07-15, 2264
2008-07-16, 2221
2008-07-17, 2091
2008-07-18, 1876
2008-07-19, 1712
2008-07-20, 1692
2008-07-21, 2450
2008-07-22, 2421
2008-07-23, 2398
2008-07-24, 2163
2008-07-25, 2070
2008-07-26, 1872
2008-07-27, 1922
2008-07-28, 2519
2008-07-29, 2604
2008-07-30, 2501
2008-07-31, 2294
2008-08-01, 2162
2008-08-02, 1814
2008-08-03, 2045
2008-08-04, 2465
2008-08-05, 2647
2008-08-06, 2625
2008-08-07, 2461
2008-08-08, 2078
2008-08-09, 1742
2008-08-10, 1877
2008-08-11, 2342
2008-08-12, 2340
2008-08-13, 2288
2008-08-14, 2040
2008-08-15, 1917
2008-08-16, 1532
2008-08-17, 1718
2008-08-18, 2200
2008-08-19, 2506
2008-08-20, 2298
2008-08-21, 2396
2008-08-22, 2108
2008-08-23, 1671
2008-08-24, 1883
2008-08-25, 2526
2008-08-26, 2609
2008-08-27, 2689
2008-08-28, 2504
2008-08-29, 2144
2008-08-30, 1891
2008-08-31, 2038
2008-09-01, 2446
2008-09-02, 2458
2008-09-03, 2642
2008-09-04, 2551
2008-09-05, 2396
2008-09-06, 1934
2008-09-07, 2221
2008-09-08, 2713
2008-09-09, 2839
2008-09-10, 2831
2008-09-11, 2858
2008-09-12, 2363
2008-09-13, 2116
2008-09-14, 2418
2008-09-15, 2979
2008-09-16, 2970
2008-09-17, 2947
2008-09-18, 2743
2008-09-19, 2562
2008-09-20, 2101
2008-09-21, 2542
2008-09-22, 2992
2008-09-23, 3115
2008-09-24, 2908
2008-09-25, 2814
2008-09-26, 2510
2008-09-27, 2245
2008-09-28, 2435
2008-09-29, 2874
2008-09-30, 2486
2008-10-01, 2766
2008-10-02, 2742
2008-10-03, 2477
2008-10-04, 2156
2008-10-05, 2394
2008-10-06, 3259
2008-10-07, 3372
2008-10-08, 3279
2008-10-09, 2943
2008-10-10, 2651
2008-10-11, 2136
2008-10-12, 2553
2008-10-13, 3218
2008-10-14, 3428
2008-10-15, 3215
2008-10-16, 3094
2008-10-17, 2549
2008-10-18, 2219
2008-10-19, 2661
2008-10-20, 3318
2008-10-21, 1506
2008-10-22, 1664
2008-10-23, 2972
2008-10-24, 2636
2008-10-25, 2193
2008-10-26, 2437
2008-10-27, 3178
2008-10-28, 3137
2008-10-29, 3173
2008-10-30, 3003
2008-10-31, 2495
2008-11-01, 2088
2008-11-02, 2568
2008-11-03, 3367
2008-11-04, 3501
2008-11-05, 2860
2008-11-06, 3135
2008-11-07, 2640
2008-11-08, 2330
2008-11-09, 2564
2008-11-10, 3200
2008-11-11, 3197
2008-11-12, 3311
2008-11-13, 3333
2008-11-14, 2863
2008-11-15, 2343
2008-11-16, 2659
2008-11-17, 3221
2008-11-18, 3114
2008-11-19, 3050
2008-11-20, 2933
2008-11-21, 2665
2008-11-22, 2367
2008-11-23, 2464
2008-11-24, 3225
2008-11-25, 3068
2008-11-26, 2951
2008-11-27, 2434
2008-11-28, 2359
2008-11-29, 2239
2008-11-30, 2717
2008-12-01, 3419
2008-12-02, 3319
2008-12-03, 3476
2008-12-04, 3278
2008-12-05, 2889
2008-12-06, 2537
2008-12-07, 2669
2008-12-08, 3266
2008-12-09, 3349
2008-12-10, 3401
2008-12-11, 3166
2008-12-12, 2804
2008-12-13, 2398
2008-12-14, 2905
2008-12-15, 3488
2008-12-16, 3416
2008-12-17, 3133
2008-12-18, 3099
2008-12-19, 2693
2008-12-20, 2353
2008-12-21, 2508
2008-12-22, 2808
2008-12-23, 2629
2008-12-24, 2281
2008-12-25, 1696
2008-12-26, 2203
2008-12-27, 2323
2008-12-28, 2579
2008-12-29, 2982
2008-12-30, 2957
2008-12-31, 2626
2009-01-01, 2084
2009-01-02, 2921
2009-01-03, 2942
2009-01-04, 3195
2009-01-05, 3729
2009-01-06, 3754
2009-01-07, 3545
2009-01-08, 3439
2009-01-09, 3052
2009-01-10, 2740
2009-01-11, 3154
2009-01-12, 3688
2009-01-13, 3772
2009-01-14, 3608
2009-01-15, 3641
2009-01-16, 3238
2009-01-17, 2722
2009-01-18, 3183
2009-01-19, 3834
2009-01-20, 3968
2009-01-21, 3768
2009-01-22, 3737
2009-01-23, 3484
2009-01-24, 3004
2009-01-25, 3356
2009-01-26, 3913
2009-01-27, 4358
2009-01-28, 4375
2009-01-29, 4053
2009-01-30, 3872
2009-01-31, 3200
2009-02-01, 3644
2009-02-02, 4403
2009-02-03, 4423
2009-02-04, 4491
2009-02-05, 4246
2009-02-06, 4095
2009-02-07, 3801
2009-02-08, 4309
2009-02-09, 4646
2009-02-10, 4865
2009-02-11, 5079
2009-02-12, 4520
2009-02-13, 3990
2009-02-14, 3339
2009-02-15, 3733
2009-02-16, 4574
2009-02-17, 4734
2009-02-18, 4743
2009-02-19, 4613
2009-02-20, 4140
2009-02-21, 3547
2009-02-22, 3659
2009-02-23, 4787
2009-02-24, 4822
2009-02-25, 4594
2009-02-26, 4370
2009-02-27, 4299
2009-02-28, 3763
2009-03-01, 3937
2009-03-02, 4697
2009-03-03, 4376
2009-03-04, 4415
2009-03-05, 4264
2009-03-06, 3695
2009-03-07, 3259
2009-03-08, 3706
2009-03-09, 4377
2009-03-10, 4076
2009-03-11, 4088
2009-03-12, 3891
2009-03-13, 3668
2009-03-14, 3124
2009-03-15, 3316
2009-03-16, 4090
2009-03-17, 4016
2009-03-18, 3904
2009-03-19, 3981
2009-03-20, 3492
2009-03-21, 3009
2009-03-22, 3093
2009-03-23, 3879
2009-03-24, 3910
2009-03-25, 3786
2009-03-26, 3678
2009-03-27, 3089
2009-03-28, 2811
2009-03-29, 3047
2009-03-30, 3536
2009-03-31, 3550
2009-04-01, 3411
2009-04-02, 3787
2009-04-03, 3069
2009-04-04, 2601
2009-04-05, 2865
2009-04-06, 3627
2009-04-07, 3482
2009-04-08, 3469
2009-04-09, 3116
2009-04-10, 2669
2009-04-11, 2338
2009-04-12, 2573
2009-04-13, 3371
2009-04-14, 3444
2009-04-15, 3404
2009-04-16, 3058
2009-04-17, 2913
2009-04-18, 2407
2009-04-19, 2831
2009-04-20, 3242
2009-04-21, 3158
2009-04-22, 3051
2009-04-23, 3015
2009-04-24, 3000
2009-04-25, 2569
2009-04-26, 3138
2009-04-27, 4189
2009-04-28, 4667
2009-04-29, 5096
2009-04-30, 5345
2009-05-01, 4725
2009-05-02, 3611
2009-05-03, 3562
2009-05-04, 4604
2009-05-05, 4456
2009-05-06, 3925
2009-05-07, 3919
2009-05-08, 3322
2009-05-09, 2903
2009-05-10, 3039
2009-05-11, 3832
2009-05-12, 3987
2009-05-13, 3555
2009-05-14, 3839
2009-05-15, 3146
2009-05-16, 2646
2009-05-17, 3134
2009-05-18, 3862
2009-05-19, 3960
2009-05-20, 3781
2009-05-21, 3678
2009-05-22, 3237
2009-05-23, 2640
2009-05-24, 2966
2009-05-25, 3404
2009-05-26, 3700
2009-05-27, 3792
2009-05-28, 3521
2009-05-29, 3105
2009-05-30, 2640
2009-05-31, 2927
2009-06-01, 3648
2009-06-02, 3670
2009-06-03, 3620
2009-06-04, 3548
2009-06-05, 3125
2009-06-06, 2485
2009-06-07, 2946
2009-06-08, 4292
2009-06-09, 3935
2009-06-10, 3618
2009-06-11, 3699
2009-06-12, 3465
2009-06-13, 2983
2009-06-14, 3158
2009-06-15, 4069
2009-06-16, 3728
2009-06-17, 3957
2009-06-18, 3811
2009-06-19, 3341
2009-06-20, 2794
2009-06-21, 2963
2009-06-22, 3973
2009-06-23, 3986
2009-06-24, 3691
2009-06-25, 3827
2009-06-26, 3334
2009-06-27, 3070
2009-06-28, 3348
2009-06-29, 3950
2009-06-30, 3787
2009-07-01, 3936
2009-07-02, 3446
2009-07-03, 3082
2009-07-04, 2838
2009-07-05, 2939
2009-07-06, 3913
2009-07-07, 3856
2009-07-08, 3890
2009-07-09, 3654
2009-07-10, 3231
2009-07-11, 2746
2009-07-12, 3157
2009-07-13, 3994
2009-07-14, 3997
2009-07-15, 4012
2009-07-16, 3915
2009-07-17, 3359
2009-07-18, 2967
2009-07-19, 3245
2009-07-20, 4223
2009-07-21, 4356
2009-07-22, 4042
2009-07-23, 3934
2009-07-24, 3407
2009-07-25, 2942
2009-07-26, 3325
2009-07-27, 4300
2009-07-28, 4196
2009-07-29, 4013
2009-07-30, 3713
2009-07-31, 3081
2009-08-01, 2820
2009-08-02, 3111
2009-08-03, 3940
2009-08-04, 4111
2009-08-05, 4019
2009-08-06, 3702
2009-08-07, 3354
2009-08-08, 2892
2009-08-09, 3056
2009-08-10, 3957
2009-08-11, 4247
2009-08-12, 3870
2009-08-13, 3954
2009-08-14, 3257
2009-08-15, 2747
2009-08-16, 3129
2009-08-17, 3807
2009-08-18, 3890
2009-08-19, 3925
2009-08-20, 3720
2009-08-21, 3125
2009-08-22, 2707
2009-08-23, 3046
2009-08-24, 3724
2009-08-25, 3862
2009-08-26, 3865
2009-08-27, 3839
2009-08-28, 3440
2009-08-29, 2801
2009-08-30, 3098
2009-08-31, 4134
2009-09-01, 4137
2009-09-02, 4411
2009-09-03, 4215
2009-09-04, 3661
2009-09-05, 2586
2009-09-06, 3189
2009-09-07, 4188
2009-09-08, 5050
2009-09-09, 4837
2009-09-10, 4518
2009-09-11, 4275
2009-09-12, 3446
2009-09-13, 4151
2009-09-14, 5194
2009-09-15, 5332
2009-09-16, 5356
2009-09-17, 4906
2009-09-18, 4347
2009-09-19, 3556
2009-09-20, 3906
2009-09-21, 3031
2009-09-22, 0
2009-09-23, 0
2009-09-24, 0
2009-09-25, 0
2009-09-26, 0
2009-09-27, 0
2009-09-28, 0
2009-09-29, 0
2009-09-30, 0
2009-10-01, 5026
2009-10-02, 4617
2009-10-03, 3977
2009-10-04, 4276
2009-10-05, 5703
2009-10-06, 5399
2009-10-07, 5623
2009-10-08, 5400
2009-10-09, 5009
2009-10-10, 4214
2009-10-11, 4466
2009-10-12, 5856
2009-10-13, 6467
2009-10-14, 6129
2009-10-15, 0
2009-10-16, 4757
2009-10-17, 4378
2009-10-18, 4399
2009-10-19, 6754
2009-10-20, 7033
2009-10-21, 7632
2009-10-22, 7085
2009-10-23, 6211
2009-10-24, 5333
2009-10-25, 5759
2009-10-26, 7984
2009-10-27, 8162
2009-10-28, 8575
2009-10-29, 7784
2009-10-30, 7193
2009-10-31, 5489
2009-11-01, 5398
2009-11-02, 7670
2009-11-03, 8868
2009-11-04, 8414
2009-11-05, 7832
2009-11-06, 6725
2009-11-07, 5322
2009-11-08, 5681
2009-11-09, 7466
2009-11-10, 7287
2009-11-11, 6496
2009-11-12, 6694
2009-11-13, 5605
2009-11-14, 4370
2009-11-15, 4824
2009-11-16, 6046
2009-11-17, 4948
2009-11-18, 5095
2009-11-19, 4691
2009-11-20, 4410
2009-11-21, 3561
2009-11-22, 2442
2009-11-23, 4413
2009-11-24, 4330
2009-11-25, 3995
2009-11-26, 3435
2009-11-27, 3156
2009-11-28, 4000
2009-11-29, 3258
2009-11-30, 4346
2009-12-01, 4247
2009-12-02, 3948
2009-12-03, 3818
2009-12-04, 3681
2009-12-05, 3073
2009-12-06, 3149
2009-12-07, 3966
2009-12-08, 3882
2009-12-09, 3828
2009-12-10, 3598
2009-12-11, 3238
2009-12-12, 2969
2009-12-13, 3023
2009-12-14, 3391
2009-12-15, 3337
2009-12-16, 3333
2009-12-17, 3383
2009-12-18, 3173
2009-12-19, 2604
2009-12-20, 2825
2009-12-21, 3261
2009-12-22, 3147
2009-12-23, 3001
2009-12-24, 2373
2009-12-25, 1830
2009-12-26, 2414
2009-12-27, 2786
2009-12-28, 3253
2009-12-29, 3446
2009-12-30, 3361
2009-12-31, 3014
2010-01-01, 2347
2010-01-02, 2869
2010-01-03, 2719
2010-01-04, 3127
2010-01-05, 3289
2010-01-06, 3665
2010-01-07, 3672
2010-01-08, 3468
2010-01-09, 3081
2010-01-10, 3005
2010-01-11, 3743
2010-01-12, 3852
2010-01-13, 3672
2010-01-14, 3752
2010-01-15, 3418
2010-01-16, 3000
2010-01-17, 3303
2010-01-18, 3746
2010-01-19, 4108
2010-01-20, 4100
2010-01-21, 3818
2010-01-22, 3622
2010-01-23, 271
2010-01-24, 0
2010-01-25, 3893
2010-01-26, 3900
2010-01-27, 3881
2010-01-28, 3838
2010-01-29, 3524
2010-01-30, 3119
2010-01-31, 3242
2010-02-01, 3905
2010-02-02, 4193
2010-02-03, 4176
2010-02-04, 4191
2010-02-05, 4139
2010-02-06, 3244
2010-02-07, 3586
2010-02-08, 3368
2010-02-09, 4357
2010-02-10, 4299
2010-02-11, 3926
2010-02-12, 3592
2010-02-13, 2978
2010-02-14, 3064
2010-02-15, 3694
2010-02-16, 4214
2010-02-17, 4267
2010-02-18, 4032
2010-02-19, 3434
2010-02-20, 3310
2010-02-21, 3663
2010-02-22, 4440
2010-02-23, 4565
2010-02-24, 4004
2010-02-25, 3391
2010-02-26, 3390
2010-02-27, 3208
2010-02-28, 3468
2010-03-01, 4067
2010-03-02, 4269
2010-03-03, 4164
2010-03-04, 4150
2010-03-05, 3828
2010-03-06, 3473
2010-03-07, 3567
2010-03-08, 4419
2010-03-09, 4340
2010-03-10, 4211
2010-03-11, 3980
2010-03-12, 4050
2010-03-13, 3359
2010-03-14, 3264
2010-03-15, 4117
2010-03-16, 3953
2010-03-17, 3939
2010-03-18, 3880
2010-03-19, 3679
2010-03-20, 3280
2010-03-21, 3402
2010-03-22, 4011
2010-03-23, 3997
2010-03-24, 3887
2010-03-25, 3995
2010-03-26, 3399
2010-03-27, 3118
2010-03-28, 3300
2010-03-29, 4000
2010-03-30, 3928
2010-03-31, 3946
2010-04-01, 3398
2010-04-02, 3347
2010-04-03, 2995
2010-04-04, 3069
2010-04-05, 3642
2010-04-06, 3784
2010-04-07, 3803
2010-04-08, 3750
2010-04-09, 3544
2010-04-10, 2895
2010-04-11, 3169
2010-04-12, 3726
2010-04-13, 3749
2010-04-14, 3632
2010-04-15, 3608
2010-04-16, 3582
2010-04-17, 3104
2010-04-18, 3408
2010-04-19, 3791
2010-04-20, 4265
2010-04-21, 4212
2010-04-22, 3939
2010-04-23, 3816
2010-04-24, 3574
2010-04-25, 3692
2010-04-26, 4703
2010-04-27, 4525
2010-04-28, 4670
2010-04-29, 4237
2010-04-30, 3939
2010-05-01, 3303
2010-05-02, 3555
2010-05-03, 4186
2010-05-04, 3990
2010-05-05, 3817
2010-05-06, 3612
2010-05-07, 3574
2010-05-08, 3157
2010-05-09, 2998
2010-05-10, 3724
2010-05-11, 3670
2010-05-12, 3396
2010-05-13, 3090
2010-05-14, 3084
2010-05-15, 2870
2010-05-16, 2980
2010-05-17, 3580
2010-05-18, 2996
2010-05-19, 2883
2010-05-20, 3451
2010-05-21, 3287
2010-05-22, 2992
2010-05-23, 3199
2010-05-24, 3617
2010-05-25, 3473
2010-05-26, 3506
2010-05-27, 3134
2010-05-28, 2657
2010-05-29, 3111
2010-05-30, 2950
2010-05-31, 3334
2010-06-01, 3538
2010-06-02, 3743
2010-06-03, 3438
2010-06-04, 3286
2010-06-05, 2805
2010-06-06, 3125
2010-06-07, 3594
2010-06-08, 3108
2010-06-09, 3101
2010-06-10, 2904
2010-06-11, 1829
2010-06-12, 568
2010-06-13, 467
2010-06-14, 615
2010-06-15, 1503
2010-06-16, 2257
2010-06-17, 2965
2010-06-18, 2926
2010-06-19, 2724
2010-06-20, 2723
2010-06-21, 3368
2010-06-22, 3208
2010-06-23, 3460
2010-06-24, 2787
2010-06-25, 2603
2010-06-26, 2314
2010-06-27, 1047
2010-06-28, 2091
2010-06-29, 3217
2010-06-30, 3059
2010-07-01, 2996
2010-07-02, 2819
2010-07-03, 2326
2010-07-04, 2360
2010-07-05, 1012
2010-07-06, 2922
2010-07-07, 1109
2010-07-08, 0
2010-07-09, 0
2010-07-10, 1634
2010-07-11, 2510
2010-07-12, 2802
2010-07-13, 3001
2010-07-14, 2930
2010-07-15, 2748
2010-07-16, 2678
2010-07-17, 2540
2010-07-18, 2719
2010-07-19, 3064
2010-07-20, 2960
2010-07-21, 2838
2010-07-22, 3458
2010-07-23, 3631
2010-07-24, 3252
2010-07-25, 3428
2010-07-26, 4495
2010-07-27, 4688
2010-07-28, 4224
2010-07-29, 4243
2010-07-30, 3660
2010-07-31, 3154
2010-08-01, 3349
2010-08-02, 4564
2010-08-03, 4422
2010-08-04, 4440
2010-08-05, 4157
2010-08-06, 3833
2010-08-07, 3211
2010-08-08, 3566
2010-08-09, 4369
2010-08-10, 4518
2010-08-11, 4378
2010-08-12, 4097
2010-08-13, 3743
2010-08-14, 3218
2010-08-15, 3699
2010-08-16, 5002
2010-08-17, 4669
2010-08-18, 4711
2010-08-19, 4278
2010-08-20, 3860
2010-08-21, 3505
2010-08-22, 3745
2010-08-23, 4398
2010-08-24, 4622
2010-08-25, 4528
2010-08-26, 4420
2010-08-27, 4415
2010-08-28, 3295
2010-08-29, 3607
2010-08-30, 4681
2010-08-31, 4867
2010-09-01, 4674
2010-09-02, 4482
2010-09-03, 3964
2010-09-04, 3485
2010-09-05, 3644
2010-09-06, 4252
2010-09-07, 4888
2010-09-08, 5643
2010-09-09, 4617
2010-09-10, 4001
2010-09-11, 3553
2010-09-12, 4057
2010-09-13, 5274
2010-09-14, 5122
2010-09-15, 5185
2010-09-16, 5147
2010-09-17, 4255
2010-09-18, 3759
2010-09-19, 4288
2010-09-20, 5567
2010-09-21, 5434
2010-09-22, 5534
2010-09-23, 5283
2010-09-24, 4733
2010-09-25, 3852
2010-09-26, 4357
2010-09-27, 5955
2010-09-28, 5748
2010-09-29, 5517
2010-09-30, 5137
2010-10-01, 4406
2010-10-02, 3746
2010-10-03, 4195
2010-10-04, 5322
2010-10-05, 5386
2010-10-06, 5409
2010-10-07, 5036
2010-10-08, 4599
2010-10-09, 3674
2010-10-10, 4082
2010-10-11, 4995
2010-10-12, 5339
2010-10-13, 5011
2010-10-14, 4845
2010-10-15, 4392
2010-10-16, 3601
2010-10-17, 3773
2010-10-18, 5205
2010-10-19, 5149
2010-10-20, 4985
2010-10-21, 4995
2010-10-22, 4119
2010-10-23, 3557
2010-10-24, 3999
2010-10-25, 4983
2010-10-26, 5046
2010-10-27, 5040
2010-10-28, 4905
2010-10-29, 4262
2010-10-30, 3462
2010-10-31, 3760
2010-11-01, 4978
2010-11-02, 5324
2010-11-03, 7111
2010-11-04, 5090
2010-11-05, 4333
2010-11-06, 3678
2010-11-07, 4010
2010-11-08, 5334
2010-11-09, 5406
2010-11-10, 5194
2010-11-11, 4855
2010-11-12, 4443
2010-11-13, 3674
2010-11-14, 3778
2010-11-15, 4808
2010-11-16, 4896
2010-11-17, 5043
2010-11-18, 4629
2010-11-19, 4106
2010-11-20, 3511
2010-11-21, 4157
2010-11-22, 5143
2010-11-23, 5108
2010-11-24, 4632
2010-11-25, 3982
2010-11-26, 3671
2010-11-27, 3552
2010-11-28, 3992
2010-11-29, 5220
2010-11-30, 2963
2010-12-01, 5455
2010-12-02, 4846
2010-12-03, 4378
2010-12-04, 3949
2010-12-05, 4512
2010-12-06, 5705
2010-12-07, 5921
2010-12-08, 5927
2010-12-09, 5886
2010-12-10, 5620
2010-12-11, 4411
2010-12-12, 5059
2010-12-13, 6334
2010-12-14, 6361
2010-12-15, 6270
2010-12-16, 5614
2010-12-17, 5195
2010-12-18, 4588
2010-12-19, 5133
2010-12-20, 6149
2010-12-21, 6194
2010-12-22, 5800
2010-12-23, 5024
2010-12-24, 4031
2010-12-25, 3538
2010-12-26, 4585
2010-12-27, 5666
2010-12-28, 5972
2010-12-29, 6080
2010-12-30, 5671
2010-12-31, 4841
2011-01-01, 4304
2011-01-02, 5489
2011-01-03, 6507
2011-01-04, 6929
2011-01-05, 7214
2011-01-06, 6815
2011-01-07, 6123
2011-01-08, 5212
2011-01-09, 5405
2011-01-10, 6663
2011-01-11, 6920
2011-01-12, 6778
2011-01-13, 6595
2011-01-14, 6052
2011-01-15, 5066
2011-01-16, 5777
2011-01-17, 6547
2011-01-18, 7193
2011-01-19, 6914
2011-01-20, 6769
2011-01-21, 5991
2011-01-22, 5334
2011-01-23, 6277
2011-01-24, 7326
2011-01-25, 6953
2011-01-26, 6659
2011-01-27, 5956
2011-01-28, 5096
2011-01-29, 4399
2011-01-30, 4948
2011-01-31, 6033
2011-02-01, 6037
2011-02-02, 5659
2011-02-03, 5455
2011-02-04, 4950
2011-02-05, 4403
2011-02-06, 4926
2011-02-07, 5828
2011-02-08, 6107
2011-02-09, 6121
2011-02-10, 5660
2011-02-11, 5128
2011-02-12, 4691
2011-02-13, 4927
2011-02-14, 5912
2011-02-15, 5661
2011-02-16, 5744
2011-02-17, 5790
2011-02-18, 5018
2011-02-19, 4121
2011-02-20, 4839
2011-02-21, 5840
2011-02-22, 5761
2011-02-23, 5642
2011-02-24, 5187
2011-02-25, 4825
2011-02-26, 3993
2011-02-27, 4447
2011-02-28, 5471
2011-03-01, 5393
2011-03-02, 5326
2011-03-03, 5000
2011-03-04, 4606
2011-03-05, 3513
2011-03-06, 3945
2011-03-07, 5141
2011-03-08, 5291
2011-03-09, 4584
2011-03-10, 4774
2011-03-11, 4225
2011-03-12, 3654
2011-03-13, 4104
2011-03-14, 5029
2011-03-15, 4841
2011-03-16, 4920
2011-03-17, 4547
2011-03-18, 4034
2011-03-19, 3276
2011-03-20, 3873
2011-03-21, 4534
2011-03-22, 4480
2011-03-23, 4574
2011-03-24, 4564
2011-03-25, 3845
2011-03-26, 3277
2011-03-27, 3375
2011-03-28, 4590
2011-03-29, 4454
2011-03-30, 4575
2011-03-31, 4236
2011-04-01, 3398
2011-04-02, 3013
2011-04-03, 3784
2011-04-04, 4628
2011-04-05, 4475
2011-04-06, 4403
2011-04-07, 4206
2011-04-08, 3559
2011-04-09, 2975
2011-04-10, 3417
2011-04-11, 4480
2011-04-12, 4392
2011-04-13, 4737
2011-04-14, 4223
2011-04-15, 3403
2011-04-16, 2831
2011-04-17, 3060
2011-04-18, 4219
2011-04-19, 4359
2011-04-20, 3970
2011-04-21, 3784
2011-04-22, 3074
2011-04-23, 2922
2011-04-24, 3075
2011-04-25, 3970
2011-04-26, 4447
2011-04-27, 4120
2011-04-28, 3729
2011-04-29, 2924
2011-04-30, 2734
2011-05-01, 3199
2011-05-02, 3795
2011-05-03, 3946
2011-05-04, 4016
2011-05-05, 3446
2011-05-06, 3318
2011-05-07, 2623
2011-05-08, 3056
2011-05-09, 3463
2011-05-10, 3711
2011-05-11, 3499
2011-05-12, 3832
2011-05-13, 3060
2011-05-14, 2857
2011-05-15, 3521
2011-05-16, 3967
2011-05-17, 3611
2011-05-18, 3642
2011-05-19, 3506
2011-05-20, 3099
2011-05-21, 2666
2011-05-22, 3052
2011-05-23, 3783
2011-05-24, 3704
2011-05-25, 3695
2011-05-26, 3448
2011-05-27, 2785
2011-05-28, 2687
2011-05-29, 3704
2011-05-30, 4245
2011-05-31, 4551
2011-06-01, 4496
2011-06-02, 4157
2011-06-03, 3358
2011-06-04, 2743
2011-06-05, 3018
2011-06-06, 3879
2011-06-07, 3682
2011-06-08, 3947
2011-06-09, 3355
2011-06-10, 3009
2011-06-11, 2725
2011-06-12, 3036
2011-06-13, 3742
2011-06-14, 3297
2011-06-15, 3872
2011-06-16, 3586
2011-06-17, 3148
2011-06-18, 2621
2011-06-19, 3431
2011-06-20, 3960
2011-06-21, 3908
2011-06-22, 3956
2011-06-23, 3543
2011-06-24, 3077
2011-06-25, 2917
2011-06-26, 3109
2011-06-27, 3831
2011-06-28, 3688
2011-06-29, 3540
2011-06-30, 3477
2011-07-01, 2998
2011-07-02, 2906
2011-07-03, 3042
2011-07-04, 3596
2011-07-05, 3767
2011-07-06, 3507
2011-07-07, 3505
2011-07-08, 3271
2011-07-09, 2901
2011-07-10, 3005
2011-07-11, 3939
2011-07-12, 4002
2011-07-13, 3593
2011-07-14, 3444
2011-07-15, 3131
2011-07-16, 2705
2011-07-17, 3043
2011-07-18, 3846
2011-07-19, 3547
2011-07-20, 3811
2011-07-21, 3691
2011-07-22, 2958
2011-07-23, 2644
2011-07-24, 2933
2011-07-25, 3805
2011-07-26, 3939
2011-07-27, 3754
2011-07-28, 3846
2011-07-29, 3392
2011-07-30, 2816
2011-07-31, 3123
2011-08-01, 3669
2011-08-02, 3864
2011-08-03, 3880
2011-08-04, 3866
2011-08-05, 3705
2011-08-06, 2827
2011-08-07, 3035
2011-08-08, 3708
2011-08-09, 3688
2011-08-10, 3509
2011-08-11, 3183
2011-08-12, 3103
2011-08-13, 2742
2011-08-14, 3036
2011-08-15, 3130
2011-08-16, 3428
2011-08-17, 3258
2011-08-18, 3014
2011-08-19, 3054
2011-08-20, 2927
2011-08-21, 3176
2011-08-22, 3397
2011-08-23, 3390
2011-08-24, 3400
2011-08-25, 3468
2011-08-26, 3048
2011-08-27, 3274
2011-08-28, 2952
2011-08-29, 3025
2011-08-30, 3080
2011-08-31, 3037
2011-09-01, 3241
2011-09-02, 2973
2011-09-03, 2546
2011-09-04, 2849
2011-09-05, 3148
2011-09-06, 3394
2011-09-07, 3254
2011-09-08, 3592
2011-09-09, 3272
2011-09-10, 3005
2011-09-11, 2853
2011-09-12, 3696
2011-09-13, 3505
2011-09-14, 3523
2011-09-15, 3494
2011-09-16, 3174
2011-09-17, 2833
2011-09-18, 3175
2011-09-19, 3743
2011-09-20, 4203
2011-09-21, 3968
2011-09-22, 3971
2011-09-23, 3507
2011-09-24, 3140
2011-09-25, 3229
2011-09-26, 3881
2011-09-27, 3628
2011-09-28, 3996
2011-09-29, 4304
2011-09-30, 4195
2011-10-01, 3542
2011-10-02, 3695
2011-10-03, 4644
2011-10-04, 4607
2011-10-05, 4534
2011-10-06, 4047
2011-10-07, 3829
2011-10-08, 2551
2011-10-09, 3690
2011-10-10, 4349
2011-10-11, 4451
2011-10-12, 4599
2011-10-13, 4477
2011-10-14, 4059
2011-10-15, 3136
2011-10-16, 3350
2011-10-17, 4693
2011-10-18, 4649
2011-10-19, 4471
2011-10-20, 4210
2011-10-21, 3581
2011-10-22, 2905
2011-10-23, 3476
2011-10-24, 4204
2011-10-25, 4310
2011-10-26, 4216
2011-10-27, 4416
2011-10-28, 3161
2011-10-29, 3372
2011-10-30, 3558
2011-10-31, 4713
2011-11-01, 4891
2011-11-02, 5115
2011-11-03, 4883
2011-11-04, 4217
2011-11-05, 3497
2011-11-06, 3840
2011-11-07, 4766
2011-11-08, 4999
2011-11-09, 5137
2011-11-10, 4758
2011-11-11, 4086
2011-11-12, 3280
2011-11-13, 3974
2011-11-14, 5248
2011-11-15, 5451
2011-11-16, 5323
2011-11-17, 4847
2011-11-18, 4052
2011-11-19, 3313
2011-11-20, 3855
2011-11-21, 4652
2011-11-22, 4857
2011-11-23, 4173
2011-11-24, 3811
2011-11-25, 3370
2011-11-26, 3159
2011-11-27, 3746
2011-11-28, 4890
2011-11-29, 4888
2011-11-30, 4629
2011-12-01, 4482
2011-12-02, 3885
2011-12-03, 3581
2011-12-04, 3889
2011-12-05, 4774
2011-12-06, 5071
2011-12-07, 4655
2011-12-08, 4394
2011-12-09, 4828
2011-12-10, 3531
2011-12-11, 4144
2011-12-12, 4783
2011-12-13, 4970
2011-12-14, 4609
2011-12-15, 4238
2011-12-16, 3708
2011-12-17, 3163
2011-12-18, 3229
2011-12-19, 4517
2011-12-20, 3983
2011-12-21, 3982
2011-12-22, 3603
2011-12-23, 194
2011-12-24, 0
2011-12-25, 0
2011-12-26, 1247
2011-12-27, 3966
2011-12-28, 4233
2011-12-29, 4140
2011-12-30, 3844
2011-12-31, 3387
2012-01-01, 3166
2012-01-02, 4169
2012-01-03, 4883
2012-01-04, 4938
2012-01-05, 4963
2012-01-06, 4502
2012-01-07, 3830
2012-01-08, 3924
2012-01-09, 5061
2012-01-10, 5029
2012-01-11, 4869
2012-01-12, 5021
2012-01-13, 4149
2012-01-14, 3635
2012-01-15, 3925
2012-01-16, 4645
2012-01-17, 5084
2012-01-18, 5097
2012-01-19, 4787
2012-01-20, 4337
2012-01-21, 3644
2012-01-22, 4077
2012-01-23, 5016
2012-01-24, 4924
2012-01-25, 4979
2012-01-26, 4780
2012-01-27, 4454
2012-01-28, 3718
2012-01-29, 4135
2012-01-30, 5281
2012-01-31, 5167
2012-02-01, 5112
2012-02-02, 5944
2012-02-03, 4563
2012-02-04, 3916
2012-02-05, 4377
2012-02-06, 5309
2012-02-07, 5531
2012-02-08, 5565
2012-02-09, 5262
2012-02-10, 4543
2012-02-11, 4174
2012-02-12, 4364
2012-02-13, 5479
2012-02-14, 5324
2012-02-15, 5379
2012-02-16, 5292
2012-02-17, 5987
2012-02-18, 4383
2012-02-19, 4498
2012-02-20, 5483
2012-02-21, 5978
2012-02-22, 5814
2012-02-23, 5720
2012-02-24, 4991
2012-02-25, 4366
2012-02-26, 4663
2012-02-27, 5885
2012-02-28, 6023
2012-02-29, 5588
2012-03-01, 5431
2012-03-02, 4819
2012-03-03, 4163
2012-03-04, 4638
2012-03-05, 5667
2012-03-06, 5826
2012-03-07, 5764
2012-03-08, 5627
2012-03-09, 5176
2012-03-10, 4203
2012-03-11, 4549
2012-03-12, 5193
2012-03-13, 5774
2012-03-14, 4921
2012-03-15, 4002
2012-03-16, 3618
2012-03-17, 2962
2012-03-18, 3260
2012-03-19, 4169
2012-03-20, 4697
2012-03-21, 3850
2012-03-22, 4072
2012-03-23, 3194
2012-03-24, 2590
2012-03-25, 3030
2012-03-26, 3962
2012-03-27, 3934
2012-03-28, 3844
2012-03-29, 3500
2012-03-30, 5450
2012-03-31, 7917
2012-04-01, 2907
2012-04-02, 3727
2012-04-03, 3581
2012-04-04, 3580
2012-04-05, 2901
2012-04-06, 2480
2012-04-07, 2389
2012-04-08, 2680
2012-04-09, 3510
2012-04-10, 3746
2012-04-11, 3716
2012-04-12, 3588
2012-04-13, 3012
2012-04-14, 2732
2012-04-15, 2975
2012-04-16, 3856
2012-04-17, 3987
2012-04-18, 4331
2012-04-19, 4260
2012-04-20, 3753
2012-04-21, 3095
2012-04-22, 3578
2012-04-23, 4492
2012-04-24, 4411
2012-04-25, 4372
2012-04-26, 4237
2012-04-27, 3661
2012-04-28, 3121
2012-04-29, 3386
2012-04-30, 4293
2012-05-01, 4343
2012-05-02, 4451
2012-05-03, 4135
2012-05-04, 3648
2012-05-05, 3244
2012-05-06, 3455
2012-05-07, 4386
2012-05-08, 4574
2012-05-09, 4226
2012-05-10, 3882
2012-05-11, 3505
2012-05-12, 2857
2012-05-13, 3357
2012-05-14, 4166
2012-05-15, 4194
2012-05-16, 3953
2012-05-17, 4977
2012-05-18, 3457
2012-05-19, 2855
2012-05-20, 3209
2012-05-21, 4096
2012-05-22, 4048
2012-05-23, 3950
2012-05-24, 4176
2012-05-25, 3678
2012-05-26, 3452
2012-05-27, 3784
2012-05-28, 4587
2012-05-29, 4931
2012-05-30, 4866
2012-05-31, 4904
2012-06-01, 4183
2012-06-02, 3476
2012-06-03, 3967
2012-06-04, 4188
2012-06-05, 4932
2012-06-06, 4579
2012-06-07, 4567
2012-06-08, 4004
2012-06-09, 3437
2012-06-10, 3824
2012-06-11, 4626
2012-06-12, 4644
2012-06-13, 4500
2012-06-14, 4538
2012-06-15, 4193
2012-06-16, 3582
2012-06-17, 3898
2012-06-18, 4857
2012-06-19, 4906
2012-06-20, 4567
2012-06-21, 4458
2012-06-22, 3821
2012-06-23, 3677
2012-06-24, 3893
2012-06-25, 4830
2012-06-26, 4869
2012-06-27, 4667
2012-06-28, 4672
2012-06-29, 4082
2012-06-30, 3681
2012-07-01, 3645
2012-07-02, 4549
2012-07-03, 4647
2012-07-04, 4308
2012-07-05, 4443
2012-07-06, 4375
2012-07-07, 4010
2012-07-08, 4023
2012-07-09, 4896
2012-07-10, 4838
2012-07-11, 4721
2012-07-12, 4553
2012-07-13, 3666
2012-07-14, 3750
2012-07-15, 4154
2012-07-16, 4652
2012-07-17, 4437
2012-07-18, 6139
2012-07-19, 4421
2012-07-20, 3843
2012-07-21, 3298
2012-07-22, 3675
2012-07-23, 4473
2012-07-24, 4417
2012-07-25, 4481
2012-07-26, 4169
2012-07-27, 3670
2012-07-28, 3287
2012-07-29, 3563
2012-07-30, 4350
2012-07-31, 4140
2012-08-01, 4252
2012-08-02, 4053
2012-08-03, 3694
2012-08-04, 3254
2012-08-05, 3388
2012-08-06, 3641
2012-08-07, 4256
2012-08-08, 4286
2012-08-09, 3951
2012-08-10, 3820
2012-08-11, 3239
2012-08-12, 3552
2012-08-13, 4488
2012-08-14, 4323
2012-08-15, 4414
2012-08-16, 4232
2012-08-17, 5340
2012-08-18, 3513
2012-08-19, 3505
2012-08-20, 4287
2012-08-21, 4419
2012-08-22, 4902
2012-08-23, 4572
2012-08-24, 4055
2012-08-25, 3521
2012-08-26, 3614
2012-08-27, 4621
2012-08-28, 4685
2012-08-29, 4553
2012-08-30, 4153
2012-08-31, 3908
2012-09-01, 3356
2012-09-02, 3764
2012-09-03, 4673
2012-09-04, 4797
2012-09-05, 4356
2012-09-06, 4387
2012-09-07, 4478
2012-09-08, 3705
2012-09-09, 4240
2012-09-10, 5067
2012-09-11, 5206
2012-09-12, 5234
2012-09-13, 4671
2012-09-14, 4322
2012-09-15, 3599
2012-09-16, 4113
2012-09-17, 5225
2012-09-18, 5249
2012-09-19, 4827
2012-09-20, 4855
2012-09-21, 4321
2012-09-22, 3713
2012-09-23, 4025
2012-09-24, 5718
2012-09-25, 5474
2012-09-26, 5361
2012-09-27, 5124
2012-09-28, 4461
2012-09-29, 3663
2012-09-30, 4218
2012-10-01, 5318
2012-10-02, 5353
2012-10-03, 5436
2012-10-04, 5117
2012-10-05, 4616
2012-10-06, 3904
2012-10-07, 4192
2012-10-08, 5475
2012-10-09, 5718
2012-10-10, 5315
2012-10-11, 5152
2012-10-12, 4430
2012-10-13, 3804
2012-10-14, 4411
2012-10-15, 6267
2012-10-16, 5595
2012-10-17, 5291
2012-10-18, 5024
2012-10-19, 4460
2012-10-20, 3827
2012-10-21, 4267
2012-10-22, 5521
2012-10-23, 5275
2012-10-24, 4887
2012-10-25, 4881
2012-10-26, 4246
2012-10-27, 3568
2012-10-28, 3813
2012-10-29, 6902
2012-10-30, 5102
2012-10-31, 4773
2012-11-01, 4754
2012-11-02, 4414
2012-11-03, 3691
2012-11-04, 4122
2012-11-05, 5256
2012-11-06, 5229
2012-11-07, 5001
2012-11-08, 5190
2012-11-09, 4573
2012-11-10, 3778
2012-11-11, 4050
2012-11-12, 5258
2012-11-13, 4840
2012-11-14, 5248
2012-11-15, 4778
2012-11-16, 4186
2012-11-17, 3701
2012-11-18, 4177
2012-11-19, 5394
2012-11-20, 5181
2012-11-21, 4726
2012-11-22, 4354
2012-11-23, 4095
2012-11-24, 3773
2012-11-25, 4339
2012-11-26, 5542
2012-11-27, 5596
2012-11-28, 5553
2012-11-29, 5221
2012-11-30, 4711
2012-12-01, 4054
2012-12-02, 4753
2012-12-03, 5714
2012-12-04, 6006
2012-12-05, 6147
2012-12-06, 5279
2012-12-07, 4838
2012-12-08, 4141
2012-12-09, 4687
2012-12-10, 6020
2012-12-11, 5886
2012-12-12, 5740
2012-12-13, 5395
2012-12-14, 5139
2012-12-15, 4253
2012-12-16, 4679
2012-12-17, 5876
2012-12-18, 6075
2012-12-19, 5856
2012-12-20, 5367
2012-12-21, 4565
2012-12-22, 4309
2012-12-23, 4537
2012-12-24, 4637
2012-12-25, 3958
2012-12-26, 5163
2012-12-27, 6111
2012-12-28, 5877
2012-12-29, 5020
2012-12-30, 4964
2012-12-31, 5254
2013-01-01, 4819
2013-01-02, 6382
2013-01-03, 7828
2013-01-04, 6491
2013-01-05, 5916
2013-01-06, 5896
2013-01-07, 6877
2013-01-08, 6898
2013-01-09, 7017
2013-01-10, 6656
2013-01-11, 6311
2013-01-12, 5272
2013-01-13, 5610
2013-01-14, 6979
2013-01-15, 7232
2013-01-16, 7402
2013-01-17, 6827
2013-01-18, 6375
2013-01-19, 5333
2013-01-20, 5639
2013-01-21, 7210
2013-01-22, 7594
2013-01-23, 7233
2013-01-24, 6882
2013-01-25, 5965
2013-01-26, 5119
2013-01-27, 5875
2013-01-28, 6954
2013-01-29, 7342
2013-01-30, 7089
2013-01-31, 6570
2013-02-01, 5822
2013-02-02, 4683
2013-02-03, 5321
2013-02-04, 6595
2013-02-05, 6954
2013-02-06, 6649
2013-02-07, 6225
2013-02-08, 5469
2013-02-09, 4677
2013-02-10, 5051
2013-02-11, 6204
2013-02-12, 6703
2013-02-13, 6484
2013-02-14, 5874
2013-02-15, 7952
2013-02-16, 4888
2013-02-17, 5431
2013-02-18, 6506
2013-02-19, 6911
2013-02-20, 6410
2013-02-21, 6169
2013-02-22, 5436
2013-02-23, 4699
2013-02-24, 5001
2013-02-25, 6397
2013-02-26, 6660
2013-02-27, 6852
2013-02-28, 6107
2013-03-01, 6888
2013-03-02, 4496
2013-03-03, 5170
2013-03-04, 6512
2013-03-05, 6294
2013-03-06, 6076
2013-03-07, 6047
2013-03-08, 5048
2013-03-09, 4329
2013-03-10, 4994
2013-03-11, 6286
2013-03-12, 6332
2013-03-13, 6081
2013-03-14, 6782
2013-03-15, 5243
2013-03-16, 5390
2013-03-17, 4794
2013-03-18, 6294
2013-03-19, 6101
2013-03-20, 5988
2013-03-21, 5577
2013-03-22, 4982
2013-03-23, 4167
2013-03-24, 4665
2013-03-25, 5814
2013-03-26, 5683
2013-03-27, 5265
2013-03-28, 5013
2013-03-29, 4373
2013-03-30, 3816
2013-03-31, 4246
2013-04-01, 5473
2013-04-02, 5657
2013-04-03, 5884
2013-04-04, 5551
2013-04-05, 4376
2013-04-06, 3234
2013-04-07, 3728
2013-04-08, 4815
2013-04-09, 4567
2013-04-10, 4457
2013-04-11, 4201
2013-04-12, 3503
2013-04-13, 3153
2013-04-14, 3356
2013-04-15, 4757
2013-04-16, 4635
2013-04-17, 4440
2013-04-18, 4201
2013-04-19, 3866
2013-04-20, 3100
2013-04-21, 3538
2013-04-22, 4661
2013-04-23, 4400
2013-04-24, 4459
2013-04-25, 4153
2013-04-26, 3817
2013-04-27, 3222
2013-04-28, 3629
2013-04-29, 4572
2013-04-30, 4216
2013-05-01, 4104
2013-05-02, 3997
2013-05-03, 3658
2013-05-04, 2975
2013-05-05, 3317
2013-05-06, 4195
2013-05-07, 4218
2013-05-08, 4312
2013-05-09, 4108
2013-05-10, 3508
2013-05-11, 3063
2013-05-12, 3210
2013-05-13, 4132
2013-05-14, 4352
2013-05-15, 4273
2013-05-16, 4095
2013-05-17, 3389
2013-05-18, 2941
2013-05-19, 3206
2013-05-20, 4016
2013-05-21, 4249
2013-05-22, 3980
2013-05-23, 3979
2013-05-24, 3412
2013-05-25, 2811
2013-05-26, 3000
2013-05-27, 3807
2013-05-28, 4232
2013-05-29, 4066
2013-05-30, 3939
2013-05-31, 3358
2013-06-01, 2969
2013-06-02, 3214
2013-06-03, 4445
2013-06-04, 3963
2013-06-05, 4038
2013-06-06, 3912
2013-06-07, 3376
2013-06-08, 2833
2013-06-09, 3233
2013-06-10, 3971
2013-06-11, 3875
2013-06-12, 3899
2013-06-13, 3760
2013-06-14, 3412
2013-06-15, 3231
2013-06-16, 3401
2013-06-17, 3949
2013-06-18, 3965
2013-06-19, 4014
2013-06-20, 3633
2013-06-21, 3257
2013-06-22, 2707
2013-06-23, 3039
2013-06-24, 3782
2013-06-25, 3855
2013-06-26, 3772
2013-06-27, 3760
2013-06-28, 3379
2013-06-29, 2657
2013-06-30, 2948
2013-07-01, 3886
2013-07-02, 3940
2013-07-03, 3923
2013-07-04, 3213
2013-07-05, 3176
2013-07-06, 2554
2013-07-07, 2995
2013-07-08, 3767
2013-07-09, 3673
2013-07-10, 3776
2013-07-11, 3545
2013-07-12, 3216
2013-07-13, 2594
2013-07-14, 2967
2013-07-15, 3687
2013-07-16, 3782
2013-07-17, 3658
2013-07-18, 3669
2013-07-19, 3175
2013-07-20, 2796
2013-07-21, 3151
2013-07-22, 3945
2013-07-23, 2719
2013-07-24, 1282
2013-07-25, 3146
2013-07-26, 2854
2013-07-27, 2361
2013-07-28, 2521
2013-07-29, 3380
2013-07-30, 2877
2013-07-31, 2808
2013-08-01, 2823
2013-08-02, 2587
2013-08-03, 2230
2013-08-04, 2387
2013-08-05, 2900
2013-08-06, 2814
2013-08-07, 2598
2013-08-08, 2518
2013-08-09, 2677
2013-08-10, 2568
2013-08-11, 2787
2013-08-12, 3385
2013-08-13, 3587
2013-08-14, 3235
2013-08-15, 3122
2013-08-16, 2975
2013-08-17, 2564
2013-08-18, 2886
2013-08-19, 3349
2013-08-20, 2796
2013-08-21, 2930
2013-08-22, 2999
2013-08-23, 2755
2013-08-24, 2241
2013-08-25, 2547
2013-08-26, 3082
2013-08-27, 3305
2013-08-28, 3081
2013-08-29, 3272
2013-08-30, 2988
2013-08-31, 2524
2013-09-01, 2697
2013-09-02, 3027
2013-09-03, 3316
2013-09-04, 3382
2013-09-05, 3396
2013-09-06, 3001
2013-09-07, 2542
2013-09-08, 2915
2013-09-09, 3417
2013-09-10, 4419
2013-09-11, 3639
2013-09-12, 3670
2013-09-13, 3442
2013-09-14, 3028
2013-09-15, 2990
2013-09-16, 3795
2013-09-17, 3718
2013-09-18, 3653
2013-09-19, 3520
2013-09-20, 3212
2013-09-21, 2754
2013-09-22, 3054
2013-09-23, 3543
2013-09-24, 3764
2013-09-25, 3886
2013-09-26, 3439
2013-09-27, 3104
2013-09-28, 2716
2013-09-29, 2977
2013-09-30, 3711
2013-10-01, 3956
2013-10-02, 3877
2013-10-03, 3882
2013-10-04, 3550
2013-10-05, 3013
2013-10-06, 3273
2013-10-07, 4039
2013-10-08, 3858
2013-10-09, 3890
2013-10-10, 3411
2013-10-11, 3270
2013-10-12, 2639
2013-10-13, 2894
2013-10-14, 3394
2013-10-15, 3620
2013-10-16, 3546
2013-10-17, 3700
2013-10-18, 3297
2013-10-19, 2792
2013-10-20, 3050
2013-10-21, 3413
2013-10-22, 3750
2013-10-23, 3513
2013-10-24, 3623
2013-10-25, 3114
2013-10-26, 2673
2013-10-27, 2911
2013-10-28, 3637
2013-10-29, 3644
2013-10-30, 3737
2013-10-31, 3454
2013-11-01, 2974
2013-11-02, 2622
2013-11-03, 2545
2013-11-04, 3541
2013-11-05, 3150
2013-11-06, 3621
2013-11-07, 3521
2013-11-08, 2916
2013-11-09, 2239
2013-11-10, 3128
2013-11-11, 4590
2013-11-12, 4636
2013-11-13, 5184
2013-11-14, 4082
2013-11-15, 4079
2013-11-16, 3631
2013-11-17, 3770
2013-11-18, 5100
2013-11-19, 4312
2013-11-20, 4604
2013-11-21, 4479
2013-11-22, 3935
2013-11-23, 2869
2013-11-24, 2596
2013-11-25, 3503
2013-11-26, 3467
2013-11-27, 3201
2013-11-28, 2751
2013-11-29, 2455
2013-11-30, 2291
2013-12-01, 2644
2013-12-02, 3596
2013-12-03, 3547
2013-12-04, 3862
2013-12-05, 3477
2013-12-06, 3135
2013-12-07, 2659
2013-12-08, 3024
2013-12-09, 3896
2013-12-10, 3735
2013-12-11, 3568
2013-12-12, 2817
2013-12-13, 2474
2013-12-14, 2006
2013-12-15, 2257
2013-12-16, 2698
2013-12-17, 2606
2013-12-18, 2749
2013-12-19, 2434
2013-12-20, 2126
2013-12-21, 1922
2013-12-22, 2030
2013-12-23, 2297
2013-12-24, 2055
2013-12-25, 1786
2013-12-26, 2125
2013-12-27, 2536
2013-12-28, 2369
2013-12-29, 2180
2013-12-30, 2672
2013-12-31, 2351
2014-01-01, 2080
2014-01-02, 2791
2014-01-03, 2702
2014-01-04, 2564
2014-01-05, 593
2014-01-06, 1077
2014-01-07, 3399
2014-01-08, 3383
2014-01-09, 3207
2014-01-10, 2602
2014-01-11, 2598
2014-01-12, 2699
2014-01-13, 3395
2014-01-14, 3226
2014-01-15, 3918
2014-01-16, 3399
2014-01-17, 3132
2014-01-18, 2390
2014-01-19, 2637
2014-01-20, 3074
2014-01-21, 3253
2014-01-22, 3441
2014-01-23, 3168
2014-01-24, 2880
2014-01-25, 2474
2014-01-26, 2639
2014-01-27, 3423
2014-01-28, 3233
2014-01-29, 3253
2014-01-30, 3030
2014-01-31, 2556
2014-02-01, 2348
2014-02-02, 2677
2014-02-03, 3080
2014-02-04, 3285
2014-02-05, 3207
2014-02-06, 3129
2014-02-07, 2910
2014-02-08, 2473
2014-02-09, 2571
2014-02-10, 3338
2014-02-11, 3222
2014-02-12, 2980
2014-02-13, 3023
2014-02-14, 2552
2014-02-15, 2199
2014-02-16, 2389
2014-02-17, 3056
2014-02-18, 3170
2014-02-19, 3178
2014-02-20, 2996
2014-02-21, 2602
2014-02-22, 2157
2014-02-23, 2425
2014-02-24, 3138
2014-02-25, 3149
2014-02-26, 3365
2014-02-27, 3351
2014-02-28, 3311
2014-03-01, 2816
2014-03-02, 3030
2014-03-03, 3444
2014-03-04, 3286
2014-03-05, 3114
2014-03-06, 3171
2014-03-07, 2796
2014-03-08, 2310
2014-03-09, 2349
2014-03-10, 3277
2014-03-11, 3347
2014-03-12, 2939
2014-03-13, 2934
2014-03-14, 3583
2014-03-15, 2225
2014-03-16, 2277
2014-03-17, 3024
2014-03-18, 3066
2014-03-19, 2919
2014-03-20, 2920
2014-03-21, 2569
2014-03-22, 2110
2014-03-23, 2339
2014-03-24, 3166
2014-03-25, 3347
2014-03-26, 3248
2014-03-27, 3066
2014-03-28, 2574
2014-03-29, 2154
2014-03-30, 2160
2014-03-31, 3032
2014-04-01, 3160
2014-04-02, 3030
2014-04-03, 3012
2014-04-04, 2608
2014-04-05, 2266
2014-04-06, 2481
2014-04-07, 3197
2014-04-08, 3202
2014-04-09, 3043
2014-04-10, 2982
2014-04-11, 2493
2014-04-12, 2202
2014-04-13, 2375
2014-04-14, 2948
2014-04-15, 2939
2014-04-16, 2848
2014-04-17, 2395
2014-04-18, 2206
2014-04-19, 1948
2014-04-20, 2044
2014-04-21, 2736
2014-04-22, 2909
2014-04-23, 2764
2014-04-24, 2701
2014-04-25, 2394
2014-04-26, 2066
2014-04-27, 2281
2014-04-28, 3016
2014-04-29, 2994
2014-04-30, 2633
2014-05-01, 2634
2014-05-02, 2374
2014-05-03, 2044
2014-05-04, 2207
2014-05-05, 2818
2014-05-06, 2725
2014-05-07, 2805
2014-05-08, 2672
2014-05-09, 2290
2014-05-10, 1867
2014-05-11, 2128
2014-05-12, 2768
2014-05-13, 2719
2014-05-14, 2703
2014-05-15, 2651
2014-05-16, 2137
2014-05-17, 1777
2014-05-18, 1893
2014-05-19, 2403
2014-05-20, 2538
2014-05-21, 2657
2014-05-22, 2546
2014-05-23, 2190
2014-05-24, 1828
2014-05-25, 2075
2014-05-26, 2255
2014-05-27, 2618
2014-05-28, 3301
2014-05-29, 2456
2014-05-30, 2052
2014-05-31, 1704
2014-06-01, 1941
2014-06-02, 2515
2014-06-03, 2431
2014-06-04, 2424
2014-06-05, 2339
2014-06-06, 1987
2014-06-07, 1672
2014-06-08, 1881
2014-06-09, 2230
2014-06-10, 2427
2014-06-11, 2426
2014-06-12, 2205
2014-06-13, 1874
2014-06-14, 1726
2014-06-15, 1932
2014-06-16, 2367
2014-06-17, 2303
2014-06-18, 2170
2014-06-19, 2190
2014-06-20, 1868
2014-06-21, 1689
2014-06-22, 1791
2014-06-23, 2320
2014-06-24, 2144
2014-06-25, 2232
2014-06-26, 2086
2014-06-27, 1966
2014-06-28, 1488
2014-06-29, 1720
2014-06-30, 2065
2014-07-01, 2044
2014-07-02, 2135
2014-07-03, 2067
2014-07-04, 1743
2014-07-05, 1481
2014-07-06, 1644
2014-07-07, 2071
2014-07-08, 2129
2014-07-09, 2110
2014-07-10, 2022
2014-07-11, 1875
2014-07-12, 1466
2014-07-13, 1621
2014-07-14, 2130
2014-07-15, 2264
2014-07-16, 2080
2014-07-17, 1892
2014-07-18, 1812
2014-07-19, 1505
2014-07-20, 1563
2014-07-21, 2181
2014-07-22, 2261
2014-07-23, 2158
2014-07-24, 2159
2014-07-25, 1885
2014-07-26, 1605
2014-07-27, 1710
2014-07-28, 2134
2014-07-29, 2170
2014-07-30, 2267
2014-07-31, 2088
2014-08-01, 1924
2014-08-02, 1610
2014-08-03, 1759
2014-08-04, 2257
2014-08-05, 2624
2014-08-06, 2335
2014-08-07, 2191
2014-08-08, 2072
2014-08-09, 1721
2014-08-10, 1823
2014-08-11, 2283
2014-08-12, 2312
2014-08-13, 2299
2014-08-14, 2321
2014-08-15, 1924
2014-08-16, 1710
2014-08-17, 1878
2014-08-18, 2367
2014-08-19, 2380
2014-08-20, 2492
2014-08-21, 2351
2014-08-22, 2109
2014-08-23, 1731
2014-08-24, 1914
2014-08-25, 2426
2014-08-26, 2441
2014-08-27, 2146
2014-08-28, 1899
2014-08-29, 2259
2014-08-30, 1711
2014-08-31, 1912
2014-09-01, 2317
2014-09-02, 2560
2014-09-03, 2668
2014-09-04, 2453
2014-09-05, 2199
2014-09-06, 1767
2014-09-07, 1982
2014-09-08, 2568
2014-09-09, 2719
2014-09-10, 2593
2014-09-11, 2560
2014-09-12, 2200
2014-09-13, 1856
2014-09-14, 2063
2014-09-15, 2627
2014-09-16, 2613
2014-09-17, 2710
2014-09-18, 2673
2014-09-19, 2274
2014-09-20, 1781
2014-09-21, 2069
2014-09-22, 2641
2014-09-23, 2791
2014-09-24, 2490
2014-09-25, 2449
2014-09-26, 2089
2014-09-27, 1620
2014-09-28, 1940
2014-09-29, 2565
2014-09-30, 2655
2014-10-01, 2510
2014-10-02, 2616
2014-10-03, 2268
2014-10-04, 1783
2014-10-05, 1968
2014-10-06, 2789
2014-10-07, 2920
2014-10-08, 2735
2014-10-09, 2850
2014-10-10, 2527
2014-10-11, 2119
2014-10-12, 2518
2014-10-13, 2960
2014-10-14, 3030
2014-10-15, 3546
2014-10-16, 3551
2014-10-17, 2323
2014-10-18, 1845
2014-10-19, 1798
2014-10-20, 2738
2014-10-21, 2394
2014-10-22, 2226
2014-10-23, 2108
2014-10-24, 2082
2014-10-25, 1554
2014-10-26, 1754
2014-10-27, 2579
2014-10-28, 2608
2014-10-29, 2536
2014-10-30, 2271
2014-10-31, 1781
2014-11-01, 1453
2014-11-02, 1666
2014-11-03, 2315
2014-11-04, 2402
2014-11-05, 2333
2014-11-06, 2197
2014-11-07, 1864
2014-11-08, 1483
2014-11-09, 1782
2014-11-10, 2302
2014-11-11, 2422
2014-11-12, 2231
2014-11-13, 2085
2014-11-14, 1755
2014-11-15, 1712
2014-11-16, 1652
2014-11-17, 2198
2014-11-18, 2345
2014-11-19, 2176
2014-11-20, 2002
2014-11-21, 1796
2014-11-22, 1470
2014-11-23, 1681
2014-11-24, 2043
2014-11-25, 2061
2014-11-26, 1961
2014-11-27, 1553
2014-11-28, 1422
2014-11-29, 1333
2014-11-30, 1635
2014-12-01, 2096
2014-12-02, 2189
2014-12-03, 2115
2014-12-04, 1977
2014-12-05, 1843
2014-12-06, 1481
2014-12-07, 1619
2014-12-08, 2060
2014-12-09, 2083
2014-12-10, 2049
2014-12-11, 1980
2014-12-12, 1626
2014-12-13, 1341
2014-12-14, 1471
2014-12-15, 2053
2014-12-16, 2188
2014-12-17, 1837
2014-12-18, 1812
2014-12-19, 1511
2014-12-20, 1221
2014-12-21, 1245
2014-12-22, 1698
2014-12-23, 1648
2014-12-24, 1199
2014-12-25, 958
2014-12-26, 1229
2014-12-27, 1181
2014-12-28, 1400
2014-12-29, 1658
2014-12-30, 1650
2014-12-31, 1397
2015-01-01, 1349
2015-01-02, 1425
2015-01-03, 1562
2015-01-04, 1649
2015-01-05, 1940
2015-01-06, 2044
2015-01-07, 2363
2015-01-08, 1907
2015-01-09, 1706
2015-01-10, 1366
2015-01-11, 1459
2015-01-12, 2007
2015-01-13, 1948
2015-01-14, 2013
2015-01-15, 1811
2015-01-16, 1703
2015-01-17, 1443
2015-01-18, 1438
2015-01-19, 2059
2015-01-20, 2031
2015-01-21, 2020
2015-01-22, 1847
2015-01-23, 1751
2015-01-24, 1369
2015-01-25, 1511
2015-01-26, 1967
2015-01-27, 1930
2015-01-28, 1947
2015-01-29, 1973
2015-01-30, 1547
2015-01-31, 1322
2015-02-01, 1493
2015-02-02, 1922
2015-02-03, 2138
2015-02-04, 2083
2015-02-05, 2564
2015-02-06, 1894
2015-02-07, 1525
2015-02-08, 1668
2015-02-09, 2225
2015-02-10, 2088
2015-02-11, 2142
2015-02-12, 2087
2015-02-13, 1862
2015-02-14, 1355
2015-02-15, 1471
2015-02-16, 1995
2015-02-17, 2053
2015-02-18, 1939
2015-02-19, 1952
2015-02-20, 1698
2015-02-21, 1515
2015-02-22, 1479
2015-02-23, 2040
2015-02-24, 2202
2015-02-25, 2102
2015-02-26, 1897
2015-02-27, 1867
2015-02-28, 1282
2015-03-01, 1464
2015-03-02, 2094
2015-03-03, 1895
2015-03-04, 2036
2015-03-05, 1892
2015-03-06, 1623
2015-03-07, 1367
2015-03-08, 1380
2015-03-09, 2061
2015-03-10, 1997
2015-03-11, 1932
2015-03-12, 1827
2015-03-13, 1633
2015-03-14, 1358
2015-03-15, 1429
2015-03-16, 2003
2015-03-17, 1924
2015-03-18, 1866
2015-03-19, 1728
2015-03-20, 1440
2015-03-21, 1099
2015-03-22, 1396
2015-03-23, 1827
2015-03-24, 1697
2015-03-25, 1829
2015-03-26, 1751
2015-03-27, 1427
2015-03-28, 1231
2015-03-29, 1354
2015-03-30, 1742
2015-03-31, 1848
2015-04-01, 1631
2015-04-02, 1471
2015-04-03, 1367
2015-04-04, 1119
2015-04-05, 1141
2015-04-06, 1759
2015-04-07, 1980
2015-04-08, 1877
2015-04-09, 1742
2015-04-10, 1468
2015-04-11, 1176
2015-04-12, 1430
2015-04-13, 1734
2015-04-14, 1892
2015-04-15, 1810
2015-04-16, 1603
2015-04-17, 1587
2015-04-18, 1174
2015-04-19, 1347
2015-04-20, 1697
2015-04-21, 1826
2015-04-22, 1782
2015-04-23, 1738
2015-04-24, 1308
2015-04-25, 1145
2015-04-26, 1347
2015-04-27, 1995
2015-04-28, 1759
2015-04-29, 1656
2015-04-30, 1501
2015-05-01, 1239
2015-05-02, 1023
2015-05-03, 1177
2015-05-04, 1708
2015-05-05, 1596
2015-05-06, 1655
2015-05-07, 1423
2015-05-08, 1354
2015-05-09, 999
2015-05-10, 1148
2015-05-11, 1702
2015-05-12, 1573
2015-05-13, 1628
2015-05-14, 1408
2015-05-15, 1092
2015-05-16, 1014
2015-05-17, 1210
2015-05-18, 1565
2015-05-19, 1537
2015-05-20, 1393
2015-05-21, 1529
2015-05-22, 1119
2015-05-23, 1024
2015-05-24, 1102
2015-05-25, 1291
2015-05-26, 1544
2015-05-27, 1529
2015-05-28, 1402
2015-05-29, 1302
2015-05-30, 1073
2015-05-31, 1073
2015-06-01, 1465
2015-06-02, 1459
2015-06-03, 1460
2015-06-04, 1304
2015-06-05, 1230
2015-06-06, 1672
2015-06-07, 1088
2015-06-08, 1509
2015-06-09, 1427
2015-06-10, 1409
2015-06-11, 1255
2015-06-12, 1158
2015-06-13, 895
2015-06-14, 835
2015-06-15, 1142
2015-06-16, 887
2015-06-17, 461
2015-06-18, 503
2015-06-19, 441
2015-06-20, 348
2015-06-21, 350
2015-06-22, 482
2015-06-23, 577
2015-06-24, 717
2015-06-25, 737
2015-06-26, 747
2015-06-27, 686
2015-06-28, 810
2015-06-29, 1088
2015-06-30, 980
2015-07-01, 1044
2015-07-02, 1020
2015-07-03, 852
2015-07-04, 657
2015-07-05, 764
2015-07-06, 1139
2015-07-07, 1163
2015-07-08, 1060
2015-07-09, 970
2015-07-10, 867
2015-07-11, 688
2015-07-12, 757
2015-07-13, 1026
2015-07-14, 1067
2015-07-15, 958
2015-07-16, 992
2015-07-17, 946
2015-07-18, 656
2015-07-19, 841
2015-07-20, 1018
2015-07-21, 1028
2015-07-22, 1090
2015-07-23, 1036
2015-07-24, 853
2015-07-25, 682
2015-07-26, 778
2015-07-27, 994
2015-07-28, 1055
2015-07-29, 1136
2015-07-30, 1038
2015-07-31, 793
2015-08-01, 708
2015-08-02, 804
2015-08-03, 981
2015-08-04, 1100
2015-08-05, 978
2015-08-06, 944
2015-08-07, 864
2015-08-08, 744
2015-08-09, 786
2015-08-10, 967
2015-08-11, 1075
2015-08-12, 982
2015-08-13, 920
2015-08-14, 960
2015-08-15, 720
2015-08-16, 874
2015-08-17, 987
2015-08-18, 1086
2015-08-19, 1125
2015-08-20, 950
2015-08-21, 822
2015-08-22, 733
2015-08-23, 850
2015-08-24, 1089
2015-08-25, 1099
2015-08-26, 1079
2015-08-27, 1046
2015-08-28, 910
2015-08-29, 711
2015-08-30, 845
2015-08-31, 1101
2015-09-01, 1112
2015-09-02, 1193
2015-09-03, 1136
2015-09-04, 1024
2015-09-05, 803
2015-09-06, 854
2015-09-07, 1120
2015-09-08, 1293
2015-09-09, 1273
2015-09-10, 1197
2015-09-11, 903
2015-09-12, 854
2015-09-13, 880
2015-09-14, 1367
2015-09-15, 1318
2015-09-16, 1196
2015-09-17, 1270
2015-09-18, 1082
2015-09-19, 883
2015-09-20, 999
2015-09-21, 1255
2015-09-22, 1324
2015-09-23, 1282
2015-09-24, 1034
2015-09-25, 1086
2015-09-26, 854
2015-09-27, 986
2015-09-28, 1159
2015-09-29, 1263
2015-09-30, 1396
2015-10-01, 1250
2015-10-02, 1117
2015-10-03, 869
2015-10-04, 1025
2015-10-05, 1330
2015-10-06, 1380
2015-10-07, 1389
2015-10-08, 1265
2015-10-09, 1143
2015-10-10, 902
2015-10-11, 1143
2015-10-12, 1231
2015-10-13, 1307
2015-10-14, 1239
2015-10-15, 1240
2015-10-16, 1118
2015-10-17, 961
2015-10-18, 928
2015-10-19, 1247
2015-10-20, 1226
2015-10-21, 1303
2015-10-22, 1148
2015-10-23, 1027
2015-10-24, 845
2015-10-25, 934
2015-10-26, 1217
2015-10-27, 1296
2015-10-28, 1332
2015-10-29, 3244
2015-10-30, 1188
2015-10-31, 872
2015-11-01, 919
2015-11-02, 1259
2015-11-03, 1303
2015-11-04, 1348
2015-11-05, 1312
2015-11-06, 1127
2015-11-07, 946
2015-11-08, 1067
2015-11-09, 1294
2015-11-10, 1166
2015-11-11, 1149
2015-11-12, 1209
2015-11-13, 948
2015-11-14, 910
2015-11-15, 905
2015-11-16, 1177
2015-11-17, 1305
2015-11-18, 1301
2015-11-19, 1260
2015-11-20, 1108
2015-11-21, 787
2015-11-22, 900
2015-11-23, 1212
2015-11-24, 1199
2015-11-25, 1053
2015-11-26, 1030
2015-11-27, 934
2015-11-28, 862
2015-11-29, 963
2015-11-30, 1272
2015-12-01, 1312
2015-12-02, 1264
2015-12-03, 1178
2015-12-04, 1013
2015-12-05, 769
2015-12-06, 908
2015-12-07, 1254
2015-12-08, 1365
2015-12-09, 1314
2015-12-10, 1220
2015-12-11, 1064
2015-12-12, 857
2015-12-13, 946
2015-12-14, 1165
2015-12-15, 1211
2015-12-16, 1131
2015-12-17, 1102
2015-12-18, 907
2015-12-19, 733
2015-12-20, 837
2015-12-21, 933
2015-12-22, 885
2015-12-23, 786
2015-12-24, 747
2015-12-25, 653
2015-12-26, 663
2015-12-27, 675
2015-12-28, 865
2015-12-29, 946
2015-12-30, 1066
2015-12-31, 758
2016-01-01, 603
2016-01-02, 741
2016-01-03, 778
2016-01-04, 1064
2016-01-05, 1186
2016-01-06, 1186
2016-01-07, 1092
2016-01-08, 1125
2016-01-09, 853
2016-01-10, 862
2016-01-11, 1219
2016-01-12, 1255
2016-01-13, 1177
2016-01-14, 1132
2016-01-15, 875
2016-01-16, 816
2016-01-17, 899
2016-01-18, 1207
2016-01-19, 1197
2016-01-20, 1203
2016-01-21, 1177
2016-01-22, 1097
2016-01-23, 817
2016-01-24, 930
2016-01-25, 1303
2016-01-26, 2098
2016-01-27, 1307
2016-01-28, 1338
2016-01-29, 1107
2016-01-30, 874
2016-01-31, 1066
2016-02-01, 1330
2016-02-02, 1328
2016-02-03, 1326
2016-02-04, 1349
2016-02-05, 1120
2016-02-06, 850
2016-02-07, 990
2016-02-08, 1299
2016-02-09, 1363
2016-02-10, 1338
2016-02-11, 1444
2016-02-12, 1008
2016-02-13, 873
2016-02-14, 950
2016-02-15, 1289
2016-02-16, 1353
2016-02-17, 1280
2016-02-18, 1294
2016-02-19, 1200
2016-02-20, 900
2016-02-21, 946
2016-02-22, 1291
2016-02-23, 1287
2016-02-24, 1161
2016-02-25, 1296
2016-02-26, 1055
2016-02-27, 880
2016-02-28, 978
2016-02-29, 1317
2016-03-01, 1305
2016-03-02, 1354
2016-03-03, 1260
2016-03-04, 1191
2016-03-05, 924
2016-03-06, 1014
2016-03-07, 1208
2016-03-08, 1313
2016-03-09, 1253
2016-03-10, 1284
2016-03-11, 1064
2016-03-12, 847
2016-03-13, 963
2016-03-14, 1274
2016-03-15, 1172
2016-03-16, 1258
2016-03-17, 1081
2016-03-18, 966
2016-03-19, 785
2016-03-20, 882
2016-03-21, 1089
2016-03-22, 1068
2016-03-23, 1007
2016-03-24, 944
2016-03-25, 847
2016-03-26, 718
2016-03-27, 751
2016-03-28, 1101
2016-03-29, 1240
2016-03-30, 1090
2016-03-31, 974
2016-04-01, 988
2016-04-02, 733
2016-04-03, 844
2016-04-04, 1074
2016-04-05, 1093
2016-04-06, 1065
2016-04-07, 1010
2016-04-08, 945
2016-04-09, 738
2016-04-10, 872
2016-04-11, 1166
2016-04-12, 1096
2016-04-13, 1192
2016-04-14, 1074
2016-04-15, 1085
2016-04-16, 794
2016-04-17, 795
2016-04-18, 1135
2016-04-19, 1203
2016-04-20, 1045
2016-04-21, 1013
2016-04-22, 935
2016-04-23, 698
2016-04-24, 769
2016-04-25, 1081
2016-04-26, 1039
2016-04-27, 1020
2016-04-28, 969
2016-04-29, 720
2016-04-30, 609
2016-05-01, 665
2016-05-02, 929
2016-05-03, 1083
2016-05-04, 914
2016-05-05, 899
2016-05-06, 771
2016-05-07, 650
2016-05-08, 676
2016-05-09, 1043
2016-05-10, 1053
2016-05-11, 946
2016-05-12, 910
2016-05-13, 812
2016-05-14, 662
2016-05-15, 752
2016-05-16, 879
2016-05-17, 893
2016-05-18, 966
2016-05-19, 865
2016-05-20, 821
2016-05-21, 618
2016-05-22, 747
2016-05-23, 860
2016-05-24, 1113
2016-05-25, 887
2016-05-26, 850
2016-05-27, 698
2016-05-28, 646
2016-05-29, 670
2016-05-30, 796
2016-05-31, 866
2016-06-01, 810
2016-06-02, 800
2016-06-03, 879
2016-06-04, 635
2016-06-05, 737
2016-06-06, 902
2016-06-07, 971
2016-06-08, 961
2016-06-09, 797
2016-06-10, 770
2016-06-11, 647
2016-06-12, 642
2016-06-13, 831
2016-06-14, 849
2016-06-15, 988
2016-06-16, 842
2016-06-17, 878
2016-06-18, 734
2016-06-19, 704
2016-06-20, 865
2016-06-21, 1014
2016-06-22, 849
2016-06-23, 794
2016-06-24, 882
2016-06-25, 606
2016-06-26, 629
2016-06-27, 806
2016-06-28, 787
2016-06-29, 814
2016-06-30, 713
2016-07-01, 601
2016-07-02, 508
2016-07-03, 563
2016-07-04, 700
2016-07-05, 702
2016-07-06, 725
2016-07-07, 733
2016-07-08, 600
2016-07-09, 579
2016-07-10, 548
2016-07-11, 747
2016-07-12, 784
2016-07-13, 723
2016-07-14, 787
2016-07-15, 657
2016-07-16, 514
2016-07-17, 542
2016-07-18, 776
2016-07-19, 917
2016-07-20, 875
2016-07-21, 784
2016-07-22, 735
2016-07-23, 547
2016-07-24, 633
2016-07-25, 862
2016-07-26, 778
2016-07-27, 792
2016-07-28, 765
2016-07-29, 695
2016-07-30, 554
2016-07-31, 1133
2016-08-01, 917
2016-08-02, 1065
2016-08-03, 973
2016-08-04, 967
2016-08-05, 999
2016-08-06, 777
2016-08-07, 774
2016-08-08, 1175
2016-08-09, 1189
2016-08-10, 1118
2016-08-11, 987
2016-08-12, 836
2016-08-13, 568
2016-08-14, 600
2016-08-15, 809
2016-08-16, 1019
2016-08-17, 880
2016-08-18, 763
2016-08-19, 710
2016-08-20, 577
2016-08-21, 626
2016-08-22, 884
2016-08-23, 918
2016-08-24, 908
2016-08-25, 890
2016-08-26, 825
2016-08-27, 662
2016-08-28, 711
2016-08-29, 926
2016-08-30, 979
2016-08-31, 1018
2016-09-01, 901
2016-09-02, 782
2016-09-03, 621
2016-09-04, 708
2016-09-05, 963
2016-09-06, 1194
2016-09-07, 1154
2016-09-08, 1152
2016-09-09, 1009
2016-09-10, 733
2016-09-11, 888
2016-09-12, 1146
2016-09-13, 1099
2016-09-14, 1067
2016-09-15, 1050
2016-09-16, 1032
2016-09-17, 719
2016-09-18, 808
2016-09-19, 1187
2016-09-20, 1108
2016-09-21, 1010
2016-09-22, 986
2016-09-23, 923
2016-09-24, 679
2016-09-25, 799
2016-09-26, 1206
2016-09-27, 1126
2016-09-28, 1127
2016-09-29, 1488
2016-09-30, 925
2016-10-01, 846
2016-10-02, 787
2016-10-03, 1132
2016-10-04, 1143
2016-10-05, 1050
2016-10-06, 1032
2016-10-07, 996
2016-10-08, 808
2016-10-09, 820
2016-10-10, 1025
2016-10-11, 1134
2016-10-12, 1149
2016-10-13, 1187
2016-10-14, 1012
2016-10-15, 782
2016-10-16, 851
2016-10-17, 1047
2016-10-18, 1147
2016-10-19, 1136
2016-10-20, 1070
2016-10-21, 903
2016-10-22, 701
2016-10-23, 798
2016-10-24, 1233
2016-10-25, 1139
2016-10-26, 1065
2016-10-27, 1025
2016-10-28, 871
2016-10-29, 1335
2016-10-30, 784
2016-10-31, 1005
2016-11-01, 1030
2016-11-02, 1175
2016-11-03, 1239
2016-11-04, 970
2016-11-05, 757
2016-11-06, 868
2016-11-07, 1105
2016-11-08, 1099
2016-11-09, 977
2016-11-10, 1054
2016-11-11, 968
2016-11-12, 711
2016-11-13, 873
2016-11-14, 1018
2016-11-15, 1094
2016-11-16, 1069
2016-11-17, 949
2016-11-18, 873
2016-11-19, 736
2016-11-20, 802
2016-11-21, 1047
2016-11-22, 1040
2016-11-23, 905
2016-11-24, 866
2016-11-25, 696
2016-11-26, 632
2016-11-27, 797
2016-11-28, 1137
2016-11-29, 1132
2016-11-30, 1100
2016-12-01, 1042
2016-12-02, 873
2016-12-03, 713
2016-12-04, 828
2016-12-05, 1047
2016-12-06, 1142
2016-12-07, 1004
2016-12-08, 995
2016-12-09, 986
2016-12-10, 670
2016-12-11, 819
2016-12-12, 995
2016-12-13, 1030
2016-12-14, 1001
2016-12-15, 941
2016-12-16, 796
2016-12-17, 614
2016-12-18, 694
2016-12-19, 897
2016-12-20, 972
2016-12-21, 852
2016-12-22, 766
2016-12-23, 827
2016-12-24, 560
2016-12-25, 504
2016-12-26, 612
2016-12-27, 778
2016-12-28, 843
2016-12-29, 872
2016-12-30, 758
2016-12-31, 583
2017-01-01, 509
2017-01-02, 821
2017-01-03, 1024
2017-01-04, 1027
2017-01-05, 1113
2017-01-06, 959
2017-01-07, 771
2017-01-08, 834
2017-01-09, 1247
2017-01-10, 1180
2017-01-11, 1040
2017-01-12, 983
2017-01-13, 874
2017-01-14, 743
2017-01-15, 810
2017-01-16, 1012
2017-01-17, 1115
2017-01-18, 1097
2017-01-19, 1014
2017-01-20, 902
2017-01-21, 732
2017-01-22, 801
2017-01-23, 1104
2017-01-24, 1094
2017-01-25, 1082
2017-01-26, 1017
2017-01-27, 843
2017-01-28, 755
2017-01-29, 785
2017-01-30, 1287
2017-01-31, 1064
2017-02-01, 1067
2017-02-02, 1048
2017-02-03, 950
2017-02-04, 767
2017-02-05, 816
2017-02-06, 978
2017-02-07, 1133
2017-02-08, 1301
2017-02-09, 1152
2017-02-10, 922
2017-02-11, 711
2017-02-12, 814
2017-02-13, 1153
2017-02-14, 1119
2017-02-15, 1039
2017-02-16, 1105
2017-02-17, 926
2017-02-18, 695
2017-02-19, 838
2017-02-20, 1047
2017-02-21, 1139
2017-02-22, 1077
2017-02-23, 932
2017-02-24, 881
2017-02-25, 664
2017-02-26, 814
2017-02-27, 1041
2017-02-28, 1020
2017-03-01, 890
2017-03-02, 971
2017-03-03, 894
2017-03-04, 619
2017-03-05, 749
2017-03-06, 1036
2017-03-07, 994
2017-03-08, 990
2017-03-09, 909
2017-03-10, 854
2017-03-11, 654
2017-03-12, 724
2017-03-13, 924
2017-03-14, 978
2017-03-15, 905
2017-03-16, 875
2017-03-17, 764
2017-03-18, 650
2017-03-19, 718
2017-03-20, 1087
2017-03-21, 946
2017-03-22, 992
2017-03-23, 829
2017-03-24, 724
2017-03-25, 650
2017-03-26, 671
2017-03-27, 937
2017-03-28, 1016
2017-03-29, 884
2017-03-30, 874
2017-03-31, 754
2017-04-01, 579
2017-04-02, 639
2017-04-03, 927
2017-04-04, 919
2017-04-05, 910
2017-04-06, 826
2017-04-07, 732
2017-04-08, 541
2017-04-09, 677
2017-04-10, 833
2017-04-11, 838
2017-04-12, 782
2017-04-13, 787
2017-04-14, 617
2017-04-15, 561
2017-04-16, 571
2017-04-17, 853
2017-04-18, 894
2017-04-19, 927
2017-04-20, 776
2017-04-21, 909
2017-04-22, 601
2017-04-23, 700
2017-04-24, 863
2017-04-25, 807
2017-04-26, 899
2017-04-27, 829
2017-04-28, 724
2017-04-29, 507
2017-04-30, 573
2017-05-01, 823
2017-05-02, 829
2017-05-03, 822
2017-05-04, 820
2017-05-05, 663
2017-05-06, 644
2017-05-07, 636
2017-05-08, 850
2017-05-09, 906
2017-05-10, 839
2017-05-11, 830
2017-05-12, 655
2017-05-13, 591
2017-05-14, 590
2017-05-15, 856
2017-05-16, 831
2017-05-17, 832
2017-05-18, 800
2017-05-19, 694
2017-05-20, 555
2017-05-21, 603
2017-05-22, 826
2017-05-23, 826
2017-05-24, 825
2017-05-25, 1009
2017-05-26, 645
2017-05-27, 563
2017-05-28, 565
2017-05-29, 805
2017-05-30, 774
2017-05-31, 809
2017-06-01, 793
2017-06-02, 712
2017-06-03, 523
2017-06-04, 600
2017-06-05, 721
2017-06-06, 830
2017-06-07, 868
2017-06-08, 773
2017-06-09, 655
2017-06-10, 500
2017-06-11, 595
2017-06-12, 733
2017-06-13, 743
2017-06-14, 742
2017-06-15, 694
2017-06-16, 646
2017-06-17, 493
2017-06-18, 582
2017-06-19, 911
2017-06-20, 754
2017-06-21, 719
2017-06-22, 1173
2017-06-23, 627
2017-06-24, 494
2017-06-25, 480
2017-06-26, 726
2017-06-27, 680
2017-06-28, 624
2017-06-29, 662
2017-06-30, 586
2017-07-01, 421
2017-07-02, 443
2017-07-03, 580
2017-07-04, 581
2017-07-05, 660
2017-07-06, 632
2017-07-07, 589
2017-07-08, 464
2017-07-09, 531
2017-07-10, 712
2017-07-11, 673
2017-07-12, 681
2017-07-13, 662
2017-07-14, 593
2017-07-15, 505
2017-07-16, 539
2017-07-17, 644
2017-07-18, 647
2017-07-19, 640
2017-07-20, 669
2017-07-21, 578
2017-07-22, 473
2017-07-23, 490
2017-07-24, 673
2017-07-25, 661
2017-07-26, 702
2017-07-27, 699
2017-07-28, 592
2017-07-29, 470
2017-07-30, 508
2017-07-31, 617
2017-08-01, 685
2017-08-02, 675
2017-08-03, 733
2017-08-04, 594
2017-08-05, 451
2017-08-06, 507
2017-08-07, 696
2017-08-08, 732
2017-08-09, 732
2017-08-10, 734
2017-08-11, 603
2017-08-12, 499
2017-08-13, 537
2017-08-14, 679
2017-08-15, 689
2017-08-16, 713
2017-08-17, 715
2017-08-18, 691
2017-08-19, 537
2017-08-20, 607
2017-08-21, 746
2017-08-22, 662
2017-08-23, 787
2017-08-24, 643
2017-08-25, 528
2017-08-26, 455
2017-08-27, 566
2017-08-28, 699
2017-08-29, 774
2017-08-30, 810
2017-08-31, 665
2017-09-01, 576
2017-09-02, 494
2017-09-03, 556
2017-09-04, 686
2017-09-05, 762
2017-09-06, 746
2017-09-07, 704
2017-09-08, 751
2017-09-09, 529
2017-09-10, 615
2017-09-11, 822
2017-09-12, 808
2017-09-13, 814
2017-09-14, 780
2017-09-15, 750
2017-09-16, 617
2017-09-17, 652
2017-09-18, 849
2017-09-19, 920
2017-09-20, 890
2017-09-21, 762
2017-09-22, 798
2017-09-23, 589
2017-09-24, 619
2017-09-25, 886
2017-09-26, 816
2017-09-27, 766
2017-09-28, 829
2017-09-29, 691
2017-09-30, 531
2017-10-01, 632
2017-10-02, 822
2017-10-03, 849
2017-10-04, 802
2017-10-05, 762
2017-10-06, 682
2017-10-07, 575
2017-10-08, 674
2017-10-09, 865
2017-10-10, 855
2017-10-11, 837
2017-10-12, 813
2017-10-13, 728
2017-10-14, 561
2017-10-15, 768
2017-10-16, 877
2017-10-17, 817
2017-10-18, 874
2017-10-19, 815
2017-10-20, 739
2017-10-21, 616
2017-10-22, 715
2017-10-23, 1020
2017-10-24, 1036
2017-10-25, 950
2017-10-26, 801
2017-10-27, 629
2017-10-28, 518
2017-10-29, 742
2017-10-30, 804
2017-10-31, 741
2017-11-01, 829
2017-11-02, 803
2017-11-03, 738
2017-11-04, 594
2017-11-05, 628
2017-11-06, 858
2017-11-07, 866
2017-11-08, 836
2017-11-09, 810
2017-11-10, 664
2017-11-11, 565
2017-11-12, 597
2017-11-13, 828
2017-11-14, 868
2017-11-15, 897
2017-11-16, 780
2017-11-17, 749
2017-11-18, 618
2017-11-19, 676
2017-11-20, 787
2017-11-21, 788
2017-11-22, 841
2017-11-23, 667
2017-11-24, 605
2017-11-25, 596
2017-11-26, 582
2017-11-27, 886
2017-11-28, 925
2017-11-29, 868
2017-11-30, 783
2017-12-01, 672
2017-12-02, 548
2017-12-03, 623
2017-12-04, 781
2017-12-05, 740
2017-12-06, 820
2017-12-07, 724
2017-12-08, 620
2017-12-09, 547
2017-12-10, 596
2017-12-11, 793
2017-12-12, 824
2017-12-13, 659
2017-12-14, 745
2017-12-15, 627
2017-12-16, 504
2017-12-17, 513
2017-12-18, 736
2017-12-19, 685
2017-12-20, 645
2017-12-21, 616
2017-12-22, 539
2017-12-23, 430
2017-12-24, 449
2017-12-25, 407
2017-12-26, 528
2017-12-27, 655
2017-12-28, 618
2017-12-29, 618
2017-12-30, 499
2017-12-31, 527
2018-01-01, 487
2018-01-02, 682
2018-01-03, 829
2018-01-04, 746
2018-01-05, 728
2018-01-06, 574
2018-01-07, 581
2018-01-08, 751
2018-01-09, 877
2018-01-10, 1132
2018-01-11, 881
2018-01-12, 764
2018-01-13, 575
2018-01-14, 618
2018-01-15, 840
2018-01-16, 790
2018-01-17, 1114
2018-01-18, 817
2018-01-19, 738
2018-01-20, 658
2018-01-21, 672
2018-01-22, 842
2018-01-23, 892
2018-01-24, 900
2018-01-25, 869
2018-01-26, 684
2018-01-27, 613
2018-01-28, 699
2018-01-29, 884
2018-01-30, 950
2018-01-31, 917
2018-02-01, 857
2018-02-02, 741
2018-02-03, 580
2018-02-04, 683
2018-02-05, 863
2018-02-06, 889
2018-02-07, 879
2018-02-08, 897
2018-02-09, 785
2018-02-10, 655
2018-02-11, 667
2018-02-12, 886
2018-02-13, 861
2018-02-14, 815
2018-02-15, 797
2018-02-16, 664
2018-02-17, 592
2018-02-18, 646
2018-02-19, 834
2018-02-20, 903
2018-02-21, 891
2018-02-22, 837
2018-02-23, 702
2018-02-24, 549
2018-02-25, 609
2018-02-26, 873
2018-02-27, 844
2018-02-28, 839
2018-03-01, 781
2018-03-02, 695
2018-03-03, 600
2018-03-04, 580
2018-03-05, 793
2018-03-06, 835
2018-03-07, 765
2018-03-08, 751
2018-03-09, 717
2018-03-10, 559
2018-03-11, 694
2018-03-12, 836
2018-03-13, 764
2018-03-14, 806
2018-03-15, 728
2018-03-16, 562
2018-03-17, 524
2018-03-18, 561
2018-03-19, 775
2018-03-20, 889
2018-03-21, 704
2018-03-22, 779
2018-03-23, 607
2018-03-24, 552
2018-03-25, 544
2018-03-26, 887
2018-03-27, 771
2018-03-28, 724
2018-03-29, 618
2018-03-30, 697
2018-03-31, 473
2018-04-01, 555
2018-04-02, 684
2018-04-03, 710
2018-04-04, 656
2018-04-05, 612
2018-04-06, 581
2018-04-07, 485
2018-04-08, 533
2018-04-09, 700
2018-04-10, 685
2018-04-11, 687
2018-04-12, 666
2018-04-13, 612
2018-04-14, 468
2018-04-15, 577
2018-04-16, 734
2018-04-17, 753
2018-04-18, 707
2018-04-19, 649
2018-04-20, 558
2018-04-21, 462
2018-04-22, 532
2018-04-23, 709
2018-04-24, 671
2018-04-25, 783
2018-04-26, 703
2018-04-27, 623
2018-04-28, 404
2018-04-29, 429
2018-04-30, 581
2018-05-01, 604
2018-05-02, 704
2018-05-03, 629
2018-05-04, 493
2018-05-05, 407
2018-05-06, 432
2018-05-07, 664
2018-05-08, 656
2018-05-09, 595
2018-05-10, 612
2018-05-11, 490
2018-05-12, 417
2018-05-13, 462
2018-05-14, 621
2018-05-15, 582
2018-05-16, 630
2018-05-17, 595
2018-05-18, 645
2018-05-19, 450
2018-05-20, 473
2018-05-21, 620
2018-05-22, 585
2018-05-23, 584
2018-05-24, 649
2018-05-25, 476
2018-05-26, 416
2018-05-27, 440
2018-05-28, 574
2018-05-29, 652
2018-05-30, 680
2018-05-31, 600
2018-06-01, 548
2018-06-02, 427
2018-06-03, 438
2018-06-04, 596
2018-06-05, 638
2018-06-06, 593
2018-06-07, 519
2018-06-08, 429
2018-06-09, 352
2018-06-10, 418
2018-06-11, 583
2018-06-12, 611
2018-06-13, 580
2018-06-14, 544
2018-06-15, 482
2018-06-16, 361
2018-06-17, 392
2018-06-18, 508
2018-06-19, 547
2018-06-20, 543
2018-06-21, 491
2018-06-22, 436
2018-06-23, 356
2018-06-24, 383
2018-06-25, 511
2018-06-26, 571
2018-06-27, 544
2018-06-28, 484
2018-06-29, 410
2018-06-30, 353
2018-07-01, 388
2018-07-02, 478
2018-07-03, 475
2018-07-04, 426
2018-07-05, 481
2018-07-06, 443
2018-07-07, 347
2018-07-08, 395
2018-07-09, 503
2018-07-10, 518
2018-07-11, 504
2018-07-12, 467
2018-07-13, 378
2018-07-14, 395
2018-07-15, 387
2018-07-16, 489
2018-07-17, 495
2018-07-18, 520
2018-07-19, 498
2018-07-20, 452
2018-07-21, 353
2018-07-22, 385
2018-07-23, 474
2018-07-24, 530
2018-07-25, 473
2018-07-26, 498
2018-07-27, 415
2018-07-28, 326
2018-07-29, 387
2018-07-30, 511
2018-07-31, 497
2018-08-01, 481
2018-08-02, 449
2018-08-03, 424
2018-08-04, 370
2018-08-05, 345
2018-08-06, 447
2018-08-07, 525
2018-08-08, 471
2018-08-09, 442
2018-08-10, 431
2018-08-11, 324
2018-08-12, 376
2018-08-13, 471
2018-08-14, 540
2018-08-15, 437
2018-08-16, 464
2018-08-17, 439
2018-08-18, 368
2018-08-19, 412
2018-08-20, 720
2018-08-21, 450
2018-08-22, 525
2018-08-23, 500
2018-08-24, 429
2018-08-25, 357
2018-08-26, 403
2018-08-27, 533
2018-08-28, 564
2018-08-29, 545
2018-08-30, 491
2018-08-31, 462
2018-09-01, 357
2018-09-02, 433
2018-09-03, 521
2018-09-04, 628
2018-09-05, 564
2018-09-06, 543
2018-09-07, 527
2018-09-08, 424
2018-09-09, 434
2018-09-10, 572
2018-09-11, 622
2018-09-12, 549
2018-09-13, 521
2018-09-14, 510
2018-09-15, 418
2018-09-16, 449
2018-09-17, 616
2018-09-18, 595
2018-09-19, 960
2018-09-20, 549
2018-09-21, 464
2018-09-22, 408
2018-09-23, 412
2018-09-24, 545
2018-09-25, 588
2018-09-26, 590
2018-09-27, 571
2018-09-28, 478
2018-09-29, 390
2018-09-30, 423
2018-10-01, 565
2018-10-02, 530
2018-10-03, 566
2018-10-04, 526
2018-10-05, 524
2018-10-06, 366
2018-10-07, 468
2018-10-08, 590
2018-10-09, 597
2018-10-10, 585
2018-10-11, 520
2018-10-12, 517
2018-10-13, 354
2018-10-14, 489
2018-10-15, 606
2018-10-16, 596
2018-10-17, 637
2018-10-18, 533
2018-10-19, 476
2018-10-20, 437
2018-10-21, 408
2018-10-22, 589
2018-10-23, 608
2018-10-24, 600
2018-10-25, 574
2018-10-26, 465
2018-10-27, 377
2018-10-28, 570
2018-10-29, 1480
2018-10-30, 644
2018-10-31, 578
2018-11-01, 528
2018-11-02, 492
2018-11-03, 413
2018-11-04, 408
2018-11-05, 505
2018-11-06, 556
2018-11-07, 561
2018-11-08, 557
2018-11-09, 461
2018-11-10, 421
2018-11-11, 416
2018-11-12, 519
2018-11-13, 605
2018-11-14, 555
2018-11-15, 507
2018-11-16, 490
2018-11-17, 399
2018-11-18, 449
2018-11-19, 590
2018-11-20, 554
2018-11-21, 533
2018-11-22, 494
2018-11-23, 530
2018-11-24, 461
2018-11-25, 427
2018-11-26, 641
2018-11-27, 618
2018-11-28, 657
2018-11-29, 585
2018-11-30, 440
2018-12-01, 400
2018-12-02, 471
2018-12-03, 505
2018-12-04, 533
2018-12-05, 496
2018-12-06, 506
2018-12-07, 480
2018-12-08, 401
2018-12-09, 434
2018-12-10, 588
2018-12-11, 615
2018-12-12, 539
2018-12-13, 599
2018-12-14, 554
2018-12-15, 414
2018-12-16, 432
2018-12-17, 536
2018-12-18, 514
2018-12-19, 476
2018-12-20, 450
2018-12-21, 366
2018-12-22, 318
2018-12-23, 346
2018-12-24, 337
2018-12-25, 315
2018-12-26, 499
2018-12-27, 444
2018-12-28, 458
2018-12-29, 416
2018-12-30, 382
2018-12-31, 375
2019-01-01, 410
2019-01-02, 510
2019-01-03, 503
2019-01-04, 550
2019-01-05, 401
2019-01-06, 552
2019-01-07, 574
2019-01-08, 578
2019-01-09, 562
2019-01-10, 556
2019-01-11, 484
2019-01-12, 501
2019-01-13, 438
2019-01-14, 590
2019-01-15, 627
2019-01-16, 1084
2019-01-17, 513
2019-01-18, 629
2019-01-19, 423
2019-01-20, 452
2019-01-21, 501
2019-01-22, 590
2019-01-23, 626
2019-01-24, 519
2019-01-25, 498
2019-01-26, 432
2019-01-27, 496
2019-01-28, 638
2019-01-29, 577
2019-01-30, 569
2019-01-31, 677
2019-02-01, 552
2019-02-02, 458
2019-02-03, 496
2019-02-04, 609
2019-02-05, 607
2019-02-06, 586
2019-02-07, 592
2019-02-08, 1151
2019-02-09, 379
2019-02-10, 489
2019-02-11, 616
2019-02-12, 647
2019-02-13, 628
2019-02-14, 575
2019-02-15, 425
2019-02-16, 427
2019-02-17, 461
2019-02-18, 560
2019-02-19, 677
2019-02-20, 535
2019-02-21, 527
2019-02-22, 519
2019-02-23, 348
2019-02-24, 483
2019-02-25, 562
2019-02-26, 628
2019-02-27, 608
2019-02-28, 510
2019-03-01, 531
2019-03-02, 404
2019-03-03, 445
2019-03-04, 590
2019-03-05, 548
2019-03-06, 546
2019-03-07, 525
2019-03-08, 457
2019-03-09, 435
2019-03-10, 482
2019-03-11, 582
2019-03-12, 576
2019-03-13, 516
2019-03-14, 484
2019-03-15, 468
2019-03-16, 425
2019-03-17, 426
2019-03-18, 503
2019-03-19, 724
2019-03-20, 567
2019-03-21, 498
2019-03-22, 421
2019-03-23, 373
2019-03-24, 383
2019-03-25, 523
2019-03-26, 531
2019-03-27, 521
2019-03-28, 540
2019-03-29, 486
2019-03-30, 399
2019-03-31, 393
2019-04-01, 583
2019-04-02, 557
2019-04-03, 554
2019-04-04, 554
2019-04-05, 455
2019-04-06, 386
2019-04-07, 474
2019-04-08, 507
2019-04-09, 535
2019-04-10, 493
2019-04-11, 515
2019-04-12, 404
2019-04-13, 349
2019-04-14, 369
2019-04-15, 502
2019-04-16, 537
2019-04-17, 476
2019-04-18, 401
2019-04-19, 310
2019-04-20, 337
2019-04-21, 347
2019-04-22, 419
2019-04-23, 451
2019-04-24, 460
2019-04-25, 477
2019-04-26, 434
2019-04-27, 327
2019-04-28, 410
2019-04-29, 486
2019-04-30, 476
2019-05-01, 440
2019-05-02, 491
2019-05-03, 379
2019-05-04, 377
2019-05-05, 403
2019-05-06, 497
2019-05-07, 492
2019-05-08, 490
2019-05-09, 488
2019-05-10, 431
2019-05-11, 420
2019-05-12, 422
2019-05-13, 495
2019-05-14, 542
2019-05-15, 539
2019-05-16, 459
2019-05-17, 483
2019-05-18, 401
2019-05-19, 389
2019-05-20, 540
2019-05-21, 537
2019-05-22, 524
2019-05-23, 492
2019-05-24, 398
2019-05-25, 456
2019-05-26, 390
2019-05-27, 465
2019-05-28, 550
2019-05-29, 503
2019-05-30, 519
2019-05-31, 452
2019-06-01, 404
2019-06-02, 408
2019-06-03, 768
2019-06-04, 688
2019-06-05, 470
2019-06-06, 458
2019-06-07, 399
2019-06-08, 388
2019-06-09, 397
2019-06-10, 496
2019-06-11, 544
2019-06-12, 470
2019-06-13, 423
2019-06-14, 382
2019-06-15, 388
2019-06-16, 366
2019-06-17, 408
2019-06-18, 486
2019-06-19, 413
2019-06-20, 414
2019-06-21, 374
2019-06-22, 282
2019-06-23, 337
2019-06-24, 409
2019-06-25, 488
2019-06-26, 423
2019-06-27, 361
2019-06-28, 352
2019-06-29, 306
2019-06-30, 328
2019-07-01, 383
2019-07-02, 362
2019-07-03, 372
2019-07-04, 359
2019-07-05, 355
2019-07-06, 322
2019-07-07, 287
2019-07-08, 441
2019-07-09, 394
2019-07-10, 411
2019-07-11, 371
2019-07-12, 354
2019-07-13, 276
2019-07-14, 260
2019-07-15, 416
2019-07-16, 438
2019-07-17, 430
2019-07-18, 385
2019-07-19, 348
2019-07-20, 287
2019-07-21, 318
2019-07-22, 445
2019-07-23, 409
2019-07-24, 384
2019-07-25, 559
2019-07-26, 351
2019-07-27, 353
2019-07-28, 352
2019-07-29, 428
2019-07-30, 463
2019-07-31, 402
2019-08-01, 385
2019-08-02, 333
2019-08-03, 281
2019-08-04, 301
2019-08-05, 405
2019-08-06, 432
2019-08-07, 404
2019-08-08, 411
2019-08-09, 325
2019-08-10, 309
2019-08-11, 292
2019-08-12, 351
2019-08-13, 345
2019-08-14, 354
2019-08-15, 331
2019-08-16, 349
2019-08-17, 267
2019-08-18, 324
2019-08-19, 454
2019-08-20, 407
2019-08-21, 401
2019-08-22, 415
2019-08-23, 359
2019-08-24, 328
2019-08-25, 326
2019-08-26, 390
2019-08-27, 416
2019-08-28, 403
2019-08-29, 424
2019-08-30, 334
2019-08-31, 361
2019-09-01, 370
2019-09-02, 445
2019-09-03, 517
2019-09-04, 488
2019-09-05, 449
2019-09-06, 406
2019-09-07, 316
2019-09-08, 336
2019-09-09, 470
2019-09-10, 511
2019-09-11, 458
2019-09-12, 433
2019-09-13, 420
2019-09-14, 339
2019-09-15, 389
2019-09-16, 492
2019-09-17, 459
2019-09-18, 434
2019-09-19, 480
2019-09-20, 440
2019-09-21, 362
2019-09-22, 394
2019-09-23, 513
2019-09-24, 576
2019-09-25, 489
2019-09-26, 444
2019-09-27, 404
2019-09-28, 356
2019-09-29, 1248
2019-09-30, 1829
2019-10-01, 549
2019-10-02, 676
2019-10-03, 542
2019-10-04, 425
2019-10-05, 359
2019-10-06, 412
2019-10-07, 562
2019-10-08, 511
2019-10-09, 504
2019-10-10, 486
2019-10-11, 414
2019-10-12, 356
2019-10-13, 396
2019-10-14, 556
2019-10-15, 524
2019-10-16, 555
2019-10-17, 478
2019-10-18, 453
2019-10-19, 356
2019-10-20, 402
2019-10-21, 466
2019-10-22, 987
2019-10-23, 476
2019-10-24, 453
2019-10-25, 463
2019-10-26, 360
2019-10-27, 417
2019-10-28, 488
2019-10-29, 506
2019-10-30, 543
2019-10-31, 471
2019-11-01, 448
2019-11-02, 424
2019-11-03, 475
2019-11-04, 574
2019-11-05, 575
2019-11-06, 548
2019-11-07, 510
2019-11-08, 445
2019-11-09, 363
2019-11-10, 390
2019-11-11, 476
2019-11-12, 489
2019-11-13, 505
2019-11-14, 574
2019-11-15, 448
2019-11-16, 371
2019-11-17, 394
2019-11-18, 512
2019-11-19, 484
2019-11-20, 503
2019-11-21, 443
2019-11-22, 439
2019-11-23, 355
2019-11-24, 385
2019-11-25, 552
2019-11-26, 487
2019-11-27, 471
2019-11-28, 444
2019-11-29, 398
2019-11-30, 335
2019-12-01, 374
2019-12-02, 529
2019-12-03, 511
2019-12-04, 474
2019-12-05, 474
2019-12-06, 453
2019-12-07, 376
2019-12-08, 364
2019-12-09, 542
2019-12-10, 486
2019-12-11, 514
2019-12-12, 489
2019-12-13, 396
2019-12-14, 297
2019-12-15, 332
2019-12-16, 472
2019-12-17, 441
2019-12-18, 462
2019-12-19, 426
2019-12-20, 372
2019-12-21, 277
2019-12-22, 339
2019-12-23, 400
2019-12-24, 310
2019-12-25, 328
2019-12-26, 385
2019-12-27, 407
2019-12-28, 380
2019-12-29, 382
2019-12-30, 389
2019-12-31, 374
2020-01-01, 299
2020-01-02, 539
2020-01-03, 512
2020-01-04, 394
2020-01-05, 416
2020-01-06, 590
2020-01-07, 509
2020-01-08, 598
2020-01-09, 474
2020-01-10, 489
2020-01-11, 375
2020-01-12, 445
2020-01-13, 460
2020-01-14, 554
2020-01-15, 484
2020-01-16, 530
2020-01-17, 543
2020-01-18, 404
2020-01-19, 431
2020-01-20, 496
2020-01-21, 549
2020-01-22, 643
2020-01-23, 614
2020-01-24, 620
2020-01-25, 494
2020-01-26, 561
2020-01-27, 710
2020-01-28, 803
2020-01-29, 842
2020-01-30, 887
2020-01-31, 713
2020-02-01, 508
2020-02-02, 519
2020-02-03, 748
2020-02-04, 705
2020-02-05, 697
2020-02-06, 644
2020-02-07, 648
2020-02-08, 484
2020-02-09, 530
2020-02-10, 806
2020-02-11, 708
2020-02-12, 727
2020-02-13, 748
2020-02-14, 634
2020-02-15, 467
2020-02-16, 533
2020-02-17, 788
2020-02-18, 720
2020-02-19, 723
2020-02-20, 654
2020-02-21, 565
2020-02-22, 477
2020-02-23, 512
2020-02-24, 710
2020-02-25, 850
2020-02-26, 887
2020-02-27, 920
2020-02-28, 788
2020-02-29, 620
2020-03-01, 694
2020-03-02, 1010
2020-03-03, 1009
2020-03-04, 950
2020-03-05, 1056
2020-03-06, 926
2020-03-07, 713
2020-03-08, 807
2020-03-09, 1230
2020-03-10, 1356
2020-03-11, 1593
2020-03-12, 2281
2020-03-13, 2202
2020-03-14, 1743
2020-03-15, 1876
2020-03-16, 2527
2020-03-17, 2665
2020-03-18, 2774
2020-03-19, 2566
2020-03-20, 2121
2020-03-21, 1661
2020-03-22, 1596
2020-03-23, 1958
2020-03-24, 2014
2020-03-25, 2059
2020-03-26, 1994
2020-03-27, 1684
2020-03-28, 1340
2020-03-29, 1253
2020-03-30, 1550
2020-03-31, 1535
2020-04-01, 1434
2020-04-02, 1580
2020-04-03, 1488
2020-04-04, 1141
2020-04-05, 1341
2020-04-06, 1660
2020-04-07, 1192
2020-04-08, 1212
2020-04-09, 1122
2020-04-10, 871
2020-04-11, 767
2020-04-12, 794
2020-04-13, 957
2020-04-14, 974
2020-04-15, 962
2020-04-16, 953
2020-04-17, 840
2020-04-18, 637
2020-04-19, 725
2020-04-20, 898
2020-04-21, 835
2020-04-22, 939
2020-04-23, 775
2020-04-24, 901
2020-04-25, 645
2020-04-26, 620
2020-04-27, 769
2020-04-28, 861
2020-04-29, 828
2020-04-30, 697
2020-05-01, 601
2020-05-02, 522
2020-05-03, 536
2020-05-04, 753
2020-05-05, 698
2020-05-06, 656
2020-05-07, 687
2020-05-08, 626
2020-05-09, 648
2020-05-10, 476
2020-05-11, 716
2020-05-12, 737
2020-05-13, 644
2020-05-14, 614
2020-05-15, 622
2020-05-16, 466
2020-05-17, 474
2020-05-18, 623
2020-05-19, 668
2020-05-20, 608
2020-05-21, 616
2020-05-22, 556
2020-05-23, 373
2020-05-24, 380
2020-05-25, 504
2020-05-26, 554
2020-05-27, 599
2020-05-28, 602
2020-05-29, 487
2020-05-30, 461
2020-05-31, 447
2020-06-01, 562
2020-06-02, 607
2020-06-03, 566
2020-06-04, 507
2020-06-05, 453
2020-06-06, 377
2020-06-07, 394
2020-06-08, 539
2020-06-09, 527
2020-06-10, 538
2020-06-11, 463
2020-06-12, 469
2020-06-13, 371
2020-06-14, 395
2020-06-15, 490
2020-06-16, 464
2020-06-17, 477
2020-06-18, 532
2020-06-19, 454
2020-06-20, 397
2020-06-21, 363
2020-06-22, 475
2020-06-23, 500
2020-06-24, 467
2020-06-25, 439
2020-06-26, 464
2020-06-27, 354
2020-06-28, 390
2020-06-29, 460
2020-06-30, 434
2020-07-01, 480
2020-07-02, 471
2020-07-03, 385
2020-07-04, 358
2020-07-05, 350
2020-07-06, 515
2020-07-07, 499
2020-07-08, 497
2020-07-09, 474
2020-07-10, 443
2020-07-11, 351
2020-07-12, 363
2020-07-13, 484
2020-07-14, 556
2020-07-15, 475
2020-07-16, 483
2020-07-17, 449
2020-07-18, 329
2020-07-19, 380
2020-07-20, 519
2020-07-21, 443
2020-07-22, 460
2020-07-23, 420
2020-07-24, 386
2020-07-25, 340
2020-07-26, 412
2020-07-27, 441
2020-07-28, 415
2020-07-29, 468
2020-07-30, 435
2020-07-31, 381
2020-08-01, 340
2020-08-02, 316
2020-08-03, 402
2020-08-04, 368
2020-08-05, 442
2020-08-06, 420
2020-08-07, 354
2020-08-08, 344
2020-08-09, 331
2020-08-10, 404
2020-08-11, 451
2020-08-12, 412
2020-08-13, 399
2020-08-14, 387
2020-08-15, 335
2020-08-16, 341
2020-08-17, 449
2020-08-18, 456
2020-08-19, 426
2020-08-20, 407
2020-08-21, 374
2020-08-22, 320
2020-08-23, 357
2020-08-24, 430
2020-08-25, 448
2020-08-26, 469
2020-08-27, 424
2020-08-28, 373
2020-08-29, 331
2020-08-30, 331
2020-08-31, 431
2020-09-01, 415
2020-09-02, 488
2020-09-03, 460
2020-09-04, 440
2020-09-05, 321
2020-09-06, 357
2020-09-07, 456
2020-09-08, 537
2020-09-09, 459
2020-09-10, 476
2020-09-11, 450
2020-09-12, 344
2020-09-13, 344
2020-09-14, 506
2020-09-15, 483
2020-09-16, 446
2020-09-17, 463
2020-09-18, 455
2020-09-19, 341
2020-09-20, 348
2020-09-21, 487
2020-09-22, 494
2020-09-23, 517
2020-09-24, 481
2020-09-25, 455
2020-09-26, 324
2020-09-27, 324
2020-09-28, 463
2020-09-29, 486
2020-09-30, 532
2020-10-01, 459
2020-10-02, 452
2020-10-03, 560
2020-10-04, 477
2020-10-05, 583
2020-10-06, 517
2020-10-07, 822
2020-10-08, 822
2020-10-09, 752
2020-10-10, 618
2020-10-11, 688
2020-10-12, 876
2020-10-13, 953
2020-10-14, 1011
2020-10-15, 848
2020-10-16, 816
2020-10-17, 670
2020-10-18, 718
2020-10-19, 986
2020-10-20, 1358
2020-10-21, 1022
2020-10-22, 926
2020-10-23, 901
2020-10-24, 663
2020-10-25, 674
2020-10-26, 1038
2020-10-27, 908
2020-10-28, 891
2020-10-29, 1181
2020-10-30, 882
2020-10-31, 667
2020-11-01, 708
2020-11-02, 983
2020-11-03, 994
2020-11-04, 971
2020-11-05, 996
2020-11-06, 841
2020-11-07, 676
2020-11-08, 706
2020-11-09, 1105
2020-11-10, 923
2020-11-11, 943
2020-11-12, 896
2020-11-13, 768
2020-11-14, 596
2020-11-15, 751
2020-11-16, 929
2020-11-17, 976
2020-11-18, 979
2020-11-19, 936
2020-11-20, 897
2020-11-21, 731
2020-11-22, 754
2020-11-23, 1054
2020-11-24, 953
2020-11-25, 896
2020-11-26, 943
2020-11-27, 788
2020-11-28, 654
2020-11-29, 740
2020-11-30, 919
2020-12-01, 907
2020-12-02, 1001
2020-12-03, 945
2020-12-04, 926
2020-12-05, 736
2020-12-06, 833
2020-12-07, 1091
2020-12-08, 1068
2020-12-09, 993
2020-12-10, 1016
2020-12-11, 834
2020-12-12, 658
2020-12-13, 716
2020-12-14, 990
2020-12-15, 992
2020-12-16, 875
2020-12-17, 888
2020-12-18, 773
2020-12-19, 615
2020-12-20, 609
2020-12-21, 792
2020-12-22, 777
2020-12-23, 704
2020-12-24, 537
2020-12-25, 386
2020-12-26, 567
2020-12-27, 582
2020-12-28, 712
2020-12-29, 675
2020-12-30, 687
2020-12-31, 571
2021-01-01, 486
2021-01-02, 665
2021-01-03, 657
2021-01-04, 857
2021-01-05, 950
2021-01-06, 858
2021-01-07, 827
2021-01-08, 896
2021-01-09, 637
2021-01-10, 662
2021-01-11, 961
2021-01-12, 1013
2021-01-13, 923
2021-01-14, 805
2021-01-15, 466
2021-01-16, 289
2021-01-17, 344
2021-01-18, 432
2021-01-19, 424
2021-01-20, 400
2021-01-21, 452
2021-01-22, 421
2021-01-23, 323
2021-01-24, 395
2021-01-25, 493
2021-01-26, 520
2021-01-27, 474
2021-01-28, 457
2021-01-29, 432
2021-01-30, 393
2021-01-31, 359
2021-02-01, 459
2021-02-02, 482
2021-02-03, 465
2021-02-04, 498
2021-02-05, 498
2021-02-06, 361
2021-02-07, 367
2021-02-08, 460
2021-02-09, 464
2021-02-10, 466
2021-02-11, 457
2021-02-12, 418
2021-02-13, 349
2021-02-14, 408
2021-02-15, 490
2021-02-16, 512
2021-02-17, 489
2021-02-18, 471
2021-02-19, 419
2021-02-20, 349
2021-02-21, 368
2021-02-22, 472
2021-02-23, 469
2021-02-24, 512
2021-02-25, 483
2021-02-26, 433
2021-02-27, 385
2021-02-28, 422
2021-03-01, 488
2021-03-02, 484
2021-03-03, 522
2021-03-04, 544
2021-03-05, 409
2021-03-06, 325
2021-03-07, 375
2021-03-08, 470
2021-03-09, 514
2021-03-10, 447
2021-03-11, 474
2021-03-12, 433
2021-03-13, 391
2021-03-14, 401
2021-03-15, 504
2021-03-16, 536
2021-03-17, 538
2021-03-18, 484
2021-03-19, 414
2021-03-20, 372
2021-03-21, 368
2021-03-22, 485
2021-03-23, 531
2021-03-24, 512
2021-03-25, 562
2021-03-26, 421
2021-03-27, 347
2021-03-28, 368
2021-03-29, 488
2021-03-30, 537
2021-03-31, 521
2021-04-01, 449
2021-04-02, 414
2021-04-03, 347
2021-04-04, 351
2021-04-05, 428
2021-04-06, 505
2021-04-07, 504
2021-04-08, 478
2021-04-09, 456
2021-04-10, 375
2021-04-11, 408
2021-04-12, 543
2021-04-13, 504
2021-04-14, 459
2021-04-15, 447
2021-04-16, 391
2021-04-17, 341
2021-04-18, 382
2021-04-19, 487
2021-04-20, 465
2021-04-21, 496
2021-04-22, 470
2021-04-23, 426
2021-04-24, 319
2021-04-25, 366
2021-04-26, 435
2021-04-27, 468
2021-04-28, 447
2021-04-29, 495
2021-04-30, 456
2021-05-01, 309
2021-05-02, 338
2021-05-03, 437
2021-05-04, 450
2021-05-05, 445
2021-05-06, 481
2021-05-07, 409
2021-05-08, 341
2021-05-09, 350
2021-05-10, 454
2021-05-11, 407
2021-05-12, 407
2021-05-13, 338
2021-05-14, 350
2021-05-15, 295
2021-05-16, 315
2021-05-17, 421
2021-05-18, 403
2021-05-19, 467
2021-05-20, 426
2021-05-21, 370
2021-05-22, 342
2021-05-23, 316
2021-05-24, 418
2021-05-25, 433
2021-05-26, 368
2021-05-27, 370
2021-05-28, 382
2021-05-29, 290
2021-05-30, 277
2021-05-31, 335
2021-06-01, 443
2021-06-02, 407
2021-06-03, 360
2021-06-04, 363
2021-06-05, 276
2021-06-06, 303
2021-06-07, 390
2021-06-08, 366
2021-06-09, 414
2021-06-10, 385
2021-06-11, 320
2021-06-12, 289
2021-06-13, 290
2021-06-14, 361
2021-06-15, 383
2021-06-16, 391
2021-06-17, 312
2021-06-18, 301
2021-06-19, 256
2021-06-20, 252
2021-06-21, 378
2021-06-22, 369
2021-06-23, 365
2021-06-24, 404
2021-06-25, 285
2021-06-26, 277
2021-06-27, 258
2021-06-28, 357
2021-06-29, 347
2021-06-30, 357
2021-07-01, 870
2021-07-02, 728
2021-07-03, 606
2021-07-04, 594
2021-07-05, 740
2021-07-06, 834
2021-07-07, 752
2021-07-08, 754
2021-07-09, 804
2021-07-10, 702
2021-07-11, 630
2021-07-12, 689
2021-07-13, 860
2021-07-14, 805
2021-07-15, 750
2021-07-16, 687
2021-07-17, 566
2021-07-18, 684
2021-07-19, 763
2021-07-20, 806
2021-07-21, 817
2021-07-22, 748
2021-07-23, 719
2021-07-24, 623
2021-07-25, 569
2021-07-26, 856
2021-07-27, 768
2021-07-28, 724
2021-07-29, 754
2021-07-30, 772
2021-07-31, 595
2021-08-01, 611
2021-08-02, 832
2021-08-03, 754
2021-08-04, 713
2021-08-05, 767
2021-08-06, 673
2021-08-07, 621
2021-08-08, 606
2021-08-09, 764
2021-08-10, 815
2021-08-11, 799
2021-08-12, 778
2021-08-13, 714
2021-08-14, 597
2021-08-15, 668
2021-08-16, 886
2021-08-17, 790
2021-08-18, 865
2021-08-19, 855
2021-08-20, 850
2021-08-21, 690
2021-08-22, 620
2021-08-23, 882
2021-08-24, 856
2021-08-25, 821
2021-08-26, 821
2021-08-27, 787
2021-08-28, 655
2021-08-29, 636
2021-08-30, 771
2021-08-31, 934
2021-09-01, 854
2021-09-02, 844
2021-09-03, 731
2021-09-04, 648
2021-09-05, 841
2021-09-06, 1001
2021-09-07, 1039
2021-09-08, 981
2021-09-09, 833
2021-09-10, 779
2021-09-11, 594
2021-09-12, 603
2021-09-13, 814
2021-09-14, 896
2021-09-15, 820
2021-09-16, 766
2021-09-17, 726
2021-09-18, 611
2021-09-19, 625
2021-09-20, 790
2021-09-21, 852
2021-09-22, 767
2021-09-23, 770
2021-09-24, 670
2021-09-25, 627
2021-09-26, 572
2021-09-27, 838
2021-09-28, 860
2021-09-29, 778
2021-09-30, 753
2021-10-01, 659
2021-10-02, 647
2021-10-03, 641
2021-10-04, 851
2021-10-05, 735
2021-10-06, 752
2021-10-07, 830
2021-10-08, 704
2021-10-09, 615
2021-10-10, 573
2021-10-11, 671
2021-10-12, 732
2021-10-13, 854
2021-10-14, 763
2021-10-15, 718
2021-10-16, 570
2021-10-17, 549
2021-10-18, 753
2021-10-19, 810
2021-10-20, 723
2021-10-21, 718
2021-10-22, 708
2021-10-23, 561
2021-10-24, 567
2021-10-25, 741
2021-10-26, 738
2021-10-27, 770
2021-10-28, 719
2021-10-29, 675
2021-10-30, 482
2021-10-31, 505
2021-11-01, 591
2021-11-02, 735
2021-11-03, 731
2021-11-04, 621
2021-11-05, 579
2021-11-06, 581
2021-11-07, 585
2021-11-08, 705
2021-11-09, 828
2021-11-10, 843
2021-11-11, 714
2021-11-12, 671
2021-11-13, 585
2021-11-14, 614
2021-11-15, 747
2021-11-16, 736
2021-11-17, 792
2021-11-18, 856
2021-11-19, 765
2021-11-20, 624
2021-11-21, 718
2021-11-22, 875
2021-11-23, 862
2021-11-24, 880
2021-11-25, 712
2021-11-26, 630
2021-11-27, 575
2021-11-28, 685
2021-11-29, 822
2021-11-30, 839
2021-12-01, 737
2021-12-02, 861
2021-12-03, 701
2021-12-04, 563
2021-12-05, 570
2021-12-06, 830
2021-12-07, 791
2021-12-08, 753
2021-12-09, 857
2021-12-10, 745
2021-12-11, 586
2021-12-12, 597
2021-12-13, 877
2021-12-14, 843
2021-12-15, 766
2021-12-16, 744
2021-12-17, 703
2021-12-18, 476
2021-12-19, 569
2021-12-20, 693
2021-12-21, 721
2021-12-22, 673
2021-12-23, 605
2021-12-24, 527
2021-12-25, 461
2021-12-26, 521
2021-12-27, 626
2021-12-28, 651
2021-12-29, 691
2021-12-30, 583
2021-12-31, 555
2022-01-01, 607
2022-01-02, 548
2022-01-03, 745
2022-01-04, 915
2022-01-05, 886
2022-01-06, 869
2022-01-07, 830
2022-01-08, 738
2022-01-09, 817
2022-01-10, 990
2022-01-11, 900
2022-01-12, 633
2022-01-13, 560
2022-01-14, 540
2022-01-15, 442
2022-01-16, 491
2022-01-17, 563
2022-01-18, 540
2022-01-19, 556
2022-01-20, 564
2022-01-21, 518
2022-01-22, 441
2022-01-23, 461
2022-01-24, 561
2022-01-25, 507
2022-01-26, 547
2022-01-27, 582
2022-01-28, 468
2022-01-29, 465
2022-01-30, 387
2022-01-31, 552
2022-02-01, 548
2022-02-02, 553
2022-02-03, 432
2022-02-04, 474
2022-02-05, 359
2022-02-06, 403
2022-02-07, 487
2022-02-08, 513
2022-02-09, 482
2022-02-10, 458
2022-02-11, 409
2022-02-12, 370
2022-02-13, 428
2022-02-14, 439
2022-02-15, 567
2022-02-16, 566
2022-02-17, 472
2022-02-18, 406
2022-02-19, 360
2022-02-20, 379
2022-02-21, 504
2022-02-22, 512
2022-02-23, 455
2022-02-24, 455
2022-02-25, 367
2022-02-26, 364
2022-02-27, 345
2022-02-28, 477
2022-03-01, 500
2022-03-02, 480
2022-03-03, 432
2022-03-04, 328
2022-03-05, 275
2022-03-06, 291
2022-03-07, 310
2022-03-08, 359
2022-03-09, 414
2022-03-10, 410
2022-03-11, 352
2022-03-12, 285
2022-03-13, 327
2022-03-14, 416
2022-03-15, 447
2022-03-16, 402
2022-03-17, 372
2022-03-18, 393
2022-03-19, 403
2022-03-20, 410
2022-03-21, 501
2022-03-22, 423
2022-03-23, 445
2022-03-24, 458
2022-03-25, 457
2022-03-26, 459
2022-03-27, 411
2022-03-28, 506
2022-03-29, 474
2022-03-30, 502
2022-03-31, 467
2022-04-01, 366
2022-04-02, 336
2022-04-03, 407
2022-04-04, 495
2022-04-05, 455
2022-04-06, 400
2022-04-07, 542
2022-04-08, 455
2022-04-09, 359
2022-04-10, 380
2022-04-11, 469
2022-04-12, 439
2022-04-13, 406
2022-04-14, 392
2022-04-15, 362
2022-04-16, 316
2022-04-17, 371
2022-04-18, 426
2022-04-19, 448
2022-04-20, 437
2022-04-21, 447
2022-04-22, 435
2022-04-23, 347
2022-04-24, 417
2022-04-25, 402
2022-04-26, 398
2022-04-27, 429
2022-04-28, 469
2022-04-29, 404
2022-04-30, 314
2022-05-01, 356
2022-05-02, 337
2022-05-03, 447
2022-05-04, 395
2022-05-05, 394
2022-05-06, 400
2022-05-07, 322
2022-05-08, 322
2022-05-09, 456
2022-05-10, 458
2022-05-11, 421
2022-05-12, 483
2022-05-13, 413
2022-05-14, 376
2022-05-15, 389
2022-05-16, 413
2022-05-17, 499
2022-05-18, 539
2022-05-19, 444
2022-05-20, 427
2022-05-21, 335
2022-05-22, 453
2022-05-23, 526
2022-05-24, 466
2022-05-25, 466
2022-05-26, 446
2022-05-27, 531
2022-05-28, 338
2022-05-29, 391
2022-05-30, 380
2022-05-31, 445
2022-06-01, 424
2022-06-02, 424
2022-06-03, 418
2022-06-04, 361
2022-06-05, 411
2022-06-06, 462
2022-06-07, 494
2022-06-08, 456
2022-06-09, 433
2022-06-10, 408
2022-06-11, 314
2022-06-12, 372
2022-06-13, 422
2022-06-14, 443
2022-06-15, 450
2022-06-16, 456
2022-06-17, 426
2022-06-18, 350
2022-06-19, 358
2022-06-20, 457
2022-06-21, 441
2022-06-22, 490
2022-06-23, 424
2022-06-24, 368
2022-06-25, 312
2022-06-26, 427
2022-06-27, 396
2022-06-28, 383
2022-06-29, 404
2022-06-30, 369
2022-07-01, 405
2022-07-02, 338
2022-07-03, 377
2022-07-04, 382
2022-07-05, 442
2022-07-06, 466
2022-07-07, 447
2022-07-08, 362
2022-07-09, 337
2022-07-10, 346
2022-07-11, 502
2022-07-12, 439
2022-07-13, 423
2022-07-14, 398
2022-07-15, 414
2022-07-16, 367
2022-07-17, 349
2022-07-18, 421
2022-07-19, 421
2022-07-20, 412
2022-07-21, 431
2022-07-22, 371
2022-07-23, 271
2022-07-24, 338
2022-07-25, 477
2022-07-26, 500
2022-07-27, 445
2022-07-28, 422
2022-07-29, 345
2022-07-30, 351
2022-07-31, 320
2022-08-01, 427
2022-08-02, 415
2022-08-03, 393
2022-08-04, 396
2022-08-05, 385
2022-08-06, 334
2022-08-07, 355
2022-08-08, 421
2022-08-09, 453
2022-08-10, 442
2022-08-11, 434
2022-08-12, 438
2022-08-13, 386
2022-08-14, 425
2022-08-15, 504
2022-08-16, 464
2022-08-17, 483
2022-08-18, 462
2022-08-19, 452
2022-08-20, 320
2022-08-21, 413
2022-08-22, 412
2022-08-23, 487
2022-08-24, 565
2022-08-25, 469
2022-08-26, 416
2022-08-27, 372
2022-08-28, 433
2022-08-29, 452
2022-08-30, 400
2022-08-31, 376
2022-09-01, 377
2022-09-02, 305
2022-09-03, 311
2022-09-04, 380
2022-09-05, 426
2022-09-06, 399
2022-09-07, 401
2022-09-08, 414
2022-09-09, 330
2022-09-10, 321
2022-09-11, 344
2022-09-12, 427
2022-09-13, 409
2022-09-14, 542
2022-09-15, 435
2022-09-16, 358
2022-09-17, 329
2022-09-18, 338
2022-09-19, 441
2022-09-20, 432
2022-09-21, 423
2022-09-22, 412
2022-09-23, 356
2022-09-24, 297
2022-09-25, 364
2022-09-26, 425
2022-09-27, 431
2022-09-28, 484
2022-09-29, 420
2022-09-30, 383
2022-10-01, 363
2022-10-02, 359
2022-10-03, 392
2022-10-04, 444
2022-10-05, 422
2022-10-06, 436
2022-10-07, 455
2022-10-08, 294
2022-10-09, 360
2022-10-10, 395
2022-10-11, 438
2022-10-12, 466
2022-10-13, 558
2022-10-14, 457
2022-10-15, 364
2022-10-16, 386
2022-10-17, 432
2022-10-18, 474
2022-10-19, 475
2022-10-20, 498
2022-10-21, 405
2022-10-22, 359
2022-10-23, 485
2022-10-24, 527
2022-10-25, 468
2022-10-26, 493
2022-10-27, 431
2022-10-28, 411
2022-10-29, 374
2022-10-30, 410
2022-10-31, 458
2022-11-01, 420
2022-11-02, 475
2022-11-03, 536
2022-11-04, 424
2022-11-05, 404
2022-11-06, 342
2022-11-07, 458
2022-11-08, 442
2022-11-09, 503
2022-11-10, 461
2022-11-11, 421
2022-11-12, 367
2022-11-13, 330
2022-11-14, 436
2022-11-15, 486
2022-11-16, 530
2022-11-17, 458
2022-11-18, 418
2022-11-19, 385
2022-11-20, 327
2022-11-21, 497
2022-11-22, 621
2022-11-23, 449
2022-11-24, 402
2022-11-25, 366
2022-11-26, 371
2022-11-27, 381
2022-11-28, 560
2022-11-29, 537
2022-11-30, 563
2022-12-01, 550
2022-12-02, 498
2022-12-03, 475
2022-12-04, 429
2022-12-05, 565
2022-12-06, 539
2022-12-07, 515
2022-12-08, 532
2022-12-09, 503
2022-12-10, 418
2022-12-11, 500
2022-12-12, 607
2022-12-13, 606
2022-12-14, 555
2022-12-15, 544
2022-12-16, 525
2022-12-17, 403
2022-12-18, 471
2022-12-19, 688
2022-12-20, 564
2022-12-21, 561
2022-12-22, 574
2022-12-23, 483
2022-12-24, 355
2022-12-25, 363
2022-12-26, 401
2022-12-27, 452
2022-12-28, 497
2022-12-29, 433
2022-12-30, 421
2022-12-31, 318
2023-01-01, 0
2023-01-02, 0
2023-01-03, 0
2023-01-04, 455
2023-01-05, 441
2023-01-06, 414
2023-01-07, 383
2023-01-08, 397
2023-01-09, 527
2023-01-10, 467
2023-01-11, 538
2023-01-12, 587
2023-01-13, 443
2023-01-14, 324
2023-01-15, 335
2023-01-16, 343
2023-01-17, 477
2023-01-18, 484
2023-01-19, 408
2023-01-20, 399
2023-01-21, 289
2023-01-22, 337
2023-01-23, 511
2023-01-24, 389
2023-01-25, 421
2023-01-26, 402
2023-01-27, 369
2023-01-28, 327
2023-01-29, 379
2023-01-30, 437
2023-01-31, 446
2023-02-01, 459
2023-02-02, 412
2023-02-03, 376
2023-02-04, 286
2023-02-05, 409
2023-02-06, 462
2023-02-07, 451
2023-02-08, 444
2023-02-09, 431
2023-02-10, 375
2023-02-11, 274
2023-02-12, 389
2023-02-13, 421
2023-02-14, 426
2023-02-15, 398
2023-02-16, 442
2023-02-17, 382
2023-02-18, 327
2023-02-19, 356
2023-02-20, 454
2023-02-21, 498
2023-02-22, 464
2023-02-23, 490
2023-02-24, 448
2023-02-25, 383
2023-02-26, 375
2023-02-27, 511
2023-02-28, 538
2023-03-01, 406
2023-03-02, 539
2023-03-03, 429
2023-03-04, 363
2023-03-05, 359
2023-03-06, 490
2023-03-07, 479
2023-03-08, 429
2023-03-09, 374
2023-03-10, 366
2023-03-11, 294
2023-03-12, 385
2023-03-13, 462
2023-03-14, 467
2023-03-15, 391
2023-03-16, 433
2023-03-17, 372
2023-03-18, 339
2023-03-19, 404
2023-03-20, 441
2023-03-21, 483
2023-03-22, 433
2023-03-23, 386
2023-03-24, 410
2023-03-25, 316
2023-03-26, 349
2023-03-27, 444
2023-03-28, 393
2023-03-29, 406
2023-03-30, 451
2023-03-31, 372
2023-04-01, 293
2023-04-02, 326
2023-04-03, 411
2023-04-04, 428
2023-04-05, 386
2023-04-06, 363
2023-04-07, 338
2023-04-08, 260
2023-04-09, 286
2023-04-10, 397
2023-04-11, 375
2023-04-12, 359
2023-04-13, 378
2023-04-14, 367
2023-04-15, 305
2023-04-16, 331
2023-04-17, 418
2023-04-18, 428
2023-04-19, 427
2023-04-20, 395
2023-04-21, 322
2023-04-22, 245
2023-04-23, 276
2023-04-24, 403
2023-04-25, 362
2023-04-26, 368
2023-04-27, 429
2023-04-28, 306
2023-04-29, 260
2023-04-30, 321
2023-05-01, 335
2023-05-02, 362
2023-05-03, 392
2023-05-04, 450
2023-05-05, 467
2023-05-06, 262
2023-05-07, 323
2023-05-08, 350
2023-05-09, 357
2023-05-10, 337
2023-05-11, 368
2023-05-12, 339
2023-05-13, 283
2023-05-14, 321
2023-05-15, 366
2023-05-16, 373
2023-05-17, 369
2023-05-18, 386
2023-05-19, 397
2023-05-20, 349
2023-05-21, 352
2023-05-22, 351
2023-05-23, 350
2023-05-24, 362
2023-05-25, 386
2023-05-26, 329
2023-05-27, 278
2023-05-28, 282
2023-05-29, 360
2023-05-30, 388
2023-05-31, 398
2023-06-01, 302
2023-06-02, 309
2023-06-03, 272
2023-06-04, 280
2023-06-05, 307
2023-06-06, 360
2023-06-07, 364
2023-06-08, 296
2023-06-09, 325
2023-06-10, 251
2023-06-11, 290
2023-06-12, 318
2023-06-13, 322
2023-06-14, 359
2023-06-15, 306
2023-06-16, 286
2023-06-17, 258
2023-06-18, 313
2023-06-19, 321
2023-06-20, 315
2023-06-21, 369
2023-06-22, 309
2023-06-23, 335
2023-06-24, 204
2023-06-25, 240
2023-06-26, 345
2023-06-27, 300
2023-06-28, 251
2023-06-29, 272
2023-06-30, 270
2023-07-01, 187
2023-07-02, 219
2023-07-03, 301
2023-07-04, 332
2023-07-05, 292
2023-07-06, 289
2023-07-07, 291
2023-07-08, 246
2023-07-09, 289
2023-07-10, 207