,total_population,male_population,female_population,white_population,black_population,native_american_population,asian_population,pacific_islander_population,household_income
2010-01,-1.6803836467436148,-1.6874349011177212,-1.67240714525642,-1.9303259168989488,-1.588847574891152,-0.9483334352409107,-1.4647992127544376,-1.322330622116556,-1.4375862521727263
2010-02,-1.6803836467436148,-1.6874349011177212,-1.67240714525642,-1.9303259168989488,-1.588847574891152,-0.9483334352409107,-1.4647992127544376,-1.322330622116556,-1.4375862521727263
2010-03,-1.6803836467436148,-1.6874349011177212,-1.67240714525642,-1.9303259168989488,-1.588847574891152,-0.9483334352409107,-1.4647992127544376,-1.322330622116556,-1.4375862521727263
2010-04,-1.6803836467436148,-1.6874349011177212,-1.67240714525642,-1.9303259168989488,-1.588847574891152,-0.9483334352409107,-1.4647992127544376,-1.322330622116556,-1.4375862521727263
2010-05,-1.6803836467436148,-1.6874349011177212,-1.67240714525642,-1.9303259168989488,-1.588847574891152,-0.9483334352409107,-1.4647992127544376,-1.322330622116556,-1.4375862521727263
2010-06,-1.6803836467436148,-1.6874349011177212,-1.67240714525642,-1.9303259168989488,-1.588847574891152,-0.9483334352409107,-1.4647992127544376,-1.322330622116556,-1.4375862521727263
2010-07,-1.6803836467436148,-1.6874349011177212,-1.67240714525642,-1.9303259168989488,-1.588847574891152,-0.9483334352409107,-1.4647992127544376,-1.322330622116556,-1.4375862521727263
2010-08,-1.6803836467436148,-1.6874349011177212,-1.67240714525642,-1.9303259168989488,-1.588847574891152,-0.9483334352409107,-1.4647992127544376,-1.322330622116556,-1.4375862521727263
2010-09,-1.6803836467436148,-1.6874349011177212,-1.67240714525642,-1.9303259168989488,-1.588847574891152,-0.9483334352409107,-1.4647992127544376,-1.322330622116556,-1.4375862521727263
2010-10,-1.6803836467436148,-1.6874349011177212,-1.67240714525642,-1.9303259168989488,-1.588847574891152,-0.9483334352409107,-1.4647992127544376,-1.322330622116556,-1.4375862521727263
2010-11,-1.6803836467436148,-1.6874349011177212,-1.67240714525642,-1.9303259168989488,-1.588847574891152,-0.9483334352409107,-1.4647992127544376,-1.322330622116556,-1.4375862521727263
2010-12,-1.6803836467436148,-1.6874349011177212,-1.67240714525642,-1.9303259168989488,-1.588847574891152,-0.9483334352409107,-1.4647992127544376,-1.322330622116556,-1.4375862521727263
2011-01,-1.3656563175481442,-1.3618575611023498,-1.3698747771268227,-1.3598805392888018,-1.4388389998755513,-0.33325409400561623,-1.3293834041462236,-1.738648482339853,-1.212661953527239
2011-02,-1.3656563175481442,-1.3618575611023498,-1.3698747771268227,-1.3598805392888018,-1.4388389998755513,-0.33325409400561623,-1.3293834041462236,-1.738648482339853,-1.212661953527239
2011-03,-1.3656563175481442,-1.3618575611023498,-1.3698747771268227,-1.3598805392888018,-1.4388389998755513,-0.33325409400561623,-1.3293834041462236,-1.738648482339853,-1.212661953527239
2011-04,-1.3656563175481442,-1.3618575611023498,-1.3698747771268227,-1.3598805392888018,-1.4388389998755513,-0.33325409400561623,-1.3293834041462236,-1.738648482339853,-1.212661953527239
2011-05,-1.3656563175481442,-1.3618575611023498,-1.3698747771268227,-1.3598805392888018,-1.4388389998755513,-0.33325409400561623,-1.3293834041462236,-1.738648482339853,-1.212661953527239
2011-06,-1.3656563175481442,-1.3618575611023498,-1.3698747771268227,-1.3598805392888018,-1.4388389998755513,-0.33325409400561623,-1.3293834041462236,-1.738648482339853,-1.212661953527239
2011-07,-1.3656563175481442,-1.3618575611023498,-1.3698747771268227,-1.3598805392888018,-1.4388389998755513,-0.33325409400561623,-1.3293834041462236,-1.738648482339853,-1.212661953527239
2011-08,-1.3656563175481442,-1.3618575611023498,-1.3698747771268227,-1.3598805392888018,-1.4388389998755513,-0.33325409400561623,-1.3293834041462236,-1.738648482339853,-1.212661953527239
2011-09,-1.3656563175481442,-1.3618575611023498,-1.3698747771268227,-1.3598805392888018,-1.4388389998755513,-0.33325409400561623,-1.3293834041462236,-1.738648482339853,-1.212661953527239
2011-10,-1.3656563175481442,-1.3618575611023498,-1.3698747771268227,-1.3598805392888018,-1.4388389998755513,-0.33325409400561623,-1.3293834041462236,-1.738648482339853,-1.212661953527239
2011-11,-1.3656563175481442,-1.3618575611023498,-1.3698747771268227,-1.3598805392888018,-1.4388389998755513,-0.33325409400561623,-1.3293834041462236,-1.738648482339853,-1.212661953527239
2011-12,-1.3656563175481442,-1.3618575611023498,-1.3698747771268227,-1.3598805392888018,-1.4388389998755513,-0.33325409400561623,-1.3293834041462236,-1.738648482339853,-1.212661953527239
2012-01,-1.083736024970859,-1.0728152662661048,-1.0957749995557078,-0.774846160233697,-1.1859745448665364,0.6340734575689316,-1.1726159346759557,-1.2848732922973873,-1.0428332391191888
2012-02,-1.083736024970859,-1.0728152662661048,-1.0957749995557078,-0.774846160233697,-1.1859745448665364,0.6340734575689316,-1.1726159346759557,-1.2848732922973873,-1.0428332391191888
2012-03,-1.083736024970859,-1.0728152662661048,-1.0957749995557078,-0.774846160233697,-1.1859745448665364,0.6340734575689316,-1.1726159346759557,-1.2848732922973873,-1.0428332391191888
2012-04,-1.083736024970859,-1.0728152662661048,-1.0957749995557078,-0.774846160233697,-1.1859745448665364,0.6340734575689316,-1.1726159346759557,-1.2848732922973873,-1.0428332391191888
2012-05,-1.083736024970859,-1.0728152662661048,-1.0957749995557078,-0.774846160233697,-1.1859745448665364,0.6340734575689316,-1.1726159346759557,-1.2848732922973873,-1.0428332391191888
2012-06,-1.083736024970859,-1.0728152662661048,-1.0957749995557078,-0.774846160233697,-1.1859745448665364,0.6340734575689316,-1.1726159346759557,-1.2848732922973873,-1.0428332391191888
2012-07,-1.083736024970859,-1.0728152662661048,-1.0957749995557078,-0.774846160233697,-1.1859745448665364,0.6340734575689316,-1.1726159346759557,-1.2848732922973873,-1.0428332391191888
2012-08,-1.083736024970859,-1.0728152662661048,-1.0957749995557078,-0.774846160233697,-1.1859745448665364,0.6340734575689316,-1.1726159346759557,-1.2848732922973873,-1.0428332391191888
2012-09,-1.083736024970859,-1.0728152662661048,-1.0957749995557078,-0.774846160233697,-1.1859745448665364,0.6340734575689316,-1.1726159346759557,-1.2848732922973873,-1.0428332391191888
2012-10,-1.083736024970859,-1.0728152662661048,-1.0957749995557078,-0.774846160233697,-1.1859745448665364,0.6340734575689316,-1.1726159346759557,-1.2848732922973873,-1.0428332391191888
2012-11,-1.083736024970859,-1.0728152662661048,-1.0957749995557078,-0.774846160233697,-1.1859745448665364,0.6340734575689316,-1.1726159346759557,-1.2848732922973873,-1.0428332391191888
2012-12,-1.083736024970859,-1.0728152662661048,-1.0957749995557078,-0.774846160233697,-1.1859745448665364,0.6340734575689316,-1.1726159346759557,-1.2848732922973873,-1.0428332391191888
2013-01,-0.8069565131309299,-0.8146919647914013,-0.7986207471305911,-0.4073940995603765,-0.7525970522528045,0.09190615752752129,-0.9596372694526604,-0.7173839120405873,-0.9622120026320308
2013-02,-0.8069565131309299,-0.8146919647914013,-0.7986207471305911,-0.4073940995603765,-0.7525970522528045,0.09190615752752129,-0.9596372694526604,-0.7173839120405873,-0.9622120026320308
2013-03,-0.8069565131309299,-0.8146919647914013,-0.7986207471305911,-0.4073940995603765,-0.7525970522528045,0.09190615752752129,-0.9596372694526604,-0.7173839120405873,-0.9622120026320308
2013-04,-0.8069565131309299,-0.8146919647914013,-0.7986207471305911,-0.4073940995603765,-0.7525970522528045,0.09190615752752129,-0.9596372694526604,-0.7173839120405873,-0.9622120026320308
2013-05,-0.8069565131309299,-0.8146919647914013,-0.7986207471305911,-0.4073940995603765,-0.7525970522528045,0.09190615752752129,-0.9596372694526604,-0.7173839120405873,-0.9622120026320308
2013-06,-0.8069565131309299,-0.8146919647914013,-0.7986207471305911,-0.4073940995603765,-0.7525970522528045,0.09190615752752129,-0.9596372694526604,-0.7173839120405873,-0.9622120026320308
2013-07,-0.8069565131309299,-0.8146919647914013,-0.7986207471305911,-0.4073940995603765,-0.7525970522528045,0.09190615752752129,-0.9596372694526604,-0.7173839120405873,-0.9622120026320308
2013-08,-0.8069565131309299,-0.8146919647914013,-0.7986207471305911,-0.4073940995603765,-0.7525970522528045,0.09190615752752129,-0.9596372694526604,-0.7173839120405873,-0.9622120026320308
2013-09,-0.8069565131309299,-0.8146919647914013,-0.7986207471305911,-0.4073940995603765,-0.7525970522528045,0.09190615752752129,-0.9596372694526604,-0.7173839120405873,-0.9622120026320308
2013-10,-0.8069565131309299,-0.8146919647914013,-0.7986207471305911,-0.4073940995603765,-0.7525970522528045,0.09190615752752129,-0.9596372694526604,-0.7173839120405873,-0.9622120026320308
2013-11,-0.8069565131309299,-0.8146919647914013,-0.7986207471305911,-0.4073940995603765,-0.7525970522528045,0.09190615752752129,-0.9596372694526604,-0.7173839120405873,-0.9622120026320308
2013-12,-0.8069565131309299,-0.8146919647914013,-0.7986207471305911,-0.4073940995603765,-0.7525970522528045,0.09190615752752129,-0.9596372694526604,-0.7173839120405873,-0.9622120026320308
2014-01,-0.5360529382771435,-0.5440202353856075,-0.5274632064078851,-0.051573439225158245,-0.5079938647119926,0.724210892018765,-0.6535184778306863,-0.2631052876752381,-0.6933378782367994
2014-02,-0.5360529382771435,-0.5440202353856075,-0.5274632064078851,-0.051573439225158245,-0.5079938647119926,0.724210892018765,-0.6535184778306863,-0.2631052876752381,-0.6933378782367994
2014-03,-0.5360529382771435,-0.5440202353856075,-0.5274632064078851,-0.051573439225158245,-0.5079938647119926,0.724210892018765,-0.6535184778306863,-0.2631052876752381,-0.6933378782367994
2014-04,-0.5360529382771435,-0.5440202353856075,-0.5274632064078851,-0.051573439225158245,-0.5079938647119926,0.724210892018765,-0.6535184778306863,-0.2631052876752381,-0.6933378782367994
2014-05,-0.5360529382771435,-0.5440202353856075,-0.5274632064078851,-0.051573439225158245,-0.5079938647119926,0.724210892018765,-0.6535184778306863,-0.2631052876752381,-0.6933378782367994
2014-06,-0.5360529382771435,-0.5440202353856075,-0.5274632064078851,-0.051573439225158245,-0.5079938647119926,0.724210892018765,-0.6535184778306863,-0.2631052876752381,-0.6933378782367994
2014-07,-0.5360529382771435,-0.5440202353856075,-0.5274632064078851,-0.051573439225158245,-0.5079938647119926,0.724210892018765,-0.6535184778306863,-0.2631052876752381,-0.6933378782367994
2014-08,-0.5360529382771435,-0.5440202353856075,-0.5274632064078851,-0.051573439225158245,-0.5079938647119926,0.724210892018765,-0.6535184778306863,-0.2631052876752381,-0.6933378782367994
2014-09,-0.5360529382771435,-0.5440202353856075,-0.5274632064078851,-0.051573439225158245,-0.5079938647119926,0.724210892018765,-0.6535184778306863,-0.2631052876752381,-0.6933378782367994
2014-10,-0.5360529382771435,-0.5440202353856075,-0.5274632064078851,-0.051573439225158245,-0.5079938647119926,0.724210892018765,-0.6535184778306863,-0.2631052876752381,-0.6933378782367994
2014-11,-0.5360529382771435,-0.5440202353856075,-0.5274632064078851,-0.051573439225158245,-0.5079938647119926,0.724210892018765,-0.6535184778306863,-0.2631052876752381,-0.6933378782367994
2014-12,-0.5360529382771435,-0.5440202353856075,-0.5274632064078851,-0.051573439225158245,-0.5079938647119926,0.724210892018765,-0.6535184778306863,-0.2631052876752381,-0.6933378782367994
2015-01,-0.26824265337382813,-0.2569182307416539,-0.2804465516765897,0.3889600764644242,-0.29530755564270394,-0.28879053252868286,-0.3566191630218151,0.20452200406713508,-0.46098882100597166
2015-02,-0.26824265337382813,-0.2569182307416539,-0.2804465516765897,0.3889600764644242,-0.29530755564270394,-0.28879053252868286,-0.3566191630218151,0.20452200406713508,-0.46098882100597166
2015-03,-0.26824265337382813,-0.2569182307416539,-0.2804465516765897,0.3889600764644242,-0.29530755564270394,-0.28879053252868286,-0.3566191630218151,0.20452200406713508,-0.46098882100597166
2015-04,-0.26824265337382813,-0.2569182307416539,-0.2804465516765897,0.3889600764644242,-0.29530755564270394,-0.28879053252868286,-0.3566191630218151,0.20452200406713508,-0.46098882100597166
2015-05,-0.26824265337382813,-0.2569182307416539,-0.2804465516765897,0.3889600764644242,-0.29530755564270394,-0.28879053252868286,-0.3566191630218151,0.20452200406713508,-0.46098882100597166
2015-06,-0.26824265337382813,-0.2569182307416539,-0.2804465516765897,0.3889600764644242,-0.29530755564270394,-0.28879053252868286,-0.3566191630218151,0.20452200406713508,-0.46098882100597166
2015-07,-0.26824265337382813,-0.2569182307416539,-0.2804465516765897,0.3889600764644242,-0.29530755564270394,-0.28879053252868286,-0.3566191630218151,0.20452200406713508,-0.46098882100597166
2015-08,-0.26824265337382813,-0.2569182307416539,-0.2804465516765897,0.3889600764644242,-0.29530755564270394,-0.28879053252868286,-0.3566191630218151,0.20452200406713508,-0.46098882100597166
2015-09,-0.26824265337382813,-0.2569182307416539,-0.2804465516765897,0.3889600764644242,-0.29530755564270394,-0.28879053252868286,-0.3566191630218151,0.20452200406713508,-0.46098882100597166
2015-10,-0.26824265337382813,-0.2569182307416539,-0.2804465516765897,0.3889600764644242,-0.29530755564270394,-0.28879053252868286,-0.3566191630218151,0.20452200406713508,-0.46098882100597166
2015-11,-0.26824265337382813,-0.2569182307416539,-0.2804465516765897,0.3889600764644242,-0.29530755564270394,-0.28879053252868286,-0.3566191630218151,0.20452200406713508,-0.46098882100597166
2015-12,-0.26824265337382813,-0.2569182307416539,-0.2804465516765897,0.3889600764644242,-0.29530755564270394,-0.28879053252868286,-0.3566191630218151,0.20452200406713508,-0.46098882100597166
2016-01,-0.04765361260159977,-0.05252607893880585,-0.042308137628198,0.6540306292408176,-0.045704815307757066,1.7220768742561237,-0.007205487610465501,1.3944175103587972,-0.2012278572606918
2016-02,-0.04765361260159977,-0.05252607893880585,-0.042308137628198,0.6540306292408176,-0.045704815307757066,1.7220768742561237,-0.007205487610465501,1.3944175103587972,-0.2012278572606918
2016-03,-0.04765361260159977,-0.05252607893880585,-0.042308137628198,0.6540306292408176,-0.045704815307757066,1.7220768742561237,-0.007205487610465501,1.3944175103587972,-0.2012278572606918
2016-04,-0.04765361260159977,-0.05252607893880585,-0.042308137628198,0.6540306292408176,-0.045704815307757066,1.7220768742561237,-0.007205487610465501,1.3944175103587972,-0.2012278572606918
2016-05,-0.04765361260159977,-0.05252607893880585,-0.042308137628198,0.6540306292408176,-0.045704815307757066,1.7220768742561237,-0.007205487610465501,1.3944175103587972,-0.2012278572606918
2016-06,-0.04765361260159977,-0.05252607893880585,-0.042308137628198,0.6540306292408176,-0.045704815307757066,1.7220768742561237,-0.007205487610465501,1.3944175103587972,-0.2012278572606918
2016-07,-0.04765361260159977,-0.05252607893880585,-0.042308137628198,0.6540306292408176,-0.045704815307757066,1.7220768742561237,-0.007205487610465501,1.3944175103587972,-0.2012278572606918
2016-08,-0.04765361260159977,-0.05252607893880585,-0.042308137628198,0.6540306292408176,-0.045704815307757066,1.7220768742561237,-0.007205487610465501,1.3944175103587972,-0.2012278572606918
2016-09,-0.04765361260159977,-0.05252607893880585,-0.042308137628198,0.6540306292408176,-0.045704815307757066,1.7220768742561237,-0.007205487610465501,1.3944175103587972,-0.2012278572606918
2016-10,-0.04765361260159977,-0.05252607893880585,-0.042308137628198,0.6540306292408176,-0.045704815307757066,1.7220768742561237,-0.007205487610465501,1.3944175103587972,-0.2012278572606918
2016-11,-0.04765361260159977,-0.05252607893880585,-0.042308137628198,0.6540306292408176,-0.045704815307757066,1.7220768742561237,-0.007205487610465501,1.3944175103587972,-0.2012278572606918
2016-12,-0.04765361260159977,-0.05252607893880585,-0.042308137628198,0.6540306292408176,-0.045704815307757066,1.7220768742561237,-0.007205487610465501,1.3944175103587972,-0.2012278572606918
2017-01,0.222049602179732,0.21891416287100143,0.22563153425587654,1.2725788881040696,0.19355198421741734,0.19918819718227174,0.2917733200748019,1.087280340004081,0.24447632168134278
2017-02,0.222049602179732,0.21891416287100143,0.22563153425587654,1.2725788881040696,0.19355198421741734,0.19918819718227174,0.2917733200748019,1.087280340004081,0.24447632168134278
2017-03,0.222049602179732,0.21891416287100143,0.22563153425587654,1.2725788881040696,0.19355198421741734,0.19918819718227174,0.2917733200748019,1.087280340004081,0.24447632168134278
2017-04,0.222049602179732,0.21891416287100143,0.22563153425587654,1.2725788881040696,0.19355198421741734,0.19918819718227174,0.2917733200748019,1.087280340004081,0.24447632168134278
2017-05,0.222049602179732,0.21891416287100143,0.22563153425587654,1.2725788881040696,0.19355198421741734,0.19918819718227174,0.2917733200748019,1.087280340004081,0.24447632168134278
2017-06,0.222049602179732,0.21891416287100143,0.22563153425587654,1.2725788881040696,0.19355198421741734,0.19918819718227174,0.2917733200748019,1.087280340004081,0.24447632168134278
2017-07,0.222049602179732,0.21891416287100143,0.22563153425587654,1.2725788881040696,0.19355198421741734,0.19918819718227174,0.2917733200748019,1.087280340004081,0.24447632168134278
2017-08,0.222049602179732,0.21891416287100143,0.22563153425587654,1.2725788881040696,0.19355198421741734,0.19918819718227174,0.2917733200748019,1.087280340004081,0.24447632168134278
2017-09,0.222049602179732,0.21891416287100143,0.22563153425587654,1.2725788881040696,0.19355198421741734,0.19918819718227174,0.2917733200748019,1.087280340004081,0.24447632168134278
2017-10,0.222049602179732,0.21891416287100143,0.22563153425587654,1.2725788881040696,0.19355198421741734,0.19918819718227174,0.2917733200748019,1.087280340004081,0.24447632168134278
2017-11,0.222049602179732,0.21891416287100143,0.22563153425587654,1.2725788881040696,0.19355198421741734,0.19918819718227174,0.2917733200748019,1.087280340004081,0.24447632168134278
2017-12,0.222049602179732,0.21891416287100143,0.22563153425587654,1.2725788881040696,0.19355198421741734,0.19918819718227174,0.2917733200748019,1.087280340004081,0.24447632168134278
2018-01,0.4795554306010338,0.49586822055214774,0.4624760673043622,1.3536075600519397,0.5224490388179486,-0.011864083588040655,0.5792191415349401,1.6008657616222715,0.5176985895096731
2018-02,0.4795554306010338,0.49586822055214774,0.4624760673043622,1.3536075600519397,0.5224490388179486,-0.011864083588040655,0.5792191415349401,1.6008657616222715,0.5176985895096731
2018-03,0.4795554306010338,0.49586822055214774,0.4624760673043622,1.3536075600519397,0.5224490388179486,-0.011864083588040655,0.5792191415349401,1.6008657616222715,0.5176985895096731
2018-04,0.4795554306010338,0.49586822055214774,0.4624760673043622,1.3536075600519397,0.5224490388179486,-0.011864083588040655,0.5792191415349401,1.6008657616222715,0.5176985895096731
2018-05,0.4795554306010338,0.49586822055214774,0.4624760673043622,1.3536075600519397,0.5224490388179486,-0.011864083588040655,0.5792191415349401,1.6008657616222715,0.5176985895096731
2018-06,0.4795554306010338,0.49586822055214774,0.4624760673043622,1.3536075600519397,0.5224490388179486,-0.011864083588040655,0.5792191415349401,1.6008657616222715,0.5176985895096731
2018-07,0.4795554306010338,0.49586822055214774,0.4624760673043622,1.3536075600519397,0.5224490388179486,-0.011864083588040655,0.5792191415349401,1.6008657616222715,0.5176985895096731
2018-08,0.4795554306010338,0.49586822055214774,0.4624760673043622,1.3536075600519397,0.5224490388179486,-0.011864083588040655,0.5792191415349401,1.6008657616222715,0.5176985895096731
2018-09,0.4795554306010338,0.49586822055214774,0.4624760673043622,1.3536075600519397,0.5224490388179486,-0.011864083588040655,0.5792191415349401,1.6008657616222715,0.5176985895096731
2018-10,0.4795554306010338,0.49586822055214774,0.4624760673043622,1.3536075600519397,0.5224490388179486,-0.011864083588040655,0.5792191415349401,1.6008657616222715,0.5176985895096731
2018-11,0.4795554306010338,0.49586822055214774,0.4624760673043622,1.3536075600519397,0.5224490388179486,-0.011864083588040655,0.5792191415349401,1.6008657616222715,0.5176985895096731
2018-12,0.4795554306010338,0.49586822055214774,0.4624760673043622,1.3536075600519397,0.5224490388179486,-0.011864083588040655,0.5792191415349401,1.6008657616222715,0.5176985895096731
2019-01,0.8061715630208648,0.8043067788229338,0.8086958134243512,1.639310673097586,0.9028346214151111,1.6898375367393579,0.848690208892812,0.7470011371868814,0.7599374969636009
2019-02,0.8061715630208648,0.8043067788229338,0.8086958134243512,1.639310673097586,0.9028346214151111,1.6898375367393579,0.848690208892812,0.7470011371868814,0.7599374969636009
2019-03,0.8061715630208648,0.8043067788229338,0.8086958134243512,1.639310673097586,0.9028346214151111,1.6898375367393579,0.848690208892812,0.7470011371868814,0.7599374969636009
2019-04,0.8061715630208648,0.8043067788229338,0.8086958134243512,1.639310673097586,0.9028346214151111,1.6898375367393579,0.848690208892812,0.7470011371868814,0.7599374969636009
2019-05,0.8061715630208648,0.8043067788229338,0.8086958134243512,1.639310673097586,0.9028346214151111,1.6898375367393579,0.848690208892812,0.7470011371868814,0.7599374969636009
2019-06,0.8061715630208648,0.8043067788229338,0.8086958134243512,1.639310673097586,0.9028346214151111,1.6898375367393579,0.848690208892812,0.7470011371868814,0.7599374969636009
2019-07,0.8061715630208648,0.8043067788229338,0.8086958134243512,1.639310673097586,0.9028346214151111,1.6898375367393579,0.848690208892812,0.7470011371868814,0.7599374969636009
2019-08,0.8061715630208648,0.8043067788229338,0.8086958134243512,1.639310673097586,0.9028346214151111,1.6898375367393579,0.848690208892812,0.7470011371868814,0.7599374969636009
2019-09,0.8061715630208648,0.8043067788229338,0.8086958134243512,1.639310673097586,0.9028346214151111,1.6898375367393579,0.848690208892812,0.7470011371868814,0.7599374969636009
2019-10,0.8061715630208648,0.8043067788229338,0.8086958134243512,1.639310673097586,0.9028346214151111,1.6898375367393579,0.848690208892812,0.7470011371868814,0.7599374969636009
2019-11,0.8061715630208648,0.8043067788229338,0.8086958134243512,1.639310673097586,0.9028346214151111,1.6898375367393579,0.848690208892812,0.7470011371868814,0.7599374969636009
2019-12,0.8061715630208648,0.8043067788229338,0.8086958134243512,1.639310673097586,0.9028346214151111,1.6898375367393579,0.848690208892812,0.7470011371868814,0.7599374969636009
2020-01,1.179409295812195,1.1639018586590537,1.1966830821504841,-0.41775016028873124,1.1987812357225565,-1.9845434330067198,1.103442107862185,0.020414593360004268,1.1599299851632898
2020-02,1.179409295812195,1.1639018586590537,1.1966830821504841,-0.41775016028873124,1.1987812357225565,-1.9845434330067198,1.103442107862185,0.020414593360004268,1.1599299851632898
2020-03,1.179409295812195,1.1639018586590537,1.1966830821504841,-0.41775016028873124,1.1987812357225565,-1.9845434330067198,1.103442107862185,0.020414593360004268,1.1599299851632898
2020-04,1.179409295812195,1.1639018586590537,1.1966830821504841,-0.41775016028873124,1.1987812357225565,-1.9845434330067198,1.103442107862185,0.020414593360004268,1.1599299851632898
2020-05,1.179409295812195,1.1639018586590537,1.1966830821504841,-0.41775016028873124,1.1987812357225565,-1.9845434330067198,1.103442107862185,0.020414593360004268,1.1599299851632898
2020-06,1.179409295812195,1.1639018586590537,1.1966830821504841,-0.41775016028873124,1.1987812357225565,-1.9845434330067198,1.103442107862185,0.020414593360004268,1.1599299851632898
2020-07,1.179409295812195,1.1639018586590537,1.1966830821504841,-0.41775016028873124,1.1987812357225565,-1.9845434330067198,1.103442107862185,0.020414593360004268,1.1599299851632898
2020-08,1.179409295812195,1.1639018586590537,1.1966830821504841,-0.41775016028873124,1.1987812357225565,-1.9845434330067198,1.103442107862185,0.020414593360004268,1.1599299851632898
2020-09,1.179409295812195,1.1639018586590537,1.1966830821504841,-0.41775016028873124,1.1987812357225565,-1.9845434330067198,1.103442107862185,0.020414593360004268,1.1599299851632898
2020-10,1.179409295812195,1.1639018586590537,1.1966830821504841,-0.41775016028873124,1.1987812357225565,-1.9845434330067198,1.103442107862185,0.020414593360004268,1.1599299851632898
2020-11,1.179409295812195,1.1639018586590537,1.1966830821504841,-0.41775016028873124,1.1987812357225565,-1.9845434330067198,1.103442107862185,0.020414593360004268,1.1599299851632898
2020-12,1.179409295812195,1.1639018586590537,1.1966830821504841,-0.41775016028873124,1.1987812357225565,-1.9845434330067198,1.103442107862185,0.020414593360004268,1.1599299851632898
2021-01,1.1913881413951535,1.1772285045885529,1.2070785646410112,-0.3953702677963649,1.2057915455253587,-1.8049117988384216,1.1211814776722875,0.02788157217920347,1.180033596401267
2021-02,1.2023929187770217,1.189448788567471,1.2166519234940432,-0.3739141165913399,1.2123010280715973,-1.6339884420267259,1.1375447582603369,0.03524342871497564,1.1987308765722944
2021-03,1.2133571811572865,1.2016425527658106,1.2261735102245002,-0.3529418435952882,1.218749383159114,-1.4794211371731287,1.1539554891727952,0.042506227703046205,1.2174650027076972
2021-04,1.2242145751769047,1.2137297574296075,1.2355915066758762,-0.33245332050781706,1.2251120466756762,-1.3398931110321888,1.1703079770339568,0.04967114071793378,1.2361386156950869
2021-05,1.2349707717471712,1.225717125816377,1.2449104930433401,-0.3124401968410726,1.2313915584375412,-1.2138430577234638,1.1866103361069436,0.05673933349929853,1.254757296448729
2021-06,1.245626249536662,1.237604889714797,1.2541311730978786,-0.2928942332565577,1.2375888633370953,-1.0998757831724941,1.2028622087579974,0.0637119626958942,1.2733197536519352
2021-07,1.2561818569729573,1.24939376486757,1.263254509225935,-0.2738071613921105,1.2437049875674113,-0.9967575587508727,1.2190638661671036,0.07059017577186008,1.2918251629284627
2021-08,1.266638411546675,1.2610844291251524,1.2722814387408499,-0.25517069999000724,1.2497409408008393,-0.9033948519586222,1.2352155310201853,0.07737511091865668,1.3102726765619124
2021-09,1.2769967286189965,1.2726775613976553,1.2812128933337115,-0.2369765671697625,1.2556977219805745,-0.8188157223006742,1.2513174279349961,0.0840678969744632,1.3286614564320456
2021-10,1.287257619294322,1.2841738386622037,1.290049797730314,-0.21921649186709574,1.2615763190620415,-0.7421541592364406,1.2673697797247039,0.0906696533507252,1.3469906719858462
2021-11,1.2974218905238006,1.295573936110108,1.2987930697769892,-0.20188222442958226,1.2673777091087177,-0.6726368371785062,1.2833728076922675,0.09718148996559765,1.365259500542841
2021-12,1.3074903450505648,1.3068785270616903,1.3074436204304216,-0.18496554641272706,1.2731028583682606,-0.6095718422526359,1.2993267316246477,0.10360450718404139,1.3834671274421875
2022-01,1.3174637813689247,1.3180882829009999,1.3160023537560082,-0.16845827962087587,1.2787527223507764,-0.5523390196955229,1.3152317698091416,0.10993979576432458,1.4016127461980659
2022-02,1.3273429936846728,1.329203873011195,1.3244701669278154,-0.1523522944317074,1.2843282459078231,-0.5003816637365939,1.3310881390478793,0.11618843681066952,1.4196955586520936
2022-03,1.3371287718778193,1.3402259647123949,1.3328479502302912,-0.1366395174437288,1.2898303633121928,-0.4531993276676316,1.346896054672242,0.12235150173184904,1.4377147751235668
2022-04,1.3468219014672045,1.3511552232014659,1.3411365870614667,-0.12131193848509653,1.2952599983383877,-0.4103415749276043,1.3626557305571068,0.12843005220545908,1.455669614557329
2022-05,1.3564231635772306,1.3619923114939403,1.3493369539381679,-0.10636161701808838,1.3006180643437582,-0.37140252563329323,1.3783673791348856,0.13442514014771195,1.4735593046691902
2022-06,1.3659333349065204,1.372737890367806,1.357449920502596,-0.09178068797431363,1.3059054643502375,-0.3360160794018167,1.3940312114094244,0.14033780768846524,1.4913830820889777
2022-07,1.3753531876984595,1.3833926183095402,1.3654763495305757,-0.07756136705341202,1.3111230911265896,-0.3038517162481353,1.409647436969697,0.14616908715133456,1.5091401925009764
2022-08,1.3846834897135332,1.3939571514615672,1.3734170969411867,-0.0636959555158133,1.3162718272711824,-0.27461079406431893,1.4252162640033381,0.15192000103867756,1.5268298907818099
2022-09,1.3939250042037519,1.4044321435722324,1.3812730118079983,-0.05017684450043165,1.321352545295154,-0.24802327464431245,1.440737899310022,0.15759156202123167,1.5444514411357444
2022-10,1.4030784898883082,1.4148182459468803,1.3890449363714703,-0.03699651889441898,1.3263661077059978,-0.22384482112071408,1.4562125483146395,0.16318477293226616,1.5620041172272545
2022-11,1.4121447009315091,1.4251161074013547,1.3967337060529825,-0.024147560783651767,1.3313133670914576,-0.2018542185718968,1.4716404150803546,0.1687006267659987,1.5794872023108149
2022-12,1.4211243869218952,1.4353263742167732,1.4043401494698882,-0.0116226525081743,1.336195166203752,-0.18185107685527896,1.4870217023214598,0.17414010668017182,1.5968999893580003
2023-01,1.4300182928533063,1.4454496900963172,1.4118650884519306,0.0005854206517152352,1.3410123380440169,-0.1636537807460128,1.5023566114161169,0.17950418600256077,1.6142417811816696
2023-02,1.438827159107209,1.455486696123435,1.4193093380588906,0.012483768135753347,1.3457657059470043,-0.1470976574615247,1.5176453424188845,0.18479382824128474,1.6315118905572716
2023-03,1.447551721436884,1.4654380307219055,1.4266737065992836,0.024079392088397503,1.3504560836658612,-0.13203333582602225,1.5328880940731509,0.19000998709873776,1.6487096403412242
2023-04,1.456192710952789,1.4753043296172663,1.433958995650241,0.03537918564610646,1.3550842754571903,-0.11832527483102102,1.548085063823371,0.19515360648899344,1.6658343635863295
